UserID,SessionID,VisitDate,TrafficSource,DeviceType,Country,LandingPage,PagesViewed,SessionDuration,Bounce,ExitPage,Conversion
10000,S00001,2025-01-13,Social,Mobile,USA,Products,11,238,Yes,Contact,No
10001,S00002,2025-02-14,Email,Desktop,India,Home,12,1126,Yes,Products,Yes
10002,S00003,2025-11-05,Organic,Tablet,USA,Contact,4,1044,No,Products,No
10003,S00004,2025-05-23,Organic,Mobile,Germany,Blog,8,1216,No,Services,Yes
10004,S00005,2025-06-22,Organic,Mobile,Canada,Home,3,450,No,Checkout,No
10005,S00006,2025-05-16,Organic,Tablet,Canada,Pricing,6,1246,Yes,Blog,Yes
10006,S00007,2025-05-31,Email,Desktop,Australia,Products,2,1140,Yes,Home,No
10007,S00008,2025-05-29,Organic,Mobile,India,Blog,11,476,No,Blog,Yes
10008,S00009,2025-07-06,Direct,Desktop,UK,Products,11,1718,No,Contact,Yes
10009,S00010,2025-11-28,Organic,Tablet,Germany,Products,15,1409,Yes,Products,Yes
10010,S00011,2025-05-19,Email,Mobile,Germany,Services,8,787,Yes,Products,Yes
10011,S00012,2025-06-11,Referral,Desktop,India,Products,14,75,No,Products,No
10012,S00013,2025-07-22,Referral,Mobile,UK,Products,11,1032,Yes,Contact,Yes
10013,S00014,2025-05-15,Email,Desktop,Australia,Blog,9,1113,No,Products,Yes
10014,S00015,2025-09-10,Organic,Mobile,India,Products,3,1053,Yes,Checkout,No
10015,S00016,2025-11-02,Organic,Desktop,Canada,Pricing,11,874,No,Pricing,Yes
10016,S00017,2025-01-06,Organic,Tablet,Australia,Checkout,5,1143,No,Checkout,No
10017,S00018,2025-02-27,Social,Desktop,USA,Blog,11,706,Yes,Contact,Yes
10018,S00019,2025-05-15,Email,Mobile,Australia,Home,15,1483,No,Checkout,Yes
10019,S00020,2025-11-08,Direct,Mobile,UK,Checkout,11,1049,Yes,Pricing,Yes
10020,S00021,2025-01-01,Email,Desktop,Canada,Home,13,1096,Yes,Services,Yes
10021,S00022,2025-06-07,Direct,Mobile,USA,Pricing,15,1713,Yes,Home,Yes
10022,S00023,2025-02-05,Email,Mobile,USA,Contact,12,1005,No,Pricing,Yes
10023,S00024,2025-09-28,Email,Desktop,USA,Pricing,3,552,Yes,Contact,No
10024,S00025,2025-12-10,Social,Desktop,Australia,Blog,5,827,Yes,Products,No
10025,S00026,2025-06-23,Organic,Tablet,Australia,Products,4,141,Yes,Home,No
10026,S00027,2025-11-20,Organic,Mobile,India,Home,2,1459,No,Home,No
10027,S00028,2025-05-23,Referral,Mobile,Australia,Products,9,497,No,Products,Yes
10028,S00029,2025-07-28,Direct,Mobile,India,Contact,13,978,No,Services,Yes
10029,S00030,2025-08-28,Organic,Tablet,Germany,Contact,7,851,Yes,Home,Yes
10030,S00031,2025-06-23,Organic,Mobile,USA,Products,7,1501,No,Products,Yes
10031,S00032,2025-05-23,Referral,Mobile,India,Blog,7,385,Yes,Home,Yes
10032,S00033,2025-01-08,Organic,Mobile,USA,Blog,11,1117,No,Blog,Yes
10033,S00034,2025-07-25,Organic,Mobile,Canada,Home,4,1780,No,Services,No
10034,S00035,2025-08-21,Social,Desktop,Germany,Contact,15,1615,No,Products,Yes
10035,S00036,2025-04-22,Organic,Tablet,Germany,Pricing,4,617,Yes,Contact,No
10036,S00037,2025-01-26,Email,Desktop,Australia,Checkout,6,127,Yes,Home,No
10037,S00038,2025-04-06,Organic,Tablet,India,Contact,9,174,Yes,Blog,No
10038,S00039,2025-05-07,Email,Tablet,India,Pricing,2,1176,Yes,Blog,No
10039,S00040,2025-10-17,Email,Desktop,UK,Products,11,1205,No,Products,Yes
10040,S00041,2025-03-09,Social,Desktop,UK,Checkout,5,820,Yes,Home,No
10041,S00042,2025-10-16,Organic,Mobile,Australia,Products,8,1282,No,Products,Yes
10042,S00043,2025-02-05,Direct,Desktop,UK,Products,15,724,No,Checkout,Yes
10043,S00044,2025-06-04,Email,Tablet,Australia,Home,9,1450,No,Contact,Yes
10044,S00045,2025-05-16,Organic,Mobile,Germany,Pricing,2,285,Yes,Services,No
10045,S00046,2025-04-18,Social,Mobile,Germany,Contact,5,1248,No,Pricing,No
10046,S00047,2025-01-27,Organic,Tablet,Canada,Checkout,8,524,No,Home,Yes
10047,S00048,2025-03-08,Social,Mobile,Germany,Blog,1,693,Yes,Pricing,No
10048,S00049,2025-10-15,Organic,Mobile,India,Contact,12,885,Yes,Pricing,Yes
10049,S00050,2025-07-09,Email,Tablet,USA,Blog,1,1719,Yes,Products,No
10050,S00051,2025-07-06,Organic,Desktop,USA,Contact,1,641,Yes,Products,No
10051,S00052,2025-07-01,Email,Desktop,Australia,Contact,11,220,Yes,Products,No
10052,S00053,2025-04-01,Referral,Mobile,USA,Contact,14,342,No,Checkout,Yes
10053,S00054,2025-12-09,Direct,Desktop,USA,Checkout,15,853,Yes,Blog,Yes
10054,S00055,2025-08-29,Direct,Mobile,Canada,Services,14,89,No,Checkout,No
10055,S00056,2025-04-27,Direct,Mobile,Germany,Products,13,1794,No,Services,Yes
10056,S00057,2025-02-05,Social,Desktop,Germany,Pricing,5,1780,No,Contact,No
10057,S00058,2025-06-19,Organic,Mobile,UK,Products,14,1108,No,Home,Yes
10058,S00059,2025-08-11,Social,Tablet,UK,Blog,2,1231,Yes,Blog,No
10059,S00060,2025-04-08,Social,Mobile,Germany,Blog,15,1190,Yes,Pricing,Yes
10060,S00061,2025-10-03,Direct,Desktop,Canada,Home,15,1661,No,Pricing,Yes
10061,S00062,2025-03-05,Social,Tablet,UK,Contact,6,1368,No,Services,Yes
10062,S00063,2025-06-01,Email,Mobile,USA,Blog,7,1437,No,Contact,Yes
10063,S00064,2025-11-12,Email,Desktop,Canada,Pricing,12,366,Yes,Services,Yes
10064,S00065,2025-08-09,Email,Tablet,Germany,Services,5,440,No,Blog,No
10065,S00066,2025-04-20,Email,Desktop,Germany,Products,8,1393,Yes,Services,Yes
10066,S00067,2025-11-21,Email,Desktop,India,Checkout,9,1369,Yes,Contact,Yes
10067,S00068,2025-04-12,Direct,Mobile,India,Products,5,470,No,Pricing,No
10068,S00069,2025-02-07,Referral,Desktop,Germany,Pricing,14,1583,Yes,Contact,Yes
10069,S00070,2025-09-11,Referral,Mobile,USA,Contact,12,796,Yes,Checkout,Yes
10070,S00071,2025-02-24,Referral,Mobile,USA,Checkout,14,1587,No,Home,Yes
10071,S00072,2025-03-04,Referral,Mobile,Canada,Contact,9,520,No,Checkout,Yes
10072,S00073,2025-11-10,Email,Desktop,Australia,Blog,15,916,Yes,Contact,Yes
10073,S00074,2025-08-19,Social,Mobile,Germany,Services,14,982,No,Contact,Yes
10074,S00075,2025-08-14,Organic,Tablet,UK,Products,4,572,No,Services,No
10075,S00076,2025-02-11,Direct,Mobile,USA,Blog,6,1116,Yes,Contact,Yes
10076,S00077,2025-08-01,Referral,Desktop,Australia,Blog,4,141,No,Home,No
10077,S00078,2025-08-04,Referral,Tablet,Germany,Home,4,1715,No,Blog,No
10078,S00079,2025-06-02,Referral,Desktop,Australia,Contact,1,730,Yes,Contact,No
10079,S00080,2025-11-05,Direct,Desktop,USA,Services,9,1648,No,Blog,Yes
10080,S00081,2025-06-22,Referral,Tablet,USA,Checkout,1,806,Yes,Blog,No
10081,S00082,2025-11-15,Email,Mobile,Canada,Pricing,15,271,Yes,Home,No
10082,S00083,2025-03-11,Referral,Mobile,India,Services,11,887,No,Services,Yes
10083,S00084,2025-06-17,Social,Desktop,UK,Checkout,4,941,No,Services,No
10084,S00085,2025-08-29,Organic,Tablet,Australia,Home,14,177,No,Products,No
10085,S00086,2025-11-30,Organic,Mobile,USA,Products,11,150,Yes,Pricing,No
10086,S00087,2025-03-06,Referral,Tablet,India,Pricing,3,498,Yes,Blog,No
10087,S00088,2025-07-08,Direct,Tablet,Australia,Contact,12,534,Yes,Checkout,Yes
10088,S00089,2025-06-09,Organic,Tablet,India,Services,14,345,No,Blog,Yes
10089,S00090,2025-02-08,Email,Tablet,Germany,Products,12,416,Yes,Contact,Yes
10090,S00091,2025-12-17,Email,Mobile,Australia,Checkout,13,627,Yes,Services,Yes
10091,S00092,2025-12-05,Social,Mobile,Australia,Contact,9,887,No,Home,Yes
10092,S00093,2025-09-08,Organic,Desktop,UK,Contact,14,870,No,Contact,Yes
10093,S00094,2025-04-01,Email,Tablet,UK,Pricing,3,901,No,Blog,No
10094,S00095,2025-10-31,Social,Desktop,USA,Checkout,7,1701,Yes,Services,Yes
10095,S00096,2025-05-05,Referral,Tablet,Australia,Contact,15,933,No,Services,Yes
10096,S00097,2025-06-16,Direct,Desktop,USA,Services,1,1022,Yes,Checkout,No
10097,S00098,2025-05-24,Email,Tablet,UK,Pricing,5,707,Yes,Pricing,No
10098,S00099,2025-05-04,Referral,Desktop,Australia,Checkout,4,185,Yes,Contact,No
10099,S00100,2025-12-31,Referral,Desktop,India,Home,8,1332,No,Products,Yes
10100,S00101,2025-05-05,Social,Tablet,Australia,Services,7,1426,No,Pricing,Yes
10101,S00102,2025-08-06,Email,Desktop,UK,Contact,9,714,No,Services,Yes
10102,S00103,2025-04-29,Organic,Tablet,USA,Services,5,524,Yes,Contact,No
10103,S00104,2025-12-20,Direct,Mobile,USA,Contact,9,1570,No,Services,Yes
10104,S00105,2025-09-26,Email,Desktop,India,Checkout,12,1217,Yes,Services,Yes
10105,S00106,2025-04-02,Social,Mobile,Germany,Pricing,4,749,Yes,Services,No
10106,S00107,2025-10-11,Social,Tablet,USA,Contact,1,121,Yes,Checkout,No
10107,S00108,2025-02-22,Organic,Tablet,UK,Blog,13,1015,No,Blog,Yes
10108,S00109,2025-01-27,Social,Desktop,India,Checkout,6,387,Yes,Blog,Yes
10109,S00110,2025-10-23,Organic,Mobile,USA,Checkout,8,161,No,Home,No
10110,S00111,2025-10-13,Referral,Tablet,Australia,Checkout,4,252,Yes,Checkout,No
10111,S00112,2025-08-19,Referral,Desktop,Australia,Blog,9,789,No,Pricing,Yes
10112,S00113,2025-11-09,Organic,Mobile,Germany,Products,10,133,No,Contact,No
10113,S00114,2025-05-03,Direct,Tablet,India,Products,2,331,Yes,Blog,No
10114,S00115,2025-11-01,Referral,Desktop,India,Products,8,1421,No,Contact,Yes
10115,S00116,2025-08-21,Organic,Tablet,USA,Services,5,1449,Yes,Blog,No
10116,S00117,2025-04-26,Direct,Desktop,USA,Home,2,1125,Yes,Products,No
10117,S00118,2025-11-01,Email,Desktop,Canada,Home,13,639,No,Contact,Yes
10118,S00119,2025-07-26,Social,Tablet,Australia,Blog,5,1443,No,Home,No
10119,S00120,2025-08-10,Social,Tablet,UK,Home,10,91,Yes,Products,No
10120,S00121,2025-10-22,Email,Mobile,Germany,Checkout,11,1722,No,Pricing,Yes
10121,S00122,2025-03-31,Referral,Tablet,Germany,Blog,1,1572,Yes,Services,No
10122,S00123,2025-08-12,Referral,Mobile,Canada,Services,3,1208,No,Services,No
10123,S00124,2025-02-23,Direct,Desktop,Canada,Contact,6,1382,No,Services,Yes
10124,S00125,2025-10-09,Organic,Desktop,India,Services,11,830,No,Services,Yes
10125,S00126,2025-07-26,Email,Mobile,Germany,Checkout,2,1592,No,Blog,No
10126,S00127,2025-09-23,Social,Tablet,Canada,Contact,1,394,Yes,Blog,No
10127,S00128,2025-04-15,Social,Tablet,USA,Services,13,115,No,Contact,No
10128,S00129,2025-01-15,Email,Mobile,Germany,Products,8,258,No,Pricing,No
10129,S00130,2025-07-28,Organic,Mobile,India,Blog,1,1141,Yes,Home,No
10130,S00131,2025-03-20,Referral,Tablet,UK,Pricing,11,1714,No,Blog,Yes
10131,S00132,2025-08-30,Direct,Desktop,Australia,Products,14,998,No,Products,Yes
10132,S00133,2025-09-18,Direct,Mobile,UK,Checkout,15,1237,No,Services,Yes
10133,S00134,2025-09-17,Social,Mobile,UK,Contact,15,1623,No,Checkout,Yes
10134,S00135,2025-12-04,Referral,Mobile,Canada,Pricing,10,1197,No,Services,Yes
10135,S00136,2025-10-06,Referral,Desktop,UK,Checkout,6,1140,Yes,Contact,Yes
10136,S00137,2025-07-16,Direct,Desktop,India,Services,4,1181,No,Contact,No
10137,S00138,2025-07-15,Referral,Tablet,Germany,Products,15,1671,No,Home,Yes
10138,S00139,2025-10-30,Social,Mobile,Canada,Home,3,1038,No,Home,No
10139,S00140,2025-07-29,Direct,Mobile,Canada,Checkout,12,305,No,Services,Yes
10140,S00141,2025-07-23,Organic,Desktop,Germany,Checkout,10,1428,No,Services,Yes
10141,S00142,2025-09-07,Email,Mobile,Australia,Home,11,1481,Yes,Contact,Yes
10142,S00143,2025-04-27,Organic,Desktop,India,Checkout,11,598,Yes,Blog,Yes
10143,S00144,2025-06-03,Organic,Mobile,UK,Checkout,3,1431,Yes,Services,No
10144,S00145,2025-08-09,Direct,Mobile,Australia,Blog,6,777,Yes,Products,Yes
10145,S00146,2025-11-09,Referral,Tablet,Germany,Products,3,171,No,Pricing,No
10146,S00147,2025-08-25,Social,Desktop,UK,Contact,3,485,Yes,Checkout,No
10147,S00148,2025-12-13,Email,Mobile,India,Blog,8,599,No,Pricing,Yes
10148,S00149,2025-08-06,Social,Desktop,UK,Products,5,1318,No,Checkout,No
10149,S00150,2025-05-02,Referral,Tablet,UK,Pricing,8,228,No,Contact,No
10150,S00151,2025-12-04,Referral,Desktop,India,Pricing,5,54,Yes,Pricing,No
10151,S00152,2025-05-27,Direct,Tablet,UK,Products,12,1027,Yes,Pricing,Yes
10152,S00153,2025-12-04,Direct,Tablet,India,Contact,5,1398,Yes,Services,No
10153,S00154,2025-01-18,Email,Desktop,Germany,Products,13,912,Yes,Services,Yes
10154,S00155,2025-08-01,Direct,Mobile,USA,Checkout,6,1540,No,Pricing,Yes
10155,S00156,2025-03-26,Social,Desktop,UK,Contact,9,568,No,Checkout,Yes
10156,S00157,2025-02-08,Direct,Mobile,Germany,Contact,2,969,No,Checkout,No
10157,S00158,2025-07-07,Organic,Desktop,India,Services,13,1151,Yes,Blog,Yes
10158,S00159,2025-12-11,Social,Tablet,Canada,Checkout,6,1387,No,Home,Yes
10159,S00160,2025-08-30,Organic,Tablet,Australia,Services,11,488,Yes,Contact,Yes
10160,S00161,2025-08-26,Social,Tablet,Canada,Home,2,1311,Yes,Home,No
10161,S00162,2025-09-10,Organic,Mobile,USA,Pricing,1,633,Yes,Products,No
10162,S00163,2025-07-09,Email,Desktop,Australia,Contact,7,939,Yes,Blog,Yes
10163,S00164,2025-09-08,Email,Desktop,UK,Home,11,212,No,Products,No
10164,S00165,2025-05-01,Social,Mobile,Germany,Services,8,920,No,Home,Yes
10165,S00166,2025-04-08,Organic,Desktop,India,Contact,7,575,Yes,Contact,Yes
10166,S00167,2025-01-11,Organic,Desktop,USA,Products,11,1232,Yes,Home,Yes
10167,S00168,2025-10-11,Direct,Tablet,USA,Checkout,14,1577,Yes,Services,Yes
10168,S00169,2025-11-02,Organic,Desktop,USA,Products,13,312,No,Checkout,Yes
10169,S00170,2025-12-05,Organic,Mobile,India,Services,3,235,Yes,Pricing,No
10170,S00171,2025-03-31,Social,Mobile,USA,Contact,6,42,No,Pricing,No
10171,S00172,2025-02-02,Referral,Desktop,UK,Pricing,2,1537,Yes,Blog,No
10172,S00173,2025-11-11,Organic,Tablet,Germany,Pricing,9,463,No,Blog,Yes
10173,S00174,2025-02-01,Referral,Desktop,Canada,Contact,11,73,Yes,Blog,No
10174,S00175,2025-02-07,Organic,Desktop,Australia,Products,12,918,Yes,Products,Yes
10175,S00176,2025-11-21,Email,Tablet,Germany,Services,5,1288,No,Pricing,No
10176,S00177,2025-08-21,Email,Tablet,Canada,Home,9,613,Yes,Checkout,Yes
10177,S00178,2025-10-10,Direct,Desktop,Canada,Products,11,1343,No,Services,Yes
10178,S00179,2025-07-24,Referral,Tablet,India,Services,14,938,No,Services,Yes
10179,S00180,2025-07-11,Direct,Tablet,Canada,Home,11,532,Yes,Checkout,Yes
10180,S00181,2025-08-10,Organic,Tablet,Germany,Services,2,200,Yes,Pricing,No
10181,S00182,2025-10-15,Email,Desktop,Germany,Home,1,1211,Yes,Blog,No
10182,S00183,2025-12-07,Referral,Tablet,India,Services,6,1799,No,Services,Yes
10183,S00184,2025-09-17,Direct,Mobile,Germany,Blog,2,1193,Yes,Checkout,No
10184,S00185,2025-10-12,Social,Mobile,UK,Pricing,2,727,Yes,Checkout,No
10185,S00186,2025-10-15,Email,Tablet,Germany,Contact,7,1740,Yes,Pricing,Yes
10186,S00187,2025-12-22,Social,Mobile,USA,Services,15,1357,No,Services,Yes
10187,S00188,2025-04-03,Direct,Tablet,Germany,Blog,6,22,Yes,Products,No
10188,S00189,2025-01-16,Organic,Tablet,Australia,Products,12,1306,No,Blog,Yes
10189,S00190,2025-03-22,Social,Desktop,Germany,Services,8,708,Yes,Home,Yes
10190,S00191,2025-11-13,Organic,Tablet,India,Services,3,332,No,Contact,No
10191,S00192,2025-11-07,Referral,Desktop,UK,Products,7,1004,Yes,Services,Yes
10192,S00193,2025-05-26,Email,Desktop,Australia,Contact,7,237,No,Home,No
10193,S00194,2025-11-03,Organic,Mobile,USA,Services,4,819,Yes,Checkout,No
10194,S00195,2025-05-11,Social,Desktop,India,Home,3,1575,No,Contact,No
10195,S00196,2025-03-08,Referral,Tablet,Germany,Products,7,369,No,Home,Yes
10196,S00197,2025-01-22,Referral,Mobile,Canada,Home,7,1774,No,Pricing,Yes
10197,S00198,2025-07-27,Referral,Desktop,India,Blog,7,1184,Yes,Services,Yes
10198,S00199,2025-11-13,Referral,Tablet,UK,Home,3,1651,No,Checkout,No
10199,S00200,2025-08-12,Email,Desktop,Australia,Home,2,508,No,Checkout,No
10200,S00201,2025-06-23,Direct,Desktop,USA,Home,5,1537,Yes,Pricing,No
10201,S00202,2025-06-28,Social,Tablet,Germany,Checkout,9,407,Yes,Products,Yes
10202,S00203,2025-05-12,Direct,Mobile,Australia,Products,2,309,Yes,Products,No
10203,S00204,2025-09-10,Referral,Tablet,Australia,Blog,13,1296,No,Checkout,Yes
10204,S00205,2025-03-19,Referral,Mobile,Canada,Blog,11,657,No,Checkout,Yes
10205,S00206,2025-01-29,Social,Tablet,India,Services,5,1221,No,Blog,No
10206,S00207,2025-07-08,Social,Mobile,Germany,Checkout,1,126,Yes,Checkout,No
10207,S00208,2025-11-01,Email,Desktop,Canada,Pricing,2,1269,Yes,Blog,No
10208,S00209,2025-10-20,Direct,Desktop,Australia,Blog,15,1668,Yes,Home,Yes
10209,S00210,2025-06-25,Organic,Tablet,Germany,Products,8,221,Yes,Products,No
10210,S00211,2025-08-13,Email,Tablet,Australia,Products,12,906,No,Services,Yes
10211,S00212,2025-07-18,Referral,Desktop,Germany,Pricing,15,589,Yes,Checkout,Yes
10212,S00213,2025-06-21,Organic,Desktop,India,Pricing,11,1335,No,Services,Yes
10213,S00214,2025-12-03,Email,Mobile,UK,Home,5,1492,Yes,Services,No
10214,S00215,2025-12-24,Referral,Mobile,Australia,Contact,5,1353,Yes,Services,No
10215,S00216,2025-11-26,Social,Mobile,Germany,Contact,9,781,Yes,Contact,Yes
10216,S00217,2025-09-18,Social,Mobile,UK,Services,11,877,Yes,Products,Yes
10217,S00218,2025-09-06,Direct,Mobile,USA,Products,6,1579,Yes,Services,Yes
10218,S00219,2025-02-21,Email,Tablet,Germany,Pricing,14,1624,Yes,Contact,Yes
10219,S00220,2025-11-13,Direct,Tablet,Canada,Products,6,1579,Yes,Products,Yes
10220,S00221,2025-11-16,Direct,Tablet,Canada,Home,14,1428,No,Services,Yes
10221,S00222,2025-05-02,Referral,Tablet,UK,Checkout,11,1483,No,Products,Yes
10222,S00223,2025-06-08,Referral,Mobile,UK,Contact,9,499,No,Blog,Yes
10223,S00224,2025-07-15,Email,Tablet,Canada,Products,13,587,Yes,Checkout,Yes
10224,S00225,2025-05-09,Organic,Tablet,Canada,Checkout,10,293,No,Pricing,No
10225,S00226,2025-12-31,Email,Mobile,UK,Home,15,220,Yes,Services,No
10226,S00227,2025-03-17,Referral,Mobile,USA,Checkout,8,1061,No,Services,Yes
10227,S00228,2025-08-01,Organic,Desktop,Australia,Services,15,64,Yes,Blog,No
10228,S00229,2025-04-25,Organic,Desktop,India,Checkout,2,777,No,Checkout,No
10229,S00230,2025-01-20,Social,Desktop,Germany,Checkout,3,291,Yes,Checkout,No
10230,S00231,2025-08-18,Email,Mobile,India,Home,12,970,No,Products,Yes
10231,S00232,2025-10-08,Email,Tablet,Canada,Home,14,316,No,Products,Yes
10232,S00233,2025-01-25,Direct,Desktop,Germany,Checkout,5,259,No,Home,No
10233,S00234,2025-09-13,Email,Tablet,India,Contact,2,1723,Yes,Contact,No
10234,S00235,2025-08-08,Organic,Tablet,UK,Products,3,606,No,Products,No
10235,S00236,2025-02-13,Email,Desktop,India,Pricing,11,1378,Yes,Blog,Yes
10236,S00237,2025-01-23,Referral,Desktop,UK,Contact,14,972,Yes,Services,Yes
10237,S00238,2025-06-26,Direct,Tablet,Germany,Contact,13,148,Yes,Checkout,No
10238,S00239,2025-06-20,Direct,Mobile,UK,Pricing,10,1515,No,Checkout,Yes
10239,S00240,2025-12-17,Referral,Tablet,Canada,Contact,11,368,Yes,Checkout,Yes
10240,S00241,2025-08-23,Organic,Desktop,USA,Home,3,139,Yes,Home,No
10241,S00242,2025-09-21,Referral,Tablet,Canada,Services,6,645,Yes,Checkout,Yes
10242,S00243,2025-05-27,Social,Mobile,Germany,Services,11,401,No,Home,Yes
10243,S00244,2025-08-12,Referral,Tablet,Canada,Blog,13,763,No,Products,Yes
10244,S00245,2025-09-12,Social,Tablet,UK,Checkout,8,1427,Yes,Contact,Yes
10245,S00246,2025-08-09,Email,Mobile,Australia,Services,7,171,No,Home,No
10246,S00247,2025-12-05,Social,Desktop,Canada,Pricing,2,681,No,Products,No
10247,S00248,2025-06-29,Referral,Mobile,Germany,Checkout,12,919,No,Pricing,Yes
10248,S00249,2025-11-24,Organic,Mobile,Germany,Contact,7,572,No,Services,Yes
10249,S00250,2025-12-14,Direct,Mobile,USA,Checkout,9,1650,No,Home,Yes
10250,S00251,2025-05-01,Social,Desktop,Canada,Pricing,3,147,Yes,Pricing,No
10251,S00252,2025-08-19,Social,Desktop,Canada,Checkout,3,1400,Yes,Pricing,No
10252,S00253,2025-07-07,Referral,Desktop,Germany,Services,3,1094,Yes,Home,No
10253,S00254,2025-04-06,Referral,Tablet,Canada,Pricing,1,1516,Yes,Home,No
10254,S00255,2025-05-14,Referral,Mobile,Australia,Services,5,1597,No,Products,No
10255,S00256,2025-02-07,Referral,Mobile,Germany,Blog,2,287,Yes,Checkout,No
10256,S00257,2025-06-13,Social,Tablet,India,Pricing,11,1741,No,Services,Yes
10257,S00258,2025-12-31,Direct,Desktop,Australia,Products,14,332,Yes,Products,Yes
10258,S00259,2025-05-02,Referral,Mobile,UK,Pricing,13,294,No,Blog,No
10259,S00260,2025-03-08,Email,Mobile,India,Services,13,1139,No,Contact,Yes
10260,S00261,2025-09-27,Referral,Desktop,Australia,Home,12,990,Yes,Services,Yes
10261,S00262,2025-08-19,Referral,Tablet,Australia,Services,11,161,Yes,Checkout,No
10262,S00263,2025-11-24,Email,Mobile,USA,Blog,13,1139,Yes,Checkout,Yes
10263,S00264,2025-03-20,Social,Mobile,USA,Services,2,1071,Yes,Services,No
10264,S00265,2025-02-10,Social,Mobile,Germany,Pricing,9,591,No,Products,Yes
10265,S00266,2025-11-11,Email,Mobile,Australia,Contact,11,630,Yes,Pricing,Yes
10266,S00267,2025-03-29,Email,Tablet,Australia,Services,10,325,Yes,Checkout,Yes
10267,S00268,2025-02-11,Organic,Tablet,Australia,Services,14,68,Yes,Checkout,No
10268,S00269,2025-11-13,Organic,Desktop,Germany,Pricing,10,863,No,Contact,Yes
10269,S00270,2025-05-06,Referral,Desktop,Canada,Home,5,999,Yes,Products,No
10270,S00271,2025-09-05,Referral,Mobile,UK,Pricing,8,861,Yes,Services,Yes
10271,S00272,2025-06-13,Social,Desktop,USA,Checkout,14,1481,No,Pricing,Yes
10272,S00273,2025-06-13,Direct,Desktop,India,Services,9,227,No,Products,No
10273,S00274,2025-01-26,Social,Desktop,Australia,Blog,3,208,Yes,Checkout,No
10274,S00275,2025-06-17,Email,Tablet,UK,Products,15,337,Yes,Blog,Yes
10275,S00276,2025-09-13,Social,Desktop,India,Home,9,966,No,Pricing,Yes
10276,S00277,2025-04-21,Email,Desktop,India,Home,8,503,No,Blog,Yes
10277,S00278,2025-12-01,Referral,Desktop,Australia,Home,10,1736,Yes,Blog,Yes
10278,S00279,2025-07-07,Referral,Desktop,India,Blog,3,551,Yes,Pricing,No
10279,S00280,2025-07-05,Email,Desktop,India,Blog,9,408,No,Checkout,Yes
10280,S00281,2025-11-16,Email,Mobile,USA,Home,9,582,No,Services,Yes
10281,S00282,2025-10-13,Social,Mobile,USA,Pricing,13,704,No,Pricing,Yes
10282,S00283,2025-01-20,Direct,Tablet,UK,Checkout,1,102,Yes,Blog,No
10283,S00284,2025-03-18,Email,Tablet,USA,Services,9,945,No,Products,Yes
10284,S00285,2025-06-03,Email,Desktop,Australia,Checkout,7,1272,No,Contact,Yes
10285,S00286,2025-09-01,Organic,Desktop,UK,Contact,10,623,Yes,Blog,Yes
10286,S00287,2025-12-19,Organic,Tablet,Canada,Services,10,640,Yes,Contact,Yes
10287,S00288,2025-09-03,Direct,Tablet,Germany,Contact,1,1205,Yes,Pricing,No
10288,S00289,2025-07-14,Direct,Tablet,USA,Home,13,1732,Yes,Products,Yes
10289,S00290,2025-06-10,Referral,Mobile,Canada,Contact,1,913,Yes,Products,No
10290,S00291,2025-11-10,Referral,Tablet,Germany,Home,7,1037,Yes,Pricing,Yes
10291,S00292,2025-06-16,Referral,Tablet,Canada,Services,4,1158,Yes,Blog,No
10292,S00293,2025-06-25,Email,Desktop,Germany,Checkout,15,1101,No,Pricing,Yes
10293,S00294,2025-05-07,Social,Tablet,UK,Products,8,403,No,Checkout,Yes
10294,S00295,2025-04-17,Referral,Desktop,Canada,Services,5,1453,No,Services,No
10295,S00296,2025-12-13,Email,Desktop,Canada,Checkout,2,1184,No,Checkout,No
10296,S00297,2025-05-29,Organic,Desktop,Germany,Home,13,309,No,Blog,Yes
10297,S00298,2025-09-03,Direct,Mobile,Australia,Services,11,535,No,Products,Yes
10298,S00299,2025-10-28,Direct,Mobile,India,Contact,2,1270,Yes,Contact,No
10299,S00300,2025-02-21,Referral,Desktop,Germany,Blog,4,117,Yes,Contact,No
10300,S00301,2025-01-03,Email,Mobile,Canada,Contact,13,291,No,Blog,No
10301,S00302,2025-05-28,Social,Desktop,Germany,Home,11,418,Yes,Contact,Yes
10302,S00303,2025-10-01,Organic,Mobile,Canada,Checkout,10,485,Yes,Home,Yes
10303,S00304,2025-09-11,Direct,Tablet,UK,Home,14,823,Yes,Services,Yes
10304,S00305,2025-02-24,Social,Desktop,Canada,Contact,10,1244,No,Products,Yes
10305,S00306,2025-08-28,Social,Mobile,India,Services,14,1042,Yes,Contact,Yes
10306,S00307,2025-05-12,Direct,Mobile,Germany,Services,8,1337,No,Pricing,Yes
10307,S00308,2025-04-09,Direct,Tablet,Germany,Blog,11,1560,No,Pricing,Yes
10308,S00309,2025-07-25,Organic,Mobile,USA,Blog,6,187,No,Products,No
10309,S00310,2025-07-16,Direct,Desktop,UK,Services,1,544,Yes,Services,No
10310,S00311,2025-10-21,Organic,Desktop,Germany,Services,10,1490,Yes,Home,Yes
10311,S00312,2025-08-27,Social,Mobile,Canada,Contact,11,252,No,Contact,No
10312,S00313,2025-06-01,Social,Tablet,USA,Products,2,1318,Yes,Blog,No
10313,S00314,2025-11-07,Social,Desktop,Germany,Pricing,3,941,No,Checkout,No
10314,S00315,2025-12-07,Direct,Mobile,Germany,Checkout,9,1652,Yes,Pricing,Yes
10315,S00316,2025-12-27,Social,Mobile,Australia,Home,8,1091,Yes,Checkout,Yes
10316,S00317,2025-04-14,Email,Tablet,USA,Products,9,1045,No,Checkout,Yes
10317,S00318,2025-03-01,Direct,Tablet,Australia,Blog,9,914,Yes,Pricing,Yes
10318,S00319,2025-01-29,Referral,Mobile,Australia,Blog,8,1666,No,Pricing,Yes
10319,S00320,2025-08-25,Social,Tablet,India,Blog,1,1154,Yes,Services,No
10320,S00321,2025-04-22,Email,Mobile,India,Blog,14,16,No,Contact,No
10321,S00322,2025-01-31,Organic,Desktop,India,Services,2,1118,No,Products,No
10322,S00323,2025-11-25,Referral,Desktop,Canada,Blog,13,287,No,Blog,No
10323,S00324,2025-12-05,Email,Mobile,Germany,Checkout,2,1408,No,Home,No
10324,S00325,2025-07-21,Email,Mobile,Germany,Products,3,1110,Yes,Checkout,No
10325,S00326,2025-08-26,Email,Desktop,Australia,Blog,1,621,Yes,Checkout,No
10326,S00327,2025-08-24,Social,Mobile,UK,Products,4,516,Yes,Home,No
10327,S00328,2025-08-03,Email,Mobile,USA,Products,13,1362,Yes,Home,Yes
10328,S00329,2025-08-17,Email,Tablet,Germany,Checkout,10,78,Yes,Products,No
10329,S00330,2025-07-25,Referral,Mobile,Australia,Products,12,100,Yes,Products,No
10330,S00331,2025-04-30,Email,Desktop,Australia,Pricing,9,602,No,Products,Yes
10331,S00332,2025-12-05,Email,Mobile,Canada,Services,5,303,No,Home,No
10332,S00333,2025-03-31,Referral,Tablet,Canada,Home,9,1221,No,Contact,Yes
10333,S00334,2025-09-26,Social,Tablet,Canada,Blog,11,790,Yes,Services,Yes
10334,S00335,2025-10-03,Referral,Mobile,USA,Services,7,386,Yes,Checkout,Yes
10335,S00336,2025-10-15,Referral,Desktop,Australia,Pricing,8,128,Yes,Blog,No
10336,S00337,2025-04-15,Social,Tablet,India,Blog,4,532,No,Home,No
10337,S00338,2025-04-08,Organic,Desktop,Canada,Contact,9,1493,Yes,Checkout,Yes
10338,S00339,2025-10-28,Email,Mobile,Canada,Products,2,395,No,Services,No
10339,S00340,2025-04-19,Direct,Tablet,India,Contact,15,41,No,Products,No
10340,S00341,2025-12-27,Direct,Desktop,USA,Pricing,12,1247,No,Checkout,Yes
10341,S00342,2025-08-27,Email,Tablet,UK,Services,5,789,No,Services,No
10342,S00343,2025-08-27,Organic,Tablet,Canada,Checkout,9,1028,No,Products,Yes
10343,S00344,2025-07-31,Organic,Tablet,USA,Contact,6,650,Yes,Home,Yes
10344,S00345,2025-10-27,Email,Tablet,Canada,Services,5,1143,Yes,Products,No
10345,S00346,2025-07-14,Email,Mobile,Canada,Pricing,6,481,No,Services,Yes
10346,S00347,2025-09-08,Referral,Desktop,USA,Contact,13,1692,No,Products,Yes
10347,S00348,2025-10-07,Referral,Mobile,Australia,Contact,3,1485,Yes,Pricing,No
10348,S00349,2025-02-08,Organic,Mobile,Canada,Products,1,1728,Yes,Checkout,No
10349,S00350,2025-02-04,Direct,Mobile,USA,Pricing,11,483,No,Services,Yes
10350,S00351,2025-11-23,Email,Desktop,Germany,Blog,1,1275,Yes,Home,No
10351,S00352,2025-10-10,Referral,Mobile,India,Pricing,1,1099,Yes,Contact,No
10352,S00353,2025-05-27,Organic,Tablet,Germany,Contact,5,1107,No,Checkout,No
10353,S00354,2025-02-24,Organic,Tablet,USA,Products,15,377,Yes,Pricing,Yes
10354,S00355,2025-07-01,Social,Desktop,India,Services,9,526,No,Blog,Yes
10355,S00356,2025-12-23,Direct,Desktop,Germany,Checkout,10,508,Yes,Contact,Yes
10356,S00357,2025-01-17,Organic,Desktop,Canada,Blog,14,1340,No,Home,Yes
10357,S00358,2025-12-26,Direct,Mobile,Canada,Checkout,11,29,No,Contact,No
10358,S00359,2025-10-17,Organic,Tablet,India,Products,13,688,Yes,Checkout,Yes
10359,S00360,2025-09-01,Social,Mobile,India,Contact,12,1170,No,Pricing,Yes
10360,S00361,2025-01-17,Direct,Desktop,India,Products,10,1357,Yes,Checkout,Yes
10361,S00362,2025-07-23,Organic,Desktop,USA,Pricing,14,1469,Yes,Pricing,Yes
10362,S00363,2025-07-19,Email,Desktop,Canada,Checkout,14,1749,Yes,Checkout,Yes
10363,S00364,2025-02-10,Email,Tablet,UK,Home,12,1493,Yes,Blog,Yes
10364,S00365,2025-02-08,Social,Tablet,Australia,Pricing,4,1727,No,Checkout,No
10365,S00366,2025-11-21,Social,Desktop,Canada,Products,6,70,No,Pricing,No
10366,S00367,2025-04-06,Email,Tablet,Canada,Home,7,894,No,Checkout,Yes
10367,S00368,2025-02-07,Organic,Desktop,USA,Blog,4,1470,Yes,Contact,No
10368,S00369,2025-07-04,Organic,Mobile,India,Services,7,658,No,Services,Yes
10369,S00370,2025-02-22,Direct,Mobile,USA,Blog,13,562,No,Pricing,Yes
10370,S00371,2025-07-28,Organic,Mobile,India,Services,9,1059,Yes,Pricing,Yes
10371,S00372,2025-06-16,Referral,Mobile,UK,Blog,10,1616,No,Checkout,Yes
10372,S00373,2025-10-14,Direct,Tablet,Australia,Products,2,1494,No,Products,No
10373,S00374,2025-06-04,Social,Desktop,USA,Home,3,560,Yes,Blog,No
10374,S00375,2025-06-03,Referral,Mobile,UK,Services,5,872,Yes,Contact,No
10375,S00376,2025-11-01,Email,Mobile,Canada,Home,11,1025,Yes,Services,Yes
10376,S00377,2025-06-20,Email,Desktop,UK,Blog,1,820,Yes,Services,No
10377,S00378,2025-11-30,Email,Mobile,UK,Services,7,1680,Yes,Blog,Yes
10378,S00379,2025-07-23,Social,Desktop,Germany,Contact,6,373,No,Pricing,Yes
10379,S00380,2025-06-16,Referral,Desktop,Canada,Services,13,506,Yes,Pricing,Yes
10380,S00381,2025-10-07,Direct,Tablet,Australia,Home,4,1222,No,Contact,No
10381,S00382,2025-05-30,Organic,Desktop,Germany,Blog,4,907,Yes,Contact,No
10382,S00383,2025-05-10,Direct,Tablet,Canada,Checkout,5,505,No,Home,No
10383,S00384,2025-09-03,Email,Desktop,Australia,Pricing,8,1234,No,Pricing,Yes
10384,S00385,2025-07-04,Email,Tablet,Germany,Home,1,1629,Yes,Home,No
10385,S00386,2025-12-03,Social,Mobile,Germany,Pricing,13,518,Yes,Pricing,Yes
10386,S00387,2025-11-28,Referral,Desktop,Canada,Home,11,1397,Yes,Home,Yes
10387,S00388,2025-09-19,Email,Tablet,Australia,Contact,5,464,Yes,Blog,No
10388,S00389,2025-08-26,Email,Tablet,Australia,Products,6,811,No,Home,Yes
10389,S00390,2025-06-01,Referral,Mobile,India,Checkout,8,224,Yes,Services,No
10390,S00391,2025-08-22,Direct,Tablet,Canada,Services,5,712,No,Home,No
10391,S00392,2025-12-23,Referral,Desktop,India,Services,8,1488,Yes,Checkout,Yes
10392,S00393,2025-01-12,Social,Tablet,India,Contact,12,245,Yes,Contact,No
10393,S00394,2025-03-31,Email,Mobile,UK,Pricing,4,1066,No,Blog,No
10394,S00395,2025-07-27,Direct,Mobile,Germany,Contact,4,1643,No,Blog,No
10395,S00396,2025-11-11,Direct,Desktop,Australia,Blog,1,1520,Yes,Blog,No
10396,S00397,2025-04-20,Direct,Desktop,Germany,Checkout,1,1453,Yes,Checkout,No
10397,S00398,2025-02-22,Email,Mobile,UK,Services,2,1192,Yes,Blog,No
10398,S00399,2025-12-10,Referral,Tablet,Germany,Services,2,547,No,Pricing,No
10399,S00400,2025-02-28,Social,Desktop,Canada,Pricing,7,1212,Yes,Checkout,Yes
10400,S00401,2025-06-02,Email,Tablet,India,Contact,11,1455,Yes,Services,Yes
10401,S00402,2025-06-06,Organic,Mobile,UK,Contact,2,498,Yes,Pricing,No
10402,S00403,2025-11-02,Direct,Tablet,Canada,Blog,7,866,Yes,Blog,Yes
10403,S00404,2025-12-22,Direct,Tablet,USA,Blog,11,1110,No,Products,Yes
10404,S00405,2025-08-19,Email,Mobile,UK,Home,3,654,No,Products,No
10405,S00406,2025-07-16,Email,Tablet,Germany,Blog,4,1679,No,Contact,No
10406,S00407,2025-12-30,Referral,Desktop,USA,Home,8,861,Yes,Checkout,Yes
10407,S00408,2025-05-30,Organic,Desktop,USA,Pricing,13,461,No,Products,Yes
10408,S00409,2025-10-17,Referral,Tablet,Australia,Home,13,946,Yes,Services,Yes
10409,S00410,2025-07-07,Email,Mobile,Germany,Blog,13,1122,Yes,Blog,Yes
10410,S00411,2025-12-01,Direct,Desktop,India,Blog,2,1517,No,Services,No
10411,S00412,2025-02-14,Referral,Mobile,USA,Products,14,1682,No,Checkout,Yes
10412,S00413,2025-11-20,Referral,Mobile,Australia,Products,12,1259,Yes,Checkout,Yes
10413,S00414,2025-01-31,Email,Desktop,Australia,Services,4,1659,Yes,Services,No
10414,S00415,2025-05-29,Email,Desktop,Australia,Contact,12,609,Yes,Products,Yes
10415,S00416,2025-07-30,Organic,Desktop,Germany,Products,13,1619,Yes,Products,Yes
10416,S00417,2025-06-14,Direct,Tablet,Canada,Blog,3,1466,Yes,Pricing,No
10417,S00418,2025-11-18,Referral,Desktop,Canada,Home,11,560,Yes,Blog,Yes
10418,S00419,2025-05-23,Social,Desktop,Canada,Services,9,1545,Yes,Checkout,Yes
10419,S00420,2025-02-17,Referral,Tablet,Germany,Contact,13,1744,No,Checkout,Yes
10420,S00421,2025-10-01,Referral,Mobile,Canada,Checkout,2,1639,Yes,Blog,No
10421,S00422,2025-05-26,Social,Tablet,Australia,Products,5,671,No,Checkout,No
10422,S00423,2025-01-25,Organic,Mobile,Germany,Checkout,6,1407,No,Home,Yes
10423,S00424,2025-03-22,Referral,Desktop,India,Blog,2,1766,Yes,Contact,No
10424,S00425,2025-11-29,Social,Mobile,UK,Home,15,280,No,Services,No
10425,S00426,2025-12-07,Direct,Mobile,Canada,Contact,2,771,No,Contact,No
10426,S00427,2025-04-30,Referral,Tablet,India,Contact,12,1556,Yes,Home,Yes
10427,S00428,2025-02-09,Direct,Tablet,USA,Pricing,4,986,No,Home,No
10428,S00429,2025-06-25,Organic,Desktop,Germany,Products,1,1434,Yes,Blog,No
10429,S00430,2025-07-16,Organic,Tablet,India,Home,2,478,No,Services,No
10430,S00431,2025-03-12,Referral,Mobile,Germany,Contact,15,622,Yes,Home,Yes
10431,S00432,2025-01-05,Email,Tablet,USA,Blog,9,1163,No,Contact,Yes
10432,S00433,2025-03-19,Referral,Tablet,Germany,Blog,4,1296,Yes,Home,No
10433,S00434,2025-03-13,Organic,Tablet,Germany,Blog,15,215,No,Blog,No
10434,S00435,2025-03-13,Direct,Desktop,Germany,Home,6,1630,Yes,Pricing,Yes
10435,S00436,2025-11-08,Social,Tablet,India,Checkout,10,1238,No,Products,Yes
10436,S00437,2025-09-18,Direct,Tablet,Canada,Services,9,1252,Yes,Checkout,Yes
10437,S00438,2025-05-03,Referral,Desktop,India,Products,15,1635,No,Contact,Yes
10438,S00439,2025-09-28,Organic,Desktop,UK,Products,10,155,No,Checkout,No
10439,S00440,2025-08-04,Social,Tablet,Germany,Products,14,1174,No,Checkout,Yes
10440,S00441,2025-10-28,Organic,Mobile,UK,Products,2,44,Yes,Home,No
10441,S00442,2025-09-17,Social,Tablet,Germany,Pricing,13,825,No,Blog,Yes
10442,S00443,2025-02-12,Email,Tablet,Australia,Products,12,833,No,Home,Yes
10443,S00444,2025-09-19,Direct,Mobile,Australia,Services,5,171,No,Pricing,No
10444,S00445,2025-11-29,Organic,Desktop,Germany,Blog,11,1573,Yes,Home,Yes
10445,S00446,2025-08-11,Organic,Desktop,Australia,Pricing,4,186,Yes,Services,No
10446,S00447,2025-12-03,Direct,Mobile,India,Contact,11,1528,Yes,Contact,Yes
10447,S00448,2025-09-12,Social,Tablet,Australia,Checkout,1,345,Yes,Checkout,No
10448,S00449,2025-03-27,Social,Mobile,Germany,Checkout,12,540,No,Contact,Yes
10449,S00450,2025-01-16,Social,Desktop,UK,Pricing,15,251,Yes,Services,No
10450,S00451,2025-11-18,Organic,Desktop,Canada,Pricing,12,1190,No,Home,Yes
10451,S00452,2025-10-18,Direct,Desktop,USA,Services,8,1769,Yes,Pricing,Yes
10452,S00453,2025-03-01,Direct,Tablet,Australia,Home,11,1490,Yes,Checkout,Yes
10453,S00454,2025-05-06,Organic,Desktop,UK,Blog,14,35,Yes,Products,No
10454,S00455,2025-01-19,Email,Tablet,Germany,Contact,15,1766,No,Products,Yes
10455,S00456,2025-08-02,Social,Desktop,India,Pricing,6,518,No,Home,Yes
10456,S00457,2025-01-27,Direct,Mobile,Australia,Home,9,1388,No,Home,Yes
10457,S00458,2025-05-25,Social,Desktop,India,Pricing,15,962,No,Home,Yes
10458,S00459,2025-05-30,Email,Desktop,Germany,Pricing,6,420,Yes,Blog,Yes
10459,S00460,2025-09-10,Direct,Tablet,Australia,Checkout,6,1221,Yes,Products,Yes
10460,S00461,2025-01-13,Direct,Tablet,UK,Contact,1,849,Yes,Checkout,No
10461,S00462,2025-06-21,Organic,Tablet,Canada,Checkout,12,29,No,Home,No
10462,S00463,2025-05-02,Referral,Desktop,India,Products,4,1095,No,Home,No
10463,S00464,2025-09-24,Referral,Tablet,UK,Blog,1,484,Yes,Contact,No
10464,S00465,2025-02-18,Email,Mobile,Germany,Checkout,2,1199,No,Home,No
10465,S00466,2025-02-01,Referral,Tablet,USA,Products,10,1172,No,Services,Yes
10466,S00467,2025-07-21,Social,Desktop,Canada,Services,14,655,Yes,Home,Yes
10467,S00468,2025-10-27,Organic,Mobile,India,Products,4,288,No,Blog,No
10468,S00469,2025-03-03,Email,Desktop,USA,Blog,6,842,No,Blog,Yes
10469,S00470,2025-03-03,Organic,Mobile,Germany,Services,5,1755,Yes,Products,No
10470,S00471,2025-06-17,Direct,Mobile,Germany,Products,14,1764,No,Blog,Yes
10471,S00472,2025-12-13,Social,Desktop,USA,Home,9,110,No,Checkout,No
10472,S00473,2025-10-09,Direct,Mobile,Canada,Home,8,1148,Yes,Home,Yes
10473,S00474,2025-04-24,Direct,Mobile,Canada,Services,1,136,Yes,Contact,No
10474,S00475,2025-02-13,Email,Tablet,UK,Checkout,11,1330,Yes,Home,Yes
10475,S00476,2025-11-27,Referral,Mobile,India,Checkout,2,414,No,Home,No
10476,S00477,2025-01-26,Direct,Tablet,Canada,Checkout,1,954,Yes,Contact,No
10477,S00478,2025-01-16,Referral,Tablet,Canada,Products,7,1026,No,Products,Yes
10478,S00479,2025-05-21,Social,Desktop,USA,Home,15,393,Yes,Contact,Yes
10479,S00480,2025-07-30,Email,Desktop,India,Home,5,1031,No,Blog,No
10480,S00481,2025-04-13,Email,Mobile,Germany,Checkout,3,868,Yes,Blog,No
10481,S00482,2025-07-03,Referral,Tablet,Canada,Services,13,1470,No,Blog,Yes
10482,S00483,2025-01-14,Social,Tablet,USA,Home,5,378,No,Home,No
10483,S00484,2025-09-29,Social,Tablet,USA,Products,13,976,Yes,Products,Yes
10484,S00485,2025-05-17,Email,Tablet,India,Checkout,11,503,Yes,Pricing,Yes
10485,S00486,2025-07-18,Social,Mobile,USA,Products,14,1643,No,Checkout,Yes
10486,S00487,2025-07-03,Email,Mobile,Germany,Contact,12,1438,No,Pricing,Yes
10487,S00488,2025-10-16,Direct,Desktop,Australia,Services,10,301,Yes,Blog,Yes
10488,S00489,2025-01-29,Direct,Tablet,USA,Home,1,194,Yes,Pricing,No
10489,S00490,2025-06-19,Email,Mobile,USA,Services,8,11,Yes,Checkout,No
10490,S00491,2025-06-15,Organic,Mobile,USA,Pricing,14,1788,Yes,Checkout,Yes
10491,S00492,2025-09-27,Social,Mobile,UK,Contact,2,1743,No,Pricing,No
10492,S00493,2025-06-04,Social,Mobile,USA,Contact,2,699,No,Checkout,No
10493,S00494,2025-11-29,Social,Mobile,Germany,Pricing,11,1007,No,Products,Yes
10494,S00495,2025-03-31,Referral,Desktop,Germany,Contact,11,1216,No,Products,Yes
10495,S00496,2025-01-01,Email,Desktop,Australia,Home,3,1502,Yes,Pricing,No
10496,S00497,2025-11-10,Direct,Tablet,Australia,Home,6,1666,No,Products,Yes
10497,S00498,2025-02-09,Direct,Desktop,UK,Products,6,1536,Yes,Checkout,Yes
10498,S00499,2025-11-24,Social,Desktop,India,Services,12,1382,Yes,Products,Yes
10499,S00500,2025-06-29,Social,Mobile,Germany,Home,12,148,Yes,Blog,No
10500,S00501,2025-08-03,Direct,Desktop,Canada,Blog,8,1510,No,Pricing,Yes
10501,S00502,2025-09-03,Email,Tablet,Germany,Products,7,217,Yes,Blog,No
10502,S00503,2025-01-18,Social,Mobile,UK,Services,2,1646,Yes,Home,No
10503,S00504,2025-07-12,Direct,Tablet,India,Pricing,6,358,Yes,Services,Yes
10504,S00505,2025-09-05,Organic,Desktop,Germany,Products,10,1266,No,Products,Yes
10505,S00506,2025-06-19,Direct,Mobile,Canada,Contact,1,217,Yes,Pricing,No
10506,S00507,2025-10-04,Social,Tablet,UK,Services,12,1504,Yes,Home,Yes
10507,S00508,2025-10-20,Email,Desktop,USA,Home,1,814,Yes,Services,No
10508,S00509,2025-02-14,Social,Tablet,Germany,Pricing,1,885,Yes,Blog,No
10509,S00510,2025-01-14,Direct,Mobile,Germany,Services,4,208,Yes,Blog,No
10510,S00511,2025-06-07,Referral,Desktop,Canada,Contact,14,246,No,Home,No
10511,S00512,2025-07-18,Direct,Desktop,Canada,Services,11,1124,Yes,Blog,Yes
10512,S00513,2025-08-14,Referral,Desktop,USA,Checkout,1,549,Yes,Services,No
10513,S00514,2025-03-19,Organic,Mobile,Germany,Services,10,136,No,Checkout,No
10514,S00515,2025-10-11,Organic,Desktop,Australia,Blog,10,475,No,Pricing,Yes
10515,S00516,2025-09-01,Social,Mobile,Canada,Checkout,15,492,Yes,Pricing,Yes
10516,S00517,2025-10-20,Email,Mobile,India,Checkout,10,1068,No,Products,Yes
10517,S00518,2025-04-09,Direct,Mobile,Canada,Home,3,443,No,Products,No
10518,S00519,2025-03-17,Email,Desktop,UK,Contact,14,1294,Yes,Home,Yes
10519,S00520,2025-07-23,Email,Desktop,UK,Pricing,7,1149,No,Checkout,Yes
10520,S00521,2025-12-25,Email,Tablet,Australia,Checkout,1,1620,Yes,Blog,No
10521,S00522,2025-03-18,Direct,Tablet,Australia,Pricing,2,858,Yes,Home,No
10522,S00523,2025-02-21,Social,Tablet,UK,Blog,10,1606,No,Blog,Yes
10523,S00524,2025-10-20,Email,Desktop,India,Products,11,1004,No,Blog,Yes
10524,S00525,2025-11-08,Referral,Mobile,Canada,Services,3,1276,Yes,Home,No
10525,S00526,2025-05-18,Social,Mobile,UK,Checkout,12,983,No,Services,Yes
10526,S00527,2025-09-09,Organic,Mobile,USA,Services,5,1736,No,Checkout,No
10527,S00528,2025-05-18,Referral,Tablet,Germany,Home,14,667,Yes,Blog,Yes
10528,S00529,2025-07-28,Referral,Tablet,UK,Checkout,4,1697,Yes,Pricing,No
10529,S00530,2025-02-03,Social,Tablet,Australia,Blog,13,335,Yes,Checkout,Yes
10530,S00531,2025-10-19,Organic,Mobile,USA,Checkout,14,1083,Yes,Checkout,Yes
10531,S00532,2025-01-17,Referral,Mobile,UK,Contact,1,520,Yes,Products,No
10532,S00533,2025-08-26,Email,Desktop,Germany,Home,5,764,Yes,Products,No
10533,S00534,2025-11-01,Referral,Mobile,Canada,Pricing,6,1011,No,Services,Yes
10534,S00535,2025-05-13,Organic,Desktop,India,Blog,3,1725,Yes,Products,No
10535,S00536,2025-04-20,Direct,Tablet,USA,Contact,14,1181,Yes,Services,Yes
10536,S00537,2025-09-20,Organic,Tablet,India,Blog,11,848,Yes,Contact,Yes
10537,S00538,2025-01-05,Direct,Desktop,Australia,Checkout,3,1241,No,Contact,No
10538,S00539,2025-05-21,Referral,Desktop,UK,Blog,12,1326,No,Products,Yes
10539,S00540,2025-12-13,Email,Tablet,Canada,Pricing,8,628,Yes,Home,Yes
10540,S00541,2025-07-11,Email,Tablet,Australia,Pricing,9,1366,No,Services,Yes
10541,S00542,2025-09-04,Organic,Desktop,UK,Contact,11,231,No,Checkout,No
10542,S00543,2025-12-02,Social,Mobile,USA,Pricing,5,544,Yes,Home,No
10543,S00544,2025-11-04,Referral,Tablet,UK,Contact,13,1765,Yes,Contact,Yes
10544,S00545,2025-09-12,Social,Desktop,Canada,Blog,1,1352,Yes,Blog,No
10545,S00546,2025-10-26,Email,Mobile,UK,Contact,12,82,Yes,Contact,No
10546,S00547,2025-09-01,Social,Tablet,UK,Checkout,9,1317,Yes,Checkout,Yes
10547,S00548,2025-04-03,Social,Mobile,Canada,Products,11,1153,No,Contact,Yes
10548,S00549,2025-04-04,Social,Tablet,India,Products,13,1154,No,Products,Yes
10549,S00550,2025-06-07,Referral,Desktop,UK,Services,12,1794,No,Blog,Yes
10550,S00551,2025-08-29,Organic,Tablet,Australia,Pricing,14,251,Yes,Blog,No
10551,S00552,2025-09-14,Organic,Tablet,Canada,Pricing,15,408,No,Blog,Yes
10552,S00553,2025-03-19,Direct,Mobile,UK,Blog,1,1793,Yes,Pricing,No
10553,S00554,2025-03-15,Social,Tablet,USA,Checkout,15,947,Yes,Blog,Yes
10554,S00555,2025-04-01,Social,Tablet,India,Home,6,1302,No,Services,Yes
10555,S00556,2025-03-28,Email,Mobile,Canada,Checkout,4,1568,Yes,Products,No
10556,S00557,2025-11-21,Referral,Desktop,Canada,Blog,10,898,No,Home,Yes
10557,S00558,2025-04-13,Social,Mobile,UK,Checkout,1,1103,Yes,Checkout,No
10558,S00559,2025-01-10,Organic,Tablet,Germany,Products,9,400,Yes,Contact,Yes
10559,S00560,2025-06-09,Direct,Mobile,Canada,Pricing,15,715,No,Products,Yes
10560,S00561,2025-01-24,Social,Desktop,Canada,Contact,2,1697,No,Blog,No
10561,S00562,2025-03-10,Social,Desktop,UK,Checkout,15,1416,Yes,Products,Yes
10562,S00563,2025-07-26,Organic,Mobile,USA,Contact,15,1672,Yes,Products,Yes
10563,S00564,2025-10-29,Email,Mobile,India,Services,12,54,Yes,Blog,No
10564,S00565,2025-05-11,Email,Tablet,India,Pricing,15,1321,Yes,Contact,Yes
10565,S00566,2025-01-11,Organic,Tablet,India,Blog,2,1348,No,Blog,No
10566,S00567,2025-05-10,Referral,Tablet,USA,Products,2,1130,Yes,Services,No
10567,S00568,2025-02-21,Email,Desktop,Australia,Pricing,7,1365,Yes,Blog,Yes
10568,S00569,2025-09-19,Email,Mobile,UK,Home,14,224,Yes,Blog,No
10569,S00570,2025-04-13,Social,Tablet,USA,Services,4,1257,No,Services,No
10570,S00571,2025-10-08,Referral,Mobile,Germany,Blog,3,90,No,Products,No
10571,S00572,2025-12-10,Organic,Mobile,Australia,Contact,1,36,Yes,Blog,No
10572,S00573,2025-09-19,Organic,Tablet,Germany,Home,3,194,No,Contact,No
10573,S00574,2025-06-01,Social,Desktop,India,Home,4,945,Yes,Checkout,No
10574,S00575,2025-05-29,Social,Tablet,UK,Blog,1,1755,Yes,Contact,No
10575,S00576,2025-01-24,Organic,Mobile,Germany,Contact,2,204,Yes,Services,No
10576,S00577,2025-11-15,Social,Tablet,India,Services,6,906,No,Products,Yes
10577,S00578,2025-07-24,Referral,Desktop,Canada,Contact,2,830,No,Checkout,No
10578,S00579,2025-03-27,Organic,Mobile,Germany,Contact,7,1338,Yes,Checkout,Yes
10579,S00580,2025-08-02,Email,Desktop,Australia,Contact,3,222,No,Products,No
10580,S00581,2025-07-03,Email,Mobile,Germany,Checkout,10,787,Yes,Blog,Yes
10581,S00582,2025-02-27,Referral,Desktop,India,Home,15,1009,No,Contact,Yes
10582,S00583,2025-12-27,Email,Tablet,Australia,Contact,6,35,Yes,Contact,No
10583,S00584,2025-09-23,Email,Tablet,Germany,Pricing,14,702,Yes,Blog,Yes
10584,S00585,2025-05-08,Referral,Desktop,Germany,Contact,11,1498,No,Products,Yes
10585,S00586,2025-10-13,Email,Mobile,India,Contact,14,1702,Yes,Pricing,Yes
10586,S00587,2025-09-11,Direct,Mobile,Canada,Services,14,971,Yes,Services,Yes
10587,S00588,2025-09-17,Direct,Tablet,Germany,Blog,5,113,No,Checkout,No
10588,S00589,2025-08-24,Referral,Tablet,Canada,Home,4,171,No,Blog,No
10589,S00590,2025-09-12,Organic,Mobile,Canada,Blog,6,253,Yes,Pricing,No
10590,S00591,2025-02-16,Email,Tablet,Germany,Services,9,10,Yes,Contact,No
10591,S00592,2025-06-24,Social,Mobile,USA,Checkout,11,944,No,Services,Yes
10592,S00593,2025-11-14,Email,Desktop,Germany,Contact,9,1581,No,Contact,Yes
10593,S00594,2025-02-19,Direct,Mobile,UK,Services,8,243,No,Pricing,No
10594,S00595,2025-12-26,Organic,Mobile,USA,Blog,9,775,Yes,Checkout,Yes
10595,S00596,2025-07-29,Organic,Desktop,Australia,Products,12,1530,Yes,Home,Yes
10596,S00597,2025-07-21,Direct,Desktop,USA,Contact,15,1755,No,Home,Yes
10597,S00598,2025-01-24,Email,Mobile,Canada,Blog,13,858,Yes,Blog,Yes
10598,S00599,2025-01-25,Email,Desktop,Australia,Blog,1,1096,Yes,Pricing,No
10599,S00600,2025-12-21,Email,Mobile,Germany,Checkout,13,372,Yes,Home,Yes
10600,S00601,2025-11-04,Email,Desktop,Australia,Blog,7,1356,No,Pricing,Yes
10601,S00602,2025-05-08,Social,Desktop,UK,Services,15,1428,No,Checkout,Yes
10602,S00603,2025-07-31,Email,Tablet,Germany,Pricing,3,292,No,Checkout,No
10603,S00604,2025-06-10,Email,Tablet,USA,Products,12,1131,Yes,Pricing,Yes
10604,S00605,2025-12-18,Social,Tablet,USA,Contact,12,605,Yes,Pricing,Yes
10605,S00606,2025-11-23,Social,Tablet,India,Checkout,9,1431,No,Pricing,Yes
10606,S00607,2025-10-20,Referral,Tablet,Germany,Checkout,8,1203,No,Checkout,Yes
10607,S00608,2025-01-07,Email,Mobile,India,Blog,7,1665,Yes,Home,Yes
10608,S00609,2025-04-13,Social,Mobile,UK,Contact,11,125,No,Products,No
10609,S00610,2025-12-20,Social,Mobile,Australia,Home,14,137,No,Checkout,No
10610,S00611,2025-11-12,Email,Mobile,Germany,Contact,8,219,No,Products,No
10611,S00612,2025-12-23,Social,Tablet,Germany,Home,9,1616,No,Blog,Yes
10612,S00613,2025-12-17,Social,Tablet,India,Home,7,1624,No,Products,Yes
10613,S00614,2025-08-15,Direct,Tablet,Germany,Contact,10,1789,No,Checkout,Yes
10614,S00615,2025-11-05,Direct,Tablet,USA,Services,10,1129,No,Products,Yes
10615,S00616,2025-04-06,Direct,Tablet,Australia,Home,11,162,No,Home,No
10616,S00617,2025-10-12,Social,Mobile,USA,Pricing,7,581,No,Home,Yes
10617,S00618,2025-12-30,Direct,Mobile,USA,Services,6,965,Yes,Checkout,Yes
10618,S00619,2025-11-12,Social,Desktop,Australia,Pricing,15,1290,No,Home,Yes
10619,S00620,2025-06-12,Email,Mobile,USA,Pricing,13,1459,Yes,Checkout,Yes
10620,S00621,2025-08-01,Email,Tablet,Canada,Home,9,336,No,Products,Yes
10621,S00622,2025-12-06,Social,Desktop,UK,Services,15,446,Yes,Checkout,Yes
10622,S00623,2025-09-01,Email,Tablet,India,Home,10,1096,No,Blog,Yes
10623,S00624,2025-11-11,Email,Mobile,India,Contact,4,1325,No,Blog,No
10624,S00625,2025-02-28,Referral,Desktop,Australia,Contact,15,1640,No,Home,Yes
10625,S00626,2025-07-11,Email,Tablet,Canada,Blog,15,1068,Yes,Services,Yes
10626,S00627,2025-04-09,Social,Tablet,India,Home,15,1344,Yes,Checkout,Yes
10627,S00628,2025-01-04,Organic,Mobile,Germany,Contact,9,1102,Yes,Checkout,Yes
10628,S00629,2025-02-23,Direct,Tablet,Germany,Contact,11,878,No,Contact,Yes
10629,S00630,2025-12-18,Direct,Mobile,Canada,Contact,14,157,No,Home,No
10630,S00631,2025-01-28,Direct,Desktop,Australia,Home,2,160,Yes,Services,No
10631,S00632,2025-08-19,Referral,Desktop,UK,Home,7,804,No,Contact,Yes
10632,S00633,2025-01-04,Email,Mobile,Germany,Pricing,2,1105,Yes,Contact,No
10633,S00634,2025-07-03,Email,Mobile,UK,Checkout,14,158,No,Pricing,No
10634,S00635,2025-08-13,Referral,Desktop,Germany,Home,2,586,No,Products,No
10635,S00636,2025-03-11,Referral,Tablet,UK,Contact,9,460,Yes,Services,Yes
10636,S00637,2025-11-28,Social,Mobile,Australia,Checkout,11,1638,Yes,Home,Yes
10637,S00638,2025-10-21,Email,Desktop,Australia,Pricing,1,20,Yes,Home,No
10638,S00639,2025-06-26,Direct,Desktop,Germany,Checkout,5,440,Yes,Products,No
10639,S00640,2025-11-12,Social,Mobile,India,Products,3,462,Yes,Checkout,No
10640,S00641,2025-08-25,Email,Mobile,UK,Contact,13,1134,Yes,Services,Yes
10641,S00642,2025-10-25,Referral,Desktop,UK,Products,2,414,Yes,Home,No
10642,S00643,2025-02-05,Direct,Desktop,Canada,Blog,5,1278,No,Pricing,No
10643,S00644,2025-12-22,Email,Mobile,Australia,Pricing,11,636,No,Checkout,Yes
10644,S00645,2025-03-28,Organic,Desktop,USA,Checkout,6,887,Yes,Contact,Yes
10645,S00646,2025-08-12,Social,Desktop,USA,Contact,12,1322,No,Blog,Yes
10646,S00647,2025-07-03,Social,Desktop,Australia,Home,8,922,Yes,Contact,Yes
10647,S00648,2025-05-24,Direct,Tablet,USA,Services,10,177,Yes,Contact,No
10648,S00649,2025-09-17,Organic,Tablet,Australia,Blog,2,48,Yes,Home,No
10649,S00650,2025-10-06,Email,Desktop,Germany,Checkout,9,543,Yes,Services,Yes
10650,S00651,2025-10-29,Social,Mobile,Canada,Pricing,7,467,Yes,Blog,Yes
10651,S00652,2025-01-06,Direct,Tablet,Germany,Products,6,1038,Yes,Blog,Yes
10652,S00653,2025-10-17,Email,Tablet,USA,Contact,3,376,No,Services,No
10653,S00654,2025-09-07,Direct,Mobile,UK,Services,1,458,Yes,Products,No
10654,S00655,2025-04-16,Email,Desktop,Canada,Blog,1,1379,Yes,Blog,No
10655,S00656,2025-01-21,Social,Mobile,Germany,Pricing,15,105,No,Checkout,No
10656,S00657,2025-10-24,Email,Tablet,USA,Blog,12,549,No,Services,Yes
10657,S00658,2025-02-09,Email,Desktop,Canada,Products,10,1348,No,Services,Yes
10658,S00659,2025-06-26,Referral,Desktop,Australia,Home,14,1787,Yes,Blog,Yes
10659,S00660,2025-02-09,Email,Tablet,UK,Products,3,481,Yes,Products,No
10660,S00661,2025-11-05,Organic,Tablet,USA,Blog,3,751,No,Contact,No
10661,S00662,2025-12-12,Referral,Desktop,USA,Pricing,2,996,Yes,Contact,No
10662,S00663,2025-01-12,Direct,Mobile,USA,Pricing,14,851,Yes,Products,Yes
10663,S00664,2025-01-21,Email,Mobile,India,Products,11,1059,No,Products,Yes
10664,S00665,2025-11-03,Email,Tablet,India,Contact,9,840,No,Home,Yes
10665,S00666,2025-11-07,Referral,Desktop,USA,Products,4,929,No,Pricing,No
10666,S00667,2025-10-26,Direct,Tablet,Germany,Pricing,3,1637,No,Products,No
10667,S00668,2025-06-25,Referral,Tablet,Australia,Home,12,1414,Yes,Blog,Yes
10668,S00669,2025-02-25,Organic,Mobile,Australia,Checkout,7,280,No,Checkout,No
10669,S00670,2025-02-19,Direct,Desktop,Australia,Pricing,3,1250,Yes,Checkout,No
10670,S00671,2025-03-02,Organic,Desktop,Germany,Products,9,1040,Yes,Checkout,Yes
10671,S00672,2025-08-09,Email,Desktop,UK,Checkout,11,1339,Yes,Contact,Yes
10672,S00673,2025-04-28,Referral,Desktop,UK,Pricing,9,888,Yes,Blog,Yes
10673,S00674,2025-09-02,Direct,Mobile,UK,Pricing,3,531,No,Services,No
10674,S00675,2025-12-30,Organic,Tablet,Australia,Home,4,21,Yes,Blog,No
10675,S00676,2025-12-19,Social,Desktop,UK,Home,11,430,Yes,Blog,Yes
10676,S00677,2025-05-10,Social,Tablet,Canada,Pricing,11,1208,No,Pricing,Yes
10677,S00678,2025-07-23,Direct,Desktop,Australia,Checkout,5,1403,No,Products,No
10678,S00679,2025-10-12,Referral,Desktop,UK,Pricing,6,1155,No,Checkout,Yes
10679,S00680,2025-03-12,Organic,Tablet,USA,Blog,12,825,Yes,Home,Yes
10680,S00681,2025-07-25,Social,Tablet,Australia,Contact,4,1051,Yes,Products,No
10681,S00682,2025-01-03,Organic,Mobile,Canada,Pricing,7,1312,No,Home,Yes
10682,S00683,2025-04-24,Social,Mobile,Australia,Home,2,548,No,Blog,No
10683,S00684,2025-09-24,Social,Tablet,Australia,Home,10,1353,Yes,Contact,Yes
10684,S00685,2025-01-06,Direct,Tablet,Australia,Services,8,909,Yes,Home,Yes
10685,S00686,2025-09-19,Email,Tablet,USA,Pricing,13,1237,Yes,Contact,Yes
10686,S00687,2025-05-03,Organic,Mobile,India,Services,1,746,Yes,Checkout,No
10687,S00688,2025-12-09,Referral,Desktop,Australia,Products,7,733,Yes,Contact,Yes
10688,S00689,2025-02-16,Email,Desktop,Germany,Checkout,12,150,No,Services,No
10689,S00690,2025-04-26,Email,Mobile,Canada,Blog,14,576,Yes,Services,Yes
10690,S00691,2025-09-17,Organic,Tablet,India,Pricing,3,843,No,Services,No
10691,S00692,2025-09-20,Social,Tablet,Australia,Services,2,1654,No,Blog,No
10692,S00693,2025-05-05,Social,Desktop,Germany,Blog,10,1000,Yes,Blog,Yes
10693,S00694,2025-02-04,Referral,Tablet,USA,Contact,2,538,Yes,Checkout,No
10694,S00695,2025-06-30,Email,Tablet,India,Contact,6,854,No,Products,Yes
10695,S00696,2025-07-24,Social,Mobile,Australia,Products,5,200,No,Services,No
10696,S00697,2025-10-21,Social,Mobile,Germany,Contact,6,457,Yes,Blog,Yes
10697,S00698,2025-05-01,Direct,Desktop,USA,Products,12,418,Yes,Checkout,Yes
10698,S00699,2025-11-13,Social,Mobile,India,Home,4,1722,Yes,Contact,No
10699,S00700,2025-11-11,Organic,Tablet,India,Checkout,11,1018,No,Services,Yes
10700,S00701,2025-09-10,Email,Desktop,Canada,Products,10,655,No,Blog,Yes
10701,S00702,2025-10-23,Direct,Mobile,Australia,Checkout,4,1546,No,Blog,No
10702,S00703,2025-09-15,Social,Desktop,Germany,Checkout,9,76,Yes,Blog,No
10703,S00704,2025-09-23,Referral,Desktop,Germany,Home,2,1440,Yes,Contact,No
10704,S00705,2025-10-25,Organic,Desktop,UK,Pricing,4,787,No,Products,No
10705,S00706,2025-05-02,Social,Desktop,Australia,Services,9,548,No,Products,Yes
10706,S00707,2025-04-18,Referral,Tablet,UK,Services,8,878,No,Services,Yes
10707,S00708,2025-10-20,Direct,Tablet,Germany,Products,8,378,Yes,Contact,Yes
10708,S00709,2025-05-01,Email,Desktop,Canada,Products,5,1656,Yes,Checkout,No
10709,S00710,2025-08-31,Organic,Mobile,Canada,Blog,12,316,Yes,Checkout,Yes
10710,S00711,2025-10-01,Social,Desktop,UK,Services,11,1068,Yes,Blog,Yes
10711,S00712,2025-03-25,Organic,Mobile,UK,Blog,2,1424,Yes,Blog,No
10712,S00713,2025-05-14,Social,Desktop,Australia,Pricing,12,695,No,Services,Yes
10713,S00714,2025-03-04,Social,Tablet,Australia,Products,1,853,Yes,Pricing,No
10714,S00715,2025-11-29,Email,Mobile,UK,Services,10,1340,No,Contact,Yes
10715,S00716,2025-08-17,Organic,Desktop,Australia,Services,9,1008,No,Contact,Yes
10716,S00717,2025-03-27,Social,Desktop,Germany,Pricing,3,1788,No,Checkout,No
10717,S00718,2025-02-10,Direct,Desktop,USA,Services,15,156,No,Contact,No
10718,S00719,2025-05-17,Email,Tablet,Canada,Services,5,1464,No,Checkout,No
10719,S00720,2025-10-28,Email,Desktop,Canada,Products,14,753,Yes,Checkout,Yes
10720,S00721,2025-05-01,Social,Tablet,Germany,Contact,1,266,Yes,Home,No
10721,S00722,2025-07-23,Organic,Mobile,India,Blog,4,351,Yes,Home,No
10722,S00723,2025-09-26,Organic,Mobile,UK,Pricing,13,823,Yes,Home,Yes
10723,S00724,2025-06-08,Direct,Mobile,Germany,Services,11,808,No,Contact,Yes
10724,S00725,2025-09-27,Direct,Mobile,India,Contact,3,278,No,Checkout,No
10725,S00726,2025-09-01,Referral,Tablet,UK,Pricing,15,676,No,Products,Yes
10726,S00727,2025-04-01,Email,Tablet,Canada,Contact,12,1114,No,Pricing,Yes
10727,S00728,2025-10-01,Social,Desktop,Canada,Pricing,11,1319,Yes,Checkout,Yes
10728,S00729,2025-06-07,Social,Desktop,UK,Products,2,914,No,Home,No
10729,S00730,2025-03-11,Social,Desktop,Canada,Pricing,1,1081,Yes,Home,No
10730,S00731,2025-09-02,Social,Mobile,Canada,Checkout,12,1017,No,Pricing,Yes
10731,S00732,2025-01-04,Email,Desktop,USA,Blog,4,1641,No,Blog,No
10732,S00733,2025-11-27,Referral,Desktop,USA,Services,4,344,Yes,Blog,No
10733,S00734,2025-09-22,Email,Tablet,Germany,Services,11,500,No,Contact,Yes
10734,S00735,2025-05-18,Referral,Mobile,India,Products,12,1099,Yes,Services,Yes
10735,S00736,2025-08-22,Email,Desktop,UK,Contact,2,1314,No,Products,No
10736,S00737,2025-03-19,Organic,Tablet,India,Products,6,49,Yes,Services,No
10737,S00738,2025-08-13,Organic,Mobile,India,Products,5,266,Yes,Blog,No
10738,S00739,2025-08-04,Social,Desktop,UK,Blog,4,710,Yes,Services,No
10739,S00740,2025-03-16,Organic,Desktop,Canada,Home,2,1737,No,Products,No
10740,S00741,2025-05-09,Referral,Mobile,India,Checkout,4,1733,Yes,Blog,No
10741,S00742,2025-05-07,Organic,Mobile,Canada,Contact,13,917,Yes,Pricing,Yes
10742,S00743,2025-08-31,Referral,Tablet,UK,Services,11,436,Yes,Contact,Yes
10743,S00744,2025-10-09,Email,Mobile,UK,Blog,12,96,No,Products,No
10744,S00745,2025-12-08,Direct,Mobile,USA,Contact,6,116,No,Services,No
10745,S00746,2025-05-22,Email,Mobile,Canada,Checkout,1,352,Yes,Products,No
10746,S00747,2025-10-25,Referral,Tablet,Australia,Products,1,96,Yes,Services,No
10747,S00748,2025-05-08,Direct,Desktop,India,Contact,13,193,No,Checkout,No
10748,S00749,2025-01-31,Social,Tablet,USA,Contact,11,132,Yes,Products,No
10749,S00750,2025-06-12,Email,Tablet,UK,Checkout,8,486,No,Contact,Yes
10750,S00751,2025-12-19,Referral,Desktop,Germany,Products,4,53,No,Home,No
10751,S00752,2025-08-13,Email,Desktop,Australia,Contact,8,1457,No,Products,Yes
10752,S00753,2025-10-06,Social,Desktop,Germany,Blog,10,392,No,Checkout,Yes
10753,S00754,2025-10-11,Direct,Mobile,Australia,Products,14,1236,No,Services,Yes
10754,S00755,2025-10-05,Social,Desktop,India,Checkout,14,549,No,Contact,Yes
10755,S00756,2025-11-14,Social,Tablet,USA,Services,3,48,Yes,Contact,No
10756,S00757,2025-07-18,Direct,Tablet,Germany,Blog,9,1687,Yes,Pricing,Yes
10757,S00758,2025-07-29,Social,Mobile,India,Pricing,5,670,Yes,Home,No
10758,S00759,2025-04-02,Organic,Mobile,India,Blog,14,275,Yes,Home,No
10759,S00760,2025-11-25,Referral,Tablet,Canada,Pricing,1,1179,Yes,Pricing,No
10760,S00761,2025-05-12,Organic,Desktop,USA,Pricing,12,1218,Yes,Home,Yes
10761,S00762,2025-12-02,Referral,Mobile,Canada,Checkout,15,437,Yes,Services,Yes
10762,S00763,2025-08-01,Social,Tablet,India,Checkout,9,1532,No,Pricing,Yes
10763,S00764,2025-02-06,Social,Mobile,USA,Pricing,1,1513,Yes,Home,No
10764,S00765,2025-04-29,Email,Desktop,USA,Products,2,1495,Yes,Pricing,No
10765,S00766,2025-10-13,Email,Desktop,Germany,Home,11,376,No,Contact,Yes
10766,S00767,2025-12-07,Referral,Mobile,USA,Checkout,8,1448,Yes,Pricing,Yes
10767,S00768,2025-06-22,Direct,Tablet,Australia,Blog,7,1043,No,Services,Yes
10768,S00769,2025-07-10,Referral,Tablet,Canada,Checkout,9,674,No,Pricing,Yes
10769,S00770,2025-10-07,Direct,Desktop,Australia,Contact,4,1163,No,Services,No
10770,S00771,2025-07-23,Organic,Tablet,India,Services,8,926,Yes,Pricing,Yes
10771,S00772,2025-01-04,Social,Mobile,USA,Checkout,3,628,No,Home,No
10772,S00773,2025-12-20,Social,Tablet,Australia,Pricing,13,1693,Yes,Home,Yes
10773,S00774,2025-07-02,Direct,Mobile,UK,Services,1,952,Yes,Pricing,No
10774,S00775,2025-05-12,Social,Mobile,Australia,Blog,4,487,Yes,Contact,No
10775,S00776,2025-06-16,Referral,Mobile,Canada,Checkout,2,1491,Yes,Pricing,No
10776,S00777,2025-01-20,Email,Desktop,India,Checkout,11,625,Yes,Checkout,Yes
10777,S00778,2025-08-11,Referral,Mobile,USA,Contact,6,722,Yes,Contact,Yes
10778,S00779,2025-07-15,Organic,Desktop,Australia,Home,13,1304,No,Pricing,Yes
10779,S00780,2025-06-17,Email,Tablet,USA,Products,10,316,Yes,Contact,Yes
10780,S00781,2025-08-17,Email,Tablet,Australia,Home,12,814,Yes,Blog,Yes
10781,S00782,2025-07-21,Direct,Mobile,UK,Home,5,1620,No,Pricing,No
10782,S00783,2025-10-08,Referral,Desktop,India,Blog,12,110,No,Checkout,No
10783,S00784,2025-03-11,Referral,Tablet,USA,Blog,12,277,No,Contact,No
10784,S00785,2025-10-15,Email,Tablet,Australia,Products,10,411,Yes,Home,Yes
10785,S00786,2025-08-09,Social,Tablet,Australia,Home,5,1600,Yes,Contact,No
10786,S00787,2025-07-07,Social,Mobile,UK,Services,7,877,Yes,Checkout,Yes
10787,S00788,2025-06-29,Email,Desktop,Australia,Products,5,356,No,Home,No
10788,S00789,2025-04-30,Direct,Tablet,UK,Products,15,1685,Yes,Home,Yes
10789,S00790,2025-05-05,Email,Mobile,UK,Home,12,121,No,Contact,No
10790,S00791,2025-06-06,Referral,Desktop,India,Services,13,237,Yes,Contact,No
10791,S00792,2025-04-15,Email,Tablet,UK,Pricing,9,443,No,Pricing,Yes
10792,S00793,2025-12-22,Organic,Desktop,Australia,Contact,12,299,Yes,Services,No
10793,S00794,2025-05-26,Direct,Tablet,Australia,Services,3,133,Yes,Blog,No
10794,S00795,2025-02-04,Referral,Tablet,UK,Contact,11,27,No,Checkout,No
10795,S00796,2025-05-30,Referral,Mobile,Canada,Pricing,2,49,Yes,Services,No
10796,S00797,2025-11-02,Email,Mobile,USA,Products,8,1785,No,Pricing,Yes
10797,S00798,2025-01-12,Organic,Mobile,Australia,Services,15,1469,No,Blog,Yes
10798,S00799,2025-03-22,Organic,Desktop,Germany,Services,7,1534,No,Contact,Yes
10799,S00800,2025-09-14,Social,Mobile,Germany,Services,5,493,No,Checkout,No
10800,S00801,2025-05-24,Direct,Mobile,UK,Blog,1,1146,Yes,Contact,No
10801,S00802,2025-07-15,Email,Tablet,Australia,Checkout,3,189,Yes,Blog,No
10802,S00803,2025-03-20,Referral,Desktop,Australia,Services,4,1183,No,Pricing,No
10803,S00804,2025-12-01,Direct,Tablet,Australia,Contact,3,433,Yes,Checkout,No
10804,S00805,2025-12-19,Email,Mobile,Canada,Checkout,3,642,Yes,Contact,No
10805,S00806,2025-03-22,Social,Mobile,Australia,Pricing,15,1166,Yes,Products,Yes
10806,S00807,2025-03-16,Organic,Desktop,Canada,Blog,6,1729,No,Blog,Yes
10807,S00808,2025-11-23,Social,Mobile,USA,Home,12,1692,Yes,Products,Yes
10808,S00809,2025-11-10,Email,Desktop,Australia,Pricing,1,1571,Yes,Pricing,No
10809,S00810,2025-04-29,Direct,Tablet,India,Services,4,1231,Yes,Contact,No
10810,S00811,2025-03-10,Email,Tablet,Canada,Contact,13,986,No,Products,Yes
10811,S00812,2025-09-09,Referral,Mobile,USA,Products,14,803,Yes,Home,Yes
10812,S00813,2025-01-08,Social,Desktop,USA,Contact,7,1575,Yes,Checkout,Yes
10813,S00814,2025-04-01,Referral,Tablet,Canada,Contact,4,145,No,Checkout,No
10814,S00815,2025-08-07,Referral,Mobile,Australia,Contact,8,515,No,Contact,Yes
10815,S00816,2025-11-10,Email,Tablet,Australia,Pricing,6,817,Yes,Pricing,Yes
10816,S00817,2025-08-22,Organic,Mobile,Australia,Pricing,2,934,No,Contact,No
10817,S00818,2025-07-18,Email,Tablet,India,Products,1,1152,Yes,Services,No
10818,S00819,2025-06-05,Social,Desktop,USA,Blog,8,825,No,Pricing,Yes
10819,S00820,2025-12-20,Email,Mobile,Canada,Checkout,15,121,No,Home,No
10820,S00821,2025-02-27,Direct,Tablet,Germany,Pricing,12,1035,Yes,Blog,Yes
10821,S00822,2025-08-19,Organic,Mobile,Canada,Pricing,7,672,Yes,Blog,Yes
10822,S00823,2025-06-15,Direct,Tablet,Germany,Home,2,522,Yes,Home,No
10823,S00824,2025-11-21,Social,Mobile,Australia,Contact,12,930,No,Contact,Yes
10824,S00825,2025-11-10,Direct,Desktop,Australia,Blog,13,1057,Yes,Checkout,Yes
10825,S00826,2025-10-17,Direct,Mobile,USA,Products,3,696,Yes,Blog,No
10826,S00827,2025-08-17,Social,Tablet,USA,Home,5,643,Yes,Products,No
10827,S00828,2025-05-10,Organic,Desktop,Canada,Checkout,1,1285,Yes,Blog,No
10828,S00829,2025-01-03,Email,Desktop,USA,Products,9,1663,No,Blog,Yes
10829,S00830,2025-02-10,Email,Tablet,India,Products,7,914,No,Pricing,Yes
10830,S00831,2025-04-17,Organic,Mobile,USA,Home,11,1151,No,Home,Yes
10831,S00832,2025-01-17,Email,Tablet,UK,Services,3,1758,Yes,Home,No
10832,S00833,2025-04-02,Direct,Tablet,UK,Pricing,2,863,Yes,Blog,No
10833,S00834,2025-07-04,Organic,Mobile,UK,Services,12,1195,No,Blog,Yes
10834,S00835,2025-08-07,Email,Mobile,UK,Blog,14,148,Yes,Home,No
10835,S00836,2025-05-21,Social,Tablet,Canada,Pricing,12,1770,Yes,Contact,Yes
10836,S00837,2025-01-30,Organic,Tablet,Germany,Contact,4,1263,Yes,Blog,No
10837,S00838,2025-11-06,Social,Desktop,Australia,Checkout,12,1420,No,Services,Yes
10838,S00839,2025-11-16,Social,Mobile,Australia,Pricing,9,1187,No,Pricing,Yes
10839,S00840,2025-09-12,Referral,Mobile,Australia,Products,12,1304,No,Products,Yes
10840,S00841,2025-01-13,Referral,Tablet,India,Contact,1,252,Yes,Checkout,No
10841,S00842,2025-11-12,Referral,Desktop,India,Services,4,1647,No,Pricing,No
10842,S00843,2025-04-19,Organic,Tablet,USA,Contact,13,1315,No,Services,Yes
10843,S00844,2025-06-07,Social,Tablet,Australia,Services,13,148,Yes,Home,No
10844,S00845,2025-06-24,Referral,Tablet,Australia,Pricing,11,692,Yes,Checkout,Yes
10845,S00846,2025-06-19,Social,Tablet,Canada,Blog,3,407,Yes,Contact,No
10846,S00847,2025-03-21,Referral,Tablet,UK,Blog,3,996,No,Contact,No
10847,S00848,2025-09-24,Social,Tablet,Germany,Contact,1,1720,Yes,Services,No
10848,S00849,2025-01-10,Direct,Tablet,Germany,Services,9,1107,No,Home,Yes
10849,S00850,2025-01-16,Social,Desktop,Germany,Pricing,3,584,Yes,Pricing,No
10850,S00851,2025-04-06,Email,Mobile,UK,Contact,10,807,No,Contact,Yes
10851,S00852,2025-07-31,Organic,Desktop,USA,Services,1,566,Yes,Blog,No
10852,S00853,2025-04-21,Email,Desktop,USA,Home,14,629,No,Checkout,Yes
10853,S00854,2025-04-14,Organic,Desktop,Australia,Home,1,1602,Yes,Checkout,No
10854,S00855,2025-03-20,Direct,Desktop,Canada,Contact,8,1034,No,Checkout,Yes
10855,S00856,2025-02-20,Email,Tablet,USA,Products,6,303,Yes,Blog,Yes
10856,S00857,2025-09-25,Organic,Mobile,UK,Home,7,1471,Yes,Services,Yes
10857,S00858,2025-02-22,Email,Tablet,Germany,Services,8,104,Yes,Pricing,No
10858,S00859,2025-11-24,Direct,Desktop,USA,Products,13,649,No,Services,Yes
10859,S00860,2025-08-14,Organic,Desktop,USA,Products,9,663,No,Home,Yes
10860,S00861,2025-10-14,Email,Mobile,USA,Pricing,1,1285,Yes,Services,No
10861,S00862,2025-05-19,Direct,Tablet,UK,Pricing,9,662,Yes,Products,Yes
10862,S00863,2025-11-10,Social,Tablet,Canada,Home,2,647,Yes,Home,No
10863,S00864,2025-01-26,Organic,Desktop,India,Home,8,1393,No,Blog,Yes
10864,S00865,2025-11-02,Email,Tablet,Germany,Contact,3,1453,No,Pricing,No
10865,S00866,2025-06-20,Direct,Tablet,Germany,Checkout,6,649,Yes,Checkout,Yes
10866,S00867,2025-10-18,Direct,Mobile,Germany,Blog,13,963,Yes,Blog,Yes
10867,S00868,2025-11-26,Referral,Desktop,USA,Products,5,1411,Yes,Checkout,No
10868,S00869,2025-05-13,Social,Desktop,USA,Contact,15,1273,No,Checkout,Yes
10869,S00870,2025-08-21,Referral,Mobile,India,Blog,14,675,Yes,Services,Yes
10870,S00871,2025-03-29,Social,Desktop,Australia,Pricing,8,954,Yes,Pricing,Yes
10871,S00872,2026-01-01,Organic,Desktop,Australia,Contact,2,840,Yes,Checkout,No
10872,S00873,2025-08-25,Referral,Tablet,Canada,Products,5,1101,Yes,Pricing,No
10873,S00874,2025-07-16,Organic,Desktop,USA,Checkout,3,997,No,Checkout,No
10874,S00875,2025-06-25,Email,Tablet,USA,Products,7,1171,Yes,Contact,Yes
10875,S00876,2025-10-21,Referral,Mobile,Australia,Pricing,15,1467,No,Services,Yes
10876,S00877,2025-08-16,Direct,Desktop,Canada,Home,9,209,Yes,Contact,No
10877,S00878,2025-07-14,Social,Desktop,Germany,Contact,14,1231,Yes,Home,Yes
10878,S00879,2025-03-13,Email,Tablet,India,Checkout,4,1683,Yes,Contact,No
10879,S00880,2025-09-30,Social,Desktop,Australia,Pricing,3,937,No,Products,No
10880,S00881,2025-06-12,Social,Tablet,Germany,Services,4,1405,No,Contact,No
10881,S00882,2025-02-15,Email,Mobile,Australia,Pricing,15,715,No,Checkout,Yes
10882,S00883,2025-05-31,Organic,Desktop,Australia,Home,3,1755,Yes,Contact,No
10883,S00884,2025-07-03,Organic,Desktop,India,Products,9,1690,No,Contact,Yes
10884,S00885,2025-11-17,Social,Tablet,Canada,Blog,10,817,No,Blog,Yes
10885,S00886,2025-12-06,Direct,Desktop,USA,Products,9,442,No,Checkout,Yes
10886,S00887,2025-08-02,Direct,Desktop,Germany,Products,15,747,Yes,Home,Yes
10887,S00888,2025-01-09,Direct,Tablet,Canada,Contact,2,1337,No,Products,No
10888,S00889,2025-11-25,Referral,Desktop,Germany,Pricing,2,291,No,Pricing,No
10889,S00890,2025-09-18,Referral,Tablet,Canada,Blog,3,940,No,Products,No
10890,S00891,2025-11-06,Organic,Tablet,Canada,Checkout,3,879,Yes,Contact,No
10891,S00892,2025-07-30,Email,Tablet,UK,Home,9,561,Yes,Pricing,Yes
10892,S00893,2025-07-08,Organic,Tablet,Canada,Contact,8,1453,Yes,Products,Yes
10893,S00894,2025-09-27,Social,Desktop,Australia,Home,12,1507,Yes,Products,Yes
10894,S00895,2025-12-06,Organic,Tablet,Germany,Pricing,8,1301,No,Pricing,Yes
10895,S00896,2025-10-01,Organic,Desktop,Canada,Pricing,1,713,Yes,Blog,No
10896,S00897,2025-06-19,Referral,Desktop,UK,Services,10,1512,Yes,Home,Yes
10897,S00898,2025-06-05,Email,Desktop,India,Contact,12,1233,No,Pricing,Yes
10898,S00899,2025-01-27,Social,Tablet,Australia,Home,3,1183,No,Blog,No
10899,S00900,2025-09-16,Organic,Desktop,UK,Products,2,269,No,Services,No
10900,S00901,2025-01-08,Organic,Tablet,USA,Pricing,14,536,Yes,Contact,Yes
10901,S00902,2025-03-31,Social,Tablet,USA,Blog,8,767,Yes,Checkout,Yes
10902,S00903,2025-01-17,Social,Mobile,USA,Pricing,9,1775,Yes,Checkout,Yes
10903,S00904,2025-07-31,Referral,Mobile,Germany,Blog,8,1551,Yes,Products,Yes
10904,S00905,2025-06-26,Organic,Tablet,UK,Checkout,10,1513,Yes,Home,Yes
10905,S00906,2025-07-24,Referral,Desktop,Canada,Contact,3,960,Yes,Blog,No
10906,S00907,2025-07-19,Referral,Desktop,USA,Pricing,11,1455,No,Home,Yes
10907,S00908,2025-08-18,Referral,Tablet,UK,Pricing,5,1642,Yes,Home,No
10908,S00909,2025-11-23,Social,Desktop,Australia,Contact,15,1098,No,Services,Yes
10909,S00910,2025-02-20,Social,Tablet,Australia,Blog,5,556,No,Checkout,No
10910,S00911,2025-05-04,Email,Mobile,Australia,Services,11,1544,Yes,Services,Yes
10911,S00912,2025-12-11,Organic,Mobile,India,Blog,9,31,Yes,Pricing,No
10912,S00913,2025-08-17,Social,Mobile,Germany,Services,2,1413,No,Products,No
10913,S00914,2025-11-14,Organic,Mobile,Australia,Contact,1,58,Yes,Checkout,No
10914,S00915,2025-11-23,Organic,Tablet,India,Home,4,1237,Yes,Blog,No
10915,S00916,2025-11-28,Email,Mobile,India,Contact,11,1574,Yes,Services,Yes
10916,S00917,2025-12-05,Organic,Tablet,Canada,Services,5,966,No,Contact,No
10917,S00918,2025-06-15,Social,Mobile,India,Services,15,1377,Yes,Blog,Yes
10918,S00919,2025-01-31,Social,Desktop,USA,Blog,7,691,Yes,Blog,Yes
10919,S00920,2025-11-09,Referral,Mobile,Germany,Blog,15,420,Yes,Products,Yes
10920,S00921,2025-08-09,Direct,Tablet,Germany,Home,9,1584,No,Contact,Yes
10921,S00922,2025-01-18,Organic,Mobile,Australia,Contact,5,221,No,Checkout,No
10922,S00923,2025-09-12,Direct,Tablet,Germany,Home,8,48,Yes,Contact,No
10923,S00924,2025-03-19,Social,Desktop,Australia,Home,7,555,No,Blog,Yes
10924,S00925,2025-02-05,Email,Mobile,India,Blog,7,837,No,Home,Yes
10925,S00926,2025-07-03,Social,Tablet,UK,Blog,10,1106,Yes,Contact,Yes
10926,S00927,2025-07-07,Email,Desktop,India,Checkout,11,195,No,Checkout,No
10927,S00928,2025-11-28,Direct,Mobile,Australia,Home,13,603,No,Contact,Yes
10928,S00929,2025-12-23,Referral,Mobile,Germany,Contact,4,622,No,Blog,No
10929,S00930,2025-08-13,Direct,Mobile,India,Products,2,1305,Yes,Contact,No
10930,S00931,2025-09-08,Referral,Mobile,Australia,Contact,10,498,No,Blog,Yes
10931,S00932,2025-08-19,Organic,Mobile,UK,Home,9,1718,No,Checkout,Yes
10932,S00933,2025-07-27,Organic,Mobile,Germany,Contact,12,97,No,Contact,No
10933,S00934,2025-10-02,Direct,Tablet,Australia,Products,14,1800,Yes,Home,Yes
10934,S00935,2025-09-08,Organic,Desktop,Australia,Home,12,299,Yes,Contact,No
10935,S00936,2025-01-08,Direct,Tablet,India,Services,11,277,Yes,Blog,No
10936,S00937,2025-10-30,Organic,Mobile,India,Blog,10,359,Yes,Home,Yes
10937,S00938,2025-08-07,Social,Tablet,Germany,Blog,13,425,No,Home,Yes
10938,S00939,2025-10-07,Direct,Desktop,USA,Checkout,11,1189,Yes,Pricing,Yes
10939,S00940,2025-02-02,Organic,Desktop,USA,Checkout,3,697,No,Products,No
10940,S00941,2025-10-11,Direct,Desktop,USA,Pricing,12,767,Yes,Products,Yes
10941,S00942,2025-11-20,Email,Desktop,USA,Home,2,1630,No,Home,No
10942,S00943,2025-04-02,Organic,Tablet,Germany,Pricing,1,24,Yes,Services,No
10943,S00944,2025-09-01,Direct,Mobile,USA,Contact,7,1430,No,Pricing,Yes
10944,S00945,2025-05-03,Direct,Tablet,Germany,Home,8,853,Yes,Contact,Yes
10945,S00946,2025-02-15,Social,Desktop,Canada,Home,8,1263,Yes,Products,Yes
10946,S00947,2025-02-18,Email,Desktop,Australia,Pricing,2,1095,Yes,Blog,No
10947,S00948,2025-12-04,Direct,Desktop,India,Products,13,1292,Yes,Checkout,Yes
10948,S00949,2025-08-31,Referral,Mobile,USA,Contact,3,1413,Yes,Home,No
10949,S00950,2025-05-26,Direct,Desktop,UK,Services,11,755,No,Home,Yes
10950,S00951,2025-01-27,Email,Mobile,USA,Checkout,2,1526,Yes,Blog,No
10951,S00952,2025-02-06,Direct,Tablet,Canada,Pricing,9,247,No,Blog,No
10952,S00953,2025-12-13,Social,Mobile,India,Services,4,1540,Yes,Home,No
10953,S00954,2025-07-31,Direct,Desktop,USA,Home,4,1520,No,Pricing,No
10954,S00955,2025-08-12,Direct,Mobile,Australia,Blog,8,121,Yes,Blog,No
10955,S00956,2025-08-23,Direct,Tablet,UK,Services,6,289,Yes,Services,No
10956,S00957,2025-12-21,Email,Mobile,UK,Products,3,75,Yes,Checkout,No
10957,S00958,2025-08-03,Direct,Desktop,USA,Services,8,949,Yes,Checkout,Yes
10958,S00959,2025-11-10,Direct,Tablet,Australia,Checkout,13,1316,Yes,Home,Yes
10959,S00960,2025-09-25,Referral,Mobile,Australia,Blog,7,1765,No,Services,Yes
10960,S00961,2025-08-08,Direct,Mobile,UK,Blog,1,1505,Yes,Pricing,No
10961,S00962,2025-03-18,Email,Mobile,Canada,Home,4,1221,Yes,Blog,No
10962,S00963,2025-09-16,Organic,Desktop,Australia,Blog,12,1584,No,Checkout,Yes
10963,S00964,2025-02-20,Referral,Desktop,USA,Home,13,1436,Yes,Contact,Yes
10964,S00965,2025-04-22,Direct,Desktop,UK,Products,12,842,Yes,Home,Yes
10965,S00966,2025-06-06,Direct,Tablet,Canada,Checkout,8,1380,Yes,Blog,Yes
10966,S00967,2025-03-12,Referral,Mobile,UK,Contact,8,1590,No,Contact,Yes
10967,S00968,2025-11-18,Organic,Desktop,Germany,Services,11,12,Yes,Services,No
10968,S00969,2025-05-19,Email,Tablet,Australia,Checkout,7,1551,Yes,Checkout,Yes
10969,S00970,2025-11-14,Social,Tablet,India,Pricing,11,175,No,Home,No
10970,S00971,2025-07-07,Referral,Tablet,India,Services,2,794,No,Products,No
10971,S00972,2025-12-27,Organic,Tablet,Germany,Checkout,11,1154,Yes,Products,Yes
10972,S00973,2025-10-04,Organic,Tablet,Canada,Contact,6,498,Yes,Checkout,Yes
10973,S00974,2025-04-26,Social,Desktop,UK,Pricing,12,1568,No,Services,Yes
10974,S00975,2025-07-10,Social,Desktop,Canada,Pricing,1,139,Yes,Pricing,No
10975,S00976,2025-08-29,Email,Tablet,Australia,Services,14,261,No,Pricing,No
10976,S00977,2025-12-11,Organic,Mobile,Canada,Home,6,1648,Yes,Blog,Yes
10977,S00978,2025-05-28,Organic,Mobile,USA,Services,15,376,Yes,Contact,Yes
10978,S00979,2025-03-19,Direct,Tablet,Germany,Home,3,1026,No,Blog,No
10979,S00980,2025-03-09,Referral,Desktop,Canada,Blog,11,1118,Yes,Services,Yes
10980,S00981,2025-01-12,Direct,Tablet,Germany,Services,4,138,No,Pricing,No
10981,S00982,2025-11-27,Social,Desktop,Australia,Contact,6,1352,No,Blog,Yes
10982,S00983,2025-03-09,Social,Mobile,UK,Products,5,1171,No,Services,No
10983,S00984,2025-01-25,Direct,Desktop,UK,Blog,5,1586,Yes,Pricing,No
10984,S00985,2025-12-31,Email,Desktop,USA,Products,15,339,Yes,Products,Yes
10985,S00986,2025-01-22,Social,Tablet,USA,Blog,4,249,No,Services,No
10986,S00987,2025-10-15,Organic,Tablet,UK,Services,3,430,Yes,Services,No
10987,S00988,2025-03-25,Email,Desktop,India,Home,8,1115,No,Blog,Yes
10988,S00989,2025-08-23,Social,Mobile,India,Contact,13,307,No,Contact,Yes
10989,S00990,2025-08-31,Social,Tablet,Germany,Products,12,615,No,Services,Yes
10990,S00991,2025-09-03,Organic,Mobile,Germany,Pricing,12,240,Yes,Services,No
10991,S00992,2025-11-13,Direct,Desktop,UK,Home,1,832,Yes,Services,No
10992,S00993,2025-11-25,Direct,Tablet,Australia,Products,1,1255,Yes,Checkout,No
10993,S00994,2025-05-23,Direct,Mobile,India,Pricing,15,1581,No,Contact,Yes
10994,S00995,2025-09-20,Referral,Mobile,Canada,Services,11,188,Yes,Contact,No
10995,S00996,2025-03-17,Referral,Desktop,Canada,Services,6,824,Yes,Services,Yes
10996,S00997,2025-06-07,Referral,Tablet,India,Products,6,729,No,Contact,Yes
10997,S00998,2025-08-15,Social,Mobile,Germany,Blog,7,1655,No,Products,Yes
10998,S00999,2025-11-03,Organic,Mobile,USA,Services,14,1212,No,Checkout,Yes
10999,S01000,2025-02-03,Email,Desktop,India,Home,9,696,No,Contact,Yes
11000,S01001,2025-08-01,Direct,Tablet,Canada,Contact,15,569,Yes,Products,Yes
11001,S01002,2025-07-15,Social,Tablet,Canada,Home,3,1714,No,Checkout,No
11002,S01003,2025-09-10,Email,Tablet,Canada,Products,10,632,Yes,Checkout,Yes
11003,S01004,2025-05-15,Social,Tablet,Germany,Blog,1,325,Yes,Home,No
11004,S01005,2025-05-28,Referral,Mobile,Canada,Contact,11,1373,Yes,Home,Yes
11005,S01006,2025-05-22,Referral,Mobile,Australia,Contact,2,1576,No,Pricing,No
11006,S01007,2025-08-12,Social,Tablet,Germany,Blog,8,1168,Yes,Services,Yes
11007,S01008,2025-10-22,Organic,Desktop,USA,Pricing,9,1511,Yes,Products,Yes
11008,S01009,2025-12-21,Direct,Desktop,USA,Home,6,954,No,Services,Yes
11009,S01010,2025-07-02,Organic,Desktop,UK,Pricing,7,1313,Yes,Pricing,Yes
11010,S01011,2025-11-18,Direct,Mobile,Australia,Checkout,4,1579,Yes,Pricing,No
11011,S01012,2025-06-11,Social,Desktop,Germany,Contact,6,1796,No,Home,Yes
11012,S01013,2025-06-30,Direct,Mobile,USA,Pricing,9,1197,No,Services,Yes
11013,S01014,2025-07-30,Social,Mobile,India,Products,13,1003,Yes,Pricing,Yes
11014,S01015,2025-04-07,Email,Tablet,Germany,Checkout,4,1713,Yes,Blog,No
11015,S01016,2025-03-01,Direct,Mobile,Canada,Services,8,166,No,Contact,No
11016,S01017,2025-08-15,Email,Tablet,UK,Products,6,294,No,Home,No
11017,S01018,2025-03-02,Direct,Mobile,Germany,Products,12,1678,Yes,Services,Yes
11018,S01019,2025-03-08,Organic,Desktop,Germany,Checkout,3,439,Yes,Home,No
11019,S01020,2025-09-05,Referral,Mobile,USA,Home,1,1596,Yes,Home,No
11020,S01021,2025-09-20,Email,Mobile,Canada,Home,13,1361,No,Home,Yes
11021,S01022,2025-12-08,Organic,Mobile,India,Pricing,2,627,Yes,Pricing,No
11022,S01023,2025-04-05,Social,Mobile,India,Products,15,419,No,Pricing,Yes
11023,S01024,2025-03-24,Email,Tablet,Australia,Products,6,731,Yes,Home,Yes
11024,S01025,2025-01-08,Email,Mobile,Germany,Products,14,1194,No,Products,Yes
11025,S01026,2025-10-03,Organic,Tablet,India,Products,15,1554,No,Services,Yes
11026,S01027,2025-04-05,Referral,Tablet,India,Products,12,1217,No,Blog,Yes
11027,S01028,2025-09-21,Direct,Desktop,India,Checkout,7,448,No,Home,Yes
11028,S01029,2025-09-24,Direct,Desktop,UK,Contact,8,235,No,Pricing,No
11029,S01030,2025-02-12,Social,Desktop,India,Blog,12,93,No,Blog,No
11030,S01031,2025-06-09,Referral,Mobile,Australia,Blog,10,1517,No,Checkout,Yes
11031,S01032,2025-02-05,Referral,Tablet,UK,Products,7,396,Yes,Contact,Yes
11032,S01033,2025-02-23,Referral,Desktop,Australia,Contact,8,1386,Yes,Home,Yes
11033,S01034,2025-07-25,Email,Mobile,Germany,Products,3,818,Yes,Services,No
11034,S01035,2025-04-13,Email,Desktop,India,Products,4,703,No,Contact,No
11035,S01036,2026-01-01,Email,Tablet,UK,Checkout,8,580,No,Services,Yes
11036,S01037,2025-11-05,Referral,Desktop,Australia,Services,8,1375,Yes,Checkout,Yes
11037,S01038,2025-03-04,Social,Desktop,Canada,Products,8,231,Yes,Home,No
11038,S01039,2025-01-28,Organic,Desktop,Germany,Home,2,1521,Yes,Blog,No
11039,S01040,2025-06-17,Direct,Desktop,Australia,Pricing,10,1401,Yes,Checkout,Yes
11040,S01041,2025-09-24,Referral,Desktop,USA,Services,2,1363,No,Blog,No
11041,S01042,2025-10-05,Social,Tablet,Australia,Home,9,545,Yes,Blog,Yes
11042,S01043,2025-07-16,Referral,Desktop,Canada,Blog,15,253,No,Home,No
11043,S01044,2025-10-13,Social,Tablet,USA,Blog,1,372,Yes,Blog,No
11044,S01045,2025-07-19,Referral,Mobile,Australia,Contact,3,649,No,Contact,No
11045,S01046,2025-10-04,Email,Desktop,Canada,Pricing,9,1413,Yes,Pricing,Yes
11046,S01047,2025-05-15,Referral,Tablet,Canada,Pricing,1,811,Yes,Contact,No
11047,S01048,2025-05-26,Social,Mobile,India,Pricing,6,1579,Yes,Products,Yes
11048,S01049,2025-06-28,Email,Mobile,Germany,Services,14,760,No,Home,Yes
11049,S01050,2025-07-02,Referral,Desktop,India,Contact,7,716,Yes,Products,Yes
11050,S01051,2025-06-09,Email,Mobile,Germany,Home,4,1337,No,Home,No
11051,S01052,2025-01-11,Email,Desktop,India,Blog,6,357,No,Pricing,Yes
11052,S01053,2025-05-17,Organic,Tablet,Canada,Pricing,9,872,Yes,Services,Yes
11053,S01054,2025-07-19,Social,Tablet,India,Checkout,7,1178,No,Home,Yes
11054,S01055,2025-04-16,Social,Desktop,Australia,Checkout,12,1392,No,Products,Yes
11055,S01056,2025-07-06,Referral,Mobile,Canada,Contact,10,623,Yes,Checkout,Yes
11056,S01057,2025-04-20,Social,Desktop,India,Services,14,1107,No,Checkout,Yes
11057,S01058,2025-02-17,Email,Mobile,Australia,Services,4,1289,No,Home,No
11058,S01059,2025-09-29,Referral,Desktop,USA,Services,10,1650,Yes,Contact,Yes
11059,S01060,2025-09-16,Social,Desktop,Germany,Pricing,14,628,No,Products,Yes
11060,S01061,2025-05-09,Email,Tablet,Canada,Contact,7,833,Yes,Home,Yes
11061,S01062,2025-09-22,Direct,Tablet,Canada,Products,11,1450,No,Services,Yes
11062,S01063,2025-09-30,Email,Desktop,Australia,Contact,15,1316,Yes,Pricing,Yes
11063,S01064,2025-08-25,Direct,Mobile,USA,Contact,4,756,No,Checkout,No
11064,S01065,2025-06-13,Organic,Tablet,USA,Checkout,7,850,No,Services,Yes
11065,S01066,2025-11-27,Direct,Desktop,Germany,Pricing,14,597,Yes,Blog,Yes
11066,S01067,2025-03-18,Direct,Mobile,USA,Checkout,4,242,No,Blog,No
11067,S01068,2025-08-12,Referral,Tablet,India,Products,8,1156,Yes,Services,Yes
11068,S01069,2025-05-13,Social,Tablet,Australia,Products,3,69,Yes,Contact,No
11069,S01070,2025-01-11,Organic,Mobile,UK,Pricing,8,1612,No,Checkout,Yes
11070,S01071,2025-07-06,Organic,Desktop,Germany,Checkout,2,843,Yes,Products,No
11071,S01072,2025-09-14,Organic,Tablet,Germany,Checkout,2,1179,No,Blog,No
11072,S01073,2025-05-02,Email,Mobile,UK,Services,15,194,No,Checkout,No
11073,S01074,2025-05-01,Referral,Mobile,USA,Home,12,1533,Yes,Products,Yes
11074,S01075,2025-07-29,Social,Tablet,India,Blog,5,910,No,Contact,No
11075,S01076,2025-10-07,Referral,Desktop,Germany,Products,2,658,No,Checkout,No
11076,S01077,2025-07-05,Referral,Tablet,UK,Checkout,15,306,No,Home,Yes
11077,S01078,2025-01-18,Organic,Tablet,Germany,Products,11,1250,No,Pricing,Yes
11078,S01079,2025-11-24,Social,Tablet,India,Pricing,7,643,Yes,Checkout,Yes
11079,S01080,2025-01-05,Referral,Desktop,UK,Home,8,805,Yes,Services,Yes
11080,S01081,2025-03-24,Referral,Tablet,UK,Checkout,4,1770,No,Checkout,No
11081,S01082,2025-02-11,Referral,Desktop,Germany,Blog,1,571,Yes,Checkout,No
11082,S01083,2025-08-05,Organic,Mobile,Germany,Services,6,1479,Yes,Services,Yes
11083,S01084,2025-10-08,Social,Desktop,Germany,Home,7,1243,Yes,Contact,Yes
11084,S01085,2025-11-19,Referral,Tablet,USA,Home,11,386,No,Products,Yes
11085,S01086,2025-06-10,Email,Mobile,India,Products,11,635,Yes,Pricing,Yes
11086,S01087,2025-11-29,Direct,Tablet,Germany,Blog,12,1582,No,Blog,Yes
11087,S01088,2025-03-10,Social,Mobile,Germany,Pricing,8,1798,No,Checkout,Yes
11088,S01089,2025-02-13,Referral,Desktop,USA,Blog,5,416,No,Checkout,No
11089,S01090,2025-04-25,Organic,Mobile,Australia,Contact,15,1178,Yes,Home,Yes
11090,S01091,2025-05-15,Direct,Mobile,Canada,Pricing,8,416,No,Pricing,Yes
11091,S01092,2025-02-15,Social,Mobile,Australia,Home,5,315,Yes,Contact,No
11092,S01093,2025-08-21,Referral,Mobile,USA,Contact,9,901,Yes,Products,Yes
11093,S01094,2025-05-17,Social,Tablet,Canada,Blog,14,1675,Yes,Blog,Yes
11094,S01095,2025-11-04,Direct,Desktop,Germany,Contact,14,433,Yes,Blog,Yes
11095,S01096,2025-03-16,Organic,Desktop,UK,Products,3,846,No,Products,No
11096,S01097,2025-12-17,Referral,Mobile,India,Blog,6,1203,Yes,Checkout,Yes
11097,S01098,2025-07-23,Direct,Tablet,Canada,Contact,6,1429,No,Contact,Yes
11098,S01099,2025-02-07,Organic,Tablet,India,Home,10,534,No,Products,Yes
11099,S01100,2025-11-07,Email,Tablet,Germany,Checkout,8,735,Yes,Home,Yes
11100,S01101,2025-11-14,Referral,Desktop,Canada,Contact,5,1043,No,Products,No
11101,S01102,2025-01-22,Email,Mobile,UK,Products,15,1155,No,Services,Yes
11102,S01103,2025-03-09,Organic,Desktop,Germany,Pricing,15,968,No,Products,Yes
11103,S01104,2025-06-10,Organic,Mobile,Canada,Checkout,5,249,No,Contact,No
11104,S01105,2025-05-25,Social,Tablet,UK,Pricing,6,890,No,Blog,Yes
11105,S01106,2025-06-11,Referral,Mobile,Australia,Checkout,15,347,No,Home,Yes
11106,S01107,2025-01-28,Direct,Mobile,India,Blog,4,314,No,Products,No
11107,S01108,2025-08-12,Organic,Desktop,India,Blog,12,966,No,Contact,Yes
11108,S01109,2025-08-23,Referral,Mobile,Germany,Checkout,9,1003,Yes,Home,Yes
11109,S01110,2025-04-15,Social,Mobile,USA,Contact,6,201,No,Pricing,No
11110,S01111,2025-10-27,Direct,Tablet,India,Pricing,15,1368,Yes,Blog,Yes
11111,S01112,2025-05-07,Referral,Tablet,India,Services,15,167,Yes,Services,No
11112,S01113,2025-03-04,Referral,Desktop,Australia,Home,11,1403,No,Products,Yes
11113,S01114,2025-08-24,Referral,Desktop,Germany,Services,1,176,Yes,Pricing,No
11114,S01115,2025-06-18,Organic,Tablet,Australia,Blog,11,21,No,Contact,No
11115,S01116,2025-10-19,Direct,Mobile,India,Checkout,12,1642,No,Services,Yes
11116,S01117,2025-02-06,Email,Tablet,Canada,Home,13,123,No,Services,No
11117,S01118,2025-07-24,Organic,Mobile,USA,Products,3,501,No,Checkout,No
11118,S01119,2025-11-28,Direct,Mobile,UK,Blog,7,593,No,Contact,Yes
11119,S01120,2025-12-17,Email,Mobile,UK,Contact,13,645,Yes,Checkout,Yes
11120,S01121,2025-04-13,Referral,Desktop,Canada,Blog,6,1059,No,Pricing,Yes
11121,S01122,2025-02-16,Referral,Desktop,Australia,Products,10,876,No,Contact,Yes
11122,S01123,2025-01-21,Email,Desktop,Canada,Contact,7,200,Yes,Contact,No
11123,S01124,2025-03-21,Referral,Tablet,Germany,Contact,11,1471,Yes,Services,Yes
11124,S01125,2025-02-10,Referral,Desktop,USA,Products,8,905,No,Checkout,Yes
11125,S01126,2025-08-07,Social,Tablet,India,Pricing,4,1081,Yes,Home,No
11126,S01127,2025-09-19,Referral,Desktop,India,Blog,9,230,No,Services,No
11127,S01128,2025-02-11,Email,Mobile,India,Contact,5,1209,No,Products,No
11128,S01129,2025-07-21,Organic,Mobile,Canada,Contact,13,383,No,Services,Yes
11129,S01130,2025-08-21,Referral,Tablet,UK,Services,10,1492,Yes,Products,Yes
11130,S01131,2025-11-06,Social,Tablet,India,Blog,3,170,Yes,Home,No
11131,S01132,2025-01-07,Direct,Tablet,Canada,Blog,7,248,No,Checkout,No
11132,S01133,2025-11-05,Referral,Desktop,Australia,Checkout,11,1534,No,Contact,Yes
11133,S01134,2025-12-12,Referral,Desktop,India,Products,11,1423,Yes,Home,Yes
11134,S01135,2025-01-09,Direct,Mobile,USA,Blog,4,239,Yes,Contact,No
11135,S01136,2025-11-17,Email,Mobile,India,Services,4,902,No,Products,No
11136,S01137,2025-01-12,Organic,Mobile,USA,Contact,8,874,No,Blog,Yes
11137,S01138,2025-08-19,Email,Mobile,USA,Services,8,50,No,Home,No
11138,S01139,2025-02-22,Referral,Desktop,Canada,Contact,6,26,No,Home,No
11139,S01140,2025-09-06,Email,Tablet,Germany,Pricing,8,828,No,Products,Yes
11140,S01141,2025-09-28,Organic,Desktop,Australia,Services,12,134,Yes,Services,No
11141,S01142,2025-08-02,Referral,Mobile,Canada,Pricing,15,1337,No,Blog,Yes
11142,S01143,2025-01-11,Direct,Desktop,Germany,Products,12,903,No,Services,Yes
11143,S01144,2025-09-17,Direct,Tablet,Germany,Services,8,485,No,Products,Yes
11144,S01145,2025-12-31,Referral,Desktop,Germany,Contact,15,610,No,Checkout,Yes
11145,S01146,2025-03-24,Email,Mobile,UK,Contact,8,1647,Yes,Contact,Yes
11146,S01147,2025-03-30,Direct,Mobile,Australia,Blog,8,274,Yes,Checkout,No
11147,S01148,2025-06-05,Direct,Mobile,Australia,Home,7,1021,Yes,Services,Yes
11148,S01149,2025-07-02,Direct,Mobile,Australia,Home,15,544,Yes,Services,Yes
11149,S01150,2025-11-13,Direct,Mobile,Australia,Products,7,243,No,Services,No
11150,S01151,2025-07-01,Organic,Tablet,UK,Products,6,1617,Yes,Contact,Yes
11151,S01152,2025-08-23,Organic,Mobile,Australia,Pricing,1,906,Yes,Checkout,No
11152,S01153,2025-10-15,Organic,Tablet,India,Products,14,218,Yes,Checkout,No
11153,S01154,2025-03-22,Social,Tablet,Canada,Checkout,4,750,No,Contact,No
11154,S01155,2025-03-20,Social,Desktop,USA,Home,14,213,Yes,Blog,No
11155,S01156,2025-01-04,Direct,Desktop,UK,Services,7,1585,Yes,Home,Yes
11156,S01157,2025-08-01,Social,Tablet,Germany,Products,5,772,Yes,Checkout,No
11157,S01158,2025-08-04,Direct,Mobile,Canada,Blog,13,1094,No,Blog,Yes
11158,S01159,2025-12-16,Social,Mobile,Canada,Products,14,1067,Yes,Contact,Yes
11159,S01160,2025-02-05,Organic,Desktop,UK,Blog,13,1069,Yes,Blog,Yes
11160,S01161,2025-01-19,Direct,Tablet,India,Contact,1,815,Yes,Contact,No
11161,S01162,2025-09-24,Social,Desktop,Canada,Contact,13,1362,No,Contact,Yes
11162,S01163,2025-06-26,Organic,Desktop,Australia,Pricing,12,652,Yes,Contact,Yes
11163,S01164,2025-11-26,Direct,Tablet,Australia,Checkout,7,923,No,Contact,Yes
11164,S01165,2025-11-29,Referral,Mobile,UK,Home,6,1672,Yes,Pricing,Yes
11165,S01166,2025-03-06,Email,Tablet,UK,Products,6,808,Yes,Pricing,Yes
11166,S01167,2025-09-24,Social,Tablet,USA,Home,9,649,Yes,Checkout,Yes
11167,S01168,2025-05-13,Direct,Desktop,Germany,Blog,9,1223,Yes,Contact,Yes
11168,S01169,2025-07-10,Social,Tablet,Australia,Services,1,1733,Yes,Home,No
11169,S01170,2025-11-30,Organic,Desktop,UK,Pricing,1,1559,Yes,Contact,No
11170,S01171,2025-06-23,Direct,Tablet,Australia,Pricing,1,938,Yes,Contact,No
11171,S01172,2025-12-07,Email,Tablet,USA,Services,15,1295,No,Services,Yes
11172,S01173,2025-10-21,Direct,Tablet,Canada,Pricing,11,1617,Yes,Home,Yes
11173,S01174,2025-10-26,Direct,Desktop,Canada,Home,6,1067,Yes,Contact,Yes
11174,S01175,2025-07-30,Organic,Mobile,India,Blog,7,1706,Yes,Blog,Yes
11175,S01176,2025-02-09,Social,Tablet,Australia,Blog,4,923,No,Checkout,No
11176,S01177,2025-09-13,Referral,Desktop,Germany,Blog,5,1206,No,Checkout,No
11177,S01178,2025-09-16,Direct,Desktop,Germany,Blog,3,305,Yes,Contact,No
11178,S01179,2025-09-28,Organic,Tablet,USA,Blog,9,1777,No,Home,Yes
11179,S01180,2025-10-14,Social,Mobile,Australia,Checkout,12,331,No,Home,Yes
11180,S01181,2025-10-20,Social,Mobile,Australia,Products,2,766,Yes,Services,No
11181,S01182,2025-06-05,Social,Desktop,India,Checkout,5,776,Yes,Products,No
11182,S01183,2025-08-04,Organic,Desktop,UK,Products,13,1217,Yes,Checkout,Yes
11183,S01184,2025-01-02,Organic,Tablet,UK,Home,12,1011,Yes,Blog,Yes
11184,S01185,2025-06-08,Email,Desktop,UK,Checkout,8,1183,No,Blog,Yes
11185,S01186,2025-11-07,Direct,Mobile,Australia,Contact,14,1484,No,Checkout,Yes
11186,S01187,2025-08-18,Direct,Tablet,UK,Home,8,1376,No,Blog,Yes
11187,S01188,2025-06-23,Email,Mobile,Germany,Blog,4,819,No,Contact,No
11188,S01189,2025-03-26,Organic,Tablet,Germany,Checkout,2,1783,No,Pricing,No
11189,S01190,2025-11-26,Email,Mobile,USA,Pricing,11,263,Yes,Pricing,No
11190,S01191,2025-09-01,Email,Mobile,India,Contact,9,397,Yes,Home,Yes
11191,S01192,2025-04-16,Direct,Tablet,Australia,Blog,5,1621,Yes,Checkout,No
11192,S01193,2025-06-14,Referral,Tablet,India,Blog,9,1252,Yes,Services,Yes
11193,S01194,2025-08-01,Organic,Tablet,UK,Blog,7,379,No,Home,Yes
11194,S01195,2025-10-05,Direct,Desktop,USA,Products,2,213,No,Checkout,No
11195,S01196,2025-06-07,Referral,Tablet,USA,Home,2,325,No,Products,No
11196,S01197,2025-01-30,Social,Desktop,India,Services,1,1470,Yes,Products,No
11197,S01198,2025-05-13,Referral,Mobile,India,Products,7,673,Yes,Checkout,Yes
11198,S01199,2025-05-02,Referral,Tablet,Australia,Blog,10,1210,Yes,Services,Yes
11199,S01200,2025-08-26,Email,Desktop,India,Blog,1,661,Yes,Home,No
11200,S01201,2025-04-30,Organic,Desktop,Australia,Pricing,7,1307,Yes,Products,Yes
11201,S01202,2025-11-30,Direct,Desktop,Australia,Blog,13,1146,No,Home,Yes
11202,S01203,2025-09-14,Direct,Mobile,UK,Pricing,14,1312,Yes,Checkout,Yes
11203,S01204,2025-08-05,Email,Desktop,India,Home,4,1110,No,Checkout,No
11204,S01205,2025-12-01,Direct,Mobile,India,Blog,10,602,No,Pricing,Yes
11205,S01206,2025-12-15,Referral,Desktop,Germany,Products,5,1729,No,Home,No
11206,S01207,2025-10-01,Email,Mobile,UK,Home,3,1523,No,Contact,No
11207,S01208,2025-03-13,Email,Desktop,Canada,Products,2,1710,No,Contact,No
11208,S01209,2025-05-14,Referral,Desktop,USA,Contact,6,1310,No,Services,Yes
11209,S01210,2025-11-03,Social,Mobile,Germany,Products,4,951,Yes,Pricing,No
11210,S01211,2025-01-05,Direct,Desktop,Australia,Contact,8,18,No,Checkout,No
11211,S01212,2025-02-11,Organic,Tablet,India,Checkout,7,1112,No,Contact,Yes
11212,S01213,2025-07-12,Email,Desktop,Canada,Products,2,732,Yes,Home,No
11213,S01214,2025-04-09,Referral,Mobile,USA,Contact,8,768,Yes,Checkout,Yes
11214,S01215,2025-12-30,Social,Mobile,India,Checkout,5,1403,No,Checkout,No
11215,S01216,2025-04-30,Referral,Desktop,India,Services,12,462,No,Contact,Yes
11216,S01217,2025-04-18,Organic,Mobile,Germany,Blog,12,1251,Yes,Checkout,Yes
11217,S01218,2025-09-14,Referral,Mobile,Australia,Products,5,1175,Yes,Home,No
11218,S01219,2025-02-03,Direct,Desktop,Australia,Checkout,10,272,Yes,Pricing,No
11219,S01220,2025-05-21,Direct,Tablet,India,Contact,12,1612,No,Contact,Yes
11220,S01221,2025-01-02,Referral,Tablet,Germany,Contact,9,939,Yes,Checkout,Yes
11221,S01222,2025-07-28,Social,Mobile,Germany,Pricing,6,895,No,Blog,Yes
11222,S01223,2025-01-23,Direct,Mobile,UK,Blog,6,1069,No,Services,Yes
11223,S01224,2025-04-10,Social,Mobile,Australia,Checkout,1,812,Yes,Home,No
11224,S01225,2025-12-20,Referral,Mobile,USA,Products,12,472,Yes,Services,Yes
11225,S01226,2025-11-17,Organic,Mobile,Canada,Blog,5,138,Yes,Pricing,No
11226,S01227,2025-06-21,Social,Mobile,India,Blog,13,1292,Yes,Services,Yes
11227,S01228,2025-06-20,Email,Mobile,India,Checkout,14,121,No,Checkout,No
11228,S01229,2025-08-17,Email,Mobile,India,Home,2,1290,Yes,Blog,No
11229,S01230,2025-12-22,Organic,Mobile,India,Checkout,6,1746,No,Home,Yes
11230,S01231,2025-11-17,Referral,Mobile,India,Contact,5,1260,Yes,Pricing,No
11231,S01232,2025-07-15,Referral,Mobile,Australia,Checkout,1,613,Yes,Blog,No
11232,S01233,2025-11-03,Email,Mobile,Canada,Blog,4,1780,No,Checkout,No
11233,S01234,2025-11-14,Organic,Desktop,Germany,Contact,7,1280,Yes,Blog,Yes
11234,S01235,2025-10-28,Direct,Mobile,India,Home,9,682,Yes,Pricing,Yes
11235,S01236,2025-04-10,Email,Mobile,Germany,Pricing,13,1731,No,Services,Yes
11236,S01237,2025-11-14,Referral,Mobile,USA,Products,7,995,Yes,Home,Yes
11237,S01238,2025-10-27,Referral,Tablet,Germany,Checkout,3,648,No,Services,No
11238,S01239,2025-03-16,Direct,Desktop,UK,Pricing,10,1118,No,Services,Yes
11239,S01240,2025-09-23,Email,Tablet,Germany,Products,6,26,Yes,Products,No
11240,S01241,2025-10-14,Organic,Desktop,UK,Products,9,1687,Yes,Contact,Yes
11241,S01242,2025-02-05,Social,Mobile,Germany,Blog,15,422,No,Pricing,Yes
11242,S01243,2025-10-24,Email,Desktop,Australia,Services,12,688,No,Services,Yes
11243,S01244,2025-08-21,Organic,Desktop,USA,Home,3,224,Yes,Contact,No
11244,S01245,2025-11-16,Direct,Mobile,Canada,Contact,4,965,No,Checkout,No
11245,S01246,2025-04-16,Referral,Mobile,India,Services,12,779,Yes,Home,Yes
11246,S01247,2025-10-12,Organic,Mobile,UK,Blog,6,71,Yes,Contact,No
11247,S01248,2025-07-04,Organic,Mobile,USA,Products,10,1577,No,Products,Yes
11248,S01249,2025-03-31,Social,Tablet,USA,Products,4,546,Yes,Home,No
11249,S01250,2025-05-15,Organic,Mobile,Germany,Products,3,1736,No,Contact,No
11250,S01251,2025-06-23,Direct,Desktop,Canada,Products,13,237,No,Checkout,No
11251,S01252,2025-03-29,Email,Tablet,Canada,Contact,6,1363,Yes,Home,Yes
11252,S01253,2025-04-08,Direct,Tablet,Canada,Contact,3,277,No,Services,No
11253,S01254,2025-11-22,Direct,Mobile,Australia,Pricing,10,889,Yes,Checkout,Yes
11254,S01255,2025-03-18,Social,Mobile,India,Contact,9,612,No,Checkout,Yes
11255,S01256,2025-09-18,Email,Desktop,USA,Contact,3,1753,Yes,Checkout,No
11256,S01257,2025-12-06,Email,Mobile,USA,Pricing,8,1629,No,Checkout,Yes
11257,S01258,2025-09-18,Social,Desktop,Australia,Blog,15,1331,Yes,Services,Yes
11258,S01259,2025-09-27,Referral,Tablet,Canada,Blog,12,775,No,Pricing,Yes
11259,S01260,2025-10-26,Organic,Mobile,USA,Products,7,1316,No,Checkout,Yes
11260,S01261,2025-04-22,Social,Desktop,Canada,Pricing,4,820,Yes,Checkout,No
11261,S01262,2025-10-09,Organic,Mobile,India,Services,6,531,No,Pricing,Yes
11262,S01263,2025-10-26,Organic,Desktop,Australia,Pricing,6,481,No,Blog,Yes
11263,S01264,2025-08-10,Referral,Desktop,Canada,Services,8,967,No,Blog,Yes
11264,S01265,2025-08-15,Direct,Desktop,Germany,Home,1,377,Yes,Services,No
11265,S01266,2025-05-31,Email,Tablet,Australia,Contact,15,178,Yes,Checkout,No
11266,S01267,2025-02-20,Organic,Mobile,UK,Home,5,476,Yes,Services,No
11267,S01268,2025-06-18,Social,Desktop,Germany,Checkout,4,1392,No,Products,No
11268,S01269,2025-03-12,Email,Desktop,India,Checkout,12,1247,No,Services,Yes
11269,S01270,2025-07-26,Referral,Tablet,Germany,Home,14,719,No,Contact,Yes
11270,S01271,2025-03-18,Referral,Mobile,USA,Contact,9,1568,Yes,Blog,Yes
11271,S01272,2025-10-28,Email,Desktop,Germany,Checkout,4,1066,No,Services,No
11272,S01273,2025-06-10,Direct,Desktop,Germany,Blog,13,185,Yes,Blog,No
11273,S01274,2025-10-13,Organic,Desktop,USA,Pricing,8,1756,Yes,Services,Yes
11274,S01275,2025-09-13,Social,Desktop,USA,Blog,12,29,No,Contact,No
11275,S01276,2025-12-20,Email,Desktop,UK,Pricing,13,836,Yes,Pricing,Yes
11276,S01277,2025-03-13,Direct,Desktop,Australia,Contact,13,75,No,Blog,No
11277,S01278,2025-02-02,Email,Desktop,USA,Blog,4,810,Yes,Services,No
11278,S01279,2025-11-24,Social,Mobile,USA,Home,10,934,Yes,Home,Yes
11279,S01280,2025-11-05,Referral,Mobile,USA,Products,14,1421,Yes,Blog,Yes
11280,S01281,2025-04-30,Social,Tablet,Australia,Home,5,431,No,Home,No
11281,S01282,2025-01-06,Direct,Desktop,Canada,Blog,6,1071,Yes,Home,Yes
11282,S01283,2025-08-03,Referral,Tablet,India,Blog,3,1108,Yes,Products,No
11283,S01284,2025-06-08,Referral,Tablet,Germany,Blog,14,431,Yes,Pricing,Yes
11284,S01285,2025-10-28,Direct,Tablet,Germany,Contact,10,645,No,Services,Yes
11285,S01286,2025-03-15,Referral,Mobile,Canada,Pricing,4,25,Yes,Pricing,No
11286,S01287,2025-09-09,Referral,Desktop,Australia,Home,6,1175,Yes,Services,Yes
11287,S01288,2025-06-27,Social,Desktop,Australia,Checkout,11,944,Yes,Blog,Yes
11288,S01289,2025-11-13,Referral,Desktop,Canada,Contact,4,377,Yes,Contact,No
11289,S01290,2025-07-21,Organic,Mobile,USA,Services,10,205,No,Contact,No
11290,S01291,2025-12-24,Direct,Desktop,Canada,Checkout,15,146,Yes,Services,No
11291,S01292,2025-02-23,Email,Desktop,Canada,Blog,2,1557,Yes,Services,No
11292,S01293,2025-01-23,Referral,Mobile,India,Contact,4,1046,No,Blog,No
11293,S01294,2025-07-24,Direct,Desktop,India,Home,6,1537,No,Home,Yes
11294,S01295,2025-06-17,Referral,Desktop,Canada,Home,12,289,Yes,Pricing,No
11295,S01296,2026-01-01,Referral,Mobile,Canada,Checkout,11,506,No,Checkout,Yes
11296,S01297,2025-01-10,Email,Mobile,USA,Services,3,359,Yes,Pricing,No
11297,S01298,2025-03-28,Organic,Tablet,India,Contact,12,810,No,Products,Yes
11298,S01299,2025-04-02,Direct,Tablet,India,Contact,8,743,Yes,Blog,Yes
11299,S01300,2025-11-22,Email,Tablet,Germany,Contact,12,107,Yes,Blog,No
11300,S01301,2025-08-16,Organic,Tablet,India,Home,12,641,No,Checkout,Yes
11301,S01302,2025-07-11,Direct,Mobile,India,Home,4,521,No,Home,No
11302,S01303,2025-04-09,Organic,Mobile,India,Checkout,1,700,Yes,Checkout,No
11303,S01304,2025-03-27,Direct,Mobile,Canada,Pricing,14,1370,Yes,Checkout,Yes
11304,S01305,2025-10-15,Direct,Tablet,USA,Pricing,6,670,No,Blog,Yes
11305,S01306,2025-04-20,Organic,Desktop,UK,Products,2,485,Yes,Blog,No
11306,S01307,2025-01-07,Referral,Mobile,Canada,Products,11,657,Yes,Contact,Yes
11307,S01308,2025-11-29,Email,Desktop,India,Home,14,580,Yes,Blog,Yes
11308,S01309,2025-11-03,Referral,Mobile,Germany,Pricing,5,1581,Yes,Services,No
11309,S01310,2025-06-16,Referral,Tablet,Germany,Products,2,1238,No,Products,No
11310,S01311,2025-12-19,Social,Tablet,Canada,Home,11,1569,No,Home,Yes
11311,S01312,2025-08-18,Referral,Tablet,Germany,Contact,10,1208,Yes,Pricing,Yes
11312,S01313,2025-01-07,Direct,Mobile,Australia,Checkout,10,1453,Yes,Services,Yes
11313,S01314,2025-08-08,Direct,Tablet,India,Home,4,1521,Yes,Services,No
11314,S01315,2025-04-14,Direct,Desktop,USA,Contact,8,617,Yes,Products,Yes
11315,S01316,2025-11-03,Referral,Tablet,UK,Products,15,1495,No,Services,Yes
11316,S01317,2025-01-21,Email,Desktop,Germany,Checkout,11,1621,No,Checkout,Yes
11317,S01318,2025-06-19,Social,Mobile,USA,Pricing,1,479,Yes,Home,No
11318,S01319,2025-05-08,Direct,Tablet,Canada,Pricing,15,1371,No,Products,Yes
11319,S01320,2025-01-04,Organic,Desktop,India,Products,8,1299,Yes,Contact,Yes
11320,S01321,2025-03-06,Organic,Mobile,Australia,Pricing,3,428,Yes,Products,No
11321,S01322,2025-08-07,Referral,Desktop,USA,Contact,9,170,Yes,Products,No
11322,S01323,2025-11-07,Direct,Desktop,UK,Pricing,7,371,No,Contact,Yes
11323,S01324,2025-09-04,Organic,Desktop,Canada,Blog,4,566,Yes,Blog,No
11324,S01325,2025-09-16,Email,Tablet,Canada,Checkout,8,875,Yes,Checkout,Yes
11325,S01326,2025-01-11,Referral,Desktop,India,Checkout,13,997,No,Pricing,Yes
11326,S01327,2025-10-11,Direct,Desktop,Canada,Blog,9,322,No,Blog,Yes
11327,S01328,2025-10-15,Email,Desktop,India,Services,5,778,Yes,Contact,No
11328,S01329,2025-03-21,Direct,Mobile,India,Checkout,8,410,No,Blog,Yes
11329,S01330,2025-07-22,Social,Desktop,Canada,Services,7,861,Yes,Blog,Yes
11330,S01331,2025-03-05,Referral,Tablet,USA,Products,15,89,No,Services,No
11331,S01332,2025-06-28,Email,Tablet,Canada,Contact,13,1549,No,Contact,Yes
11332,S01333,2025-07-17,Referral,Tablet,USA,Products,1,1343,Yes,Blog,No
11333,S01334,2025-07-05,Organic,Tablet,Germany,Contact,1,1675,Yes,Products,No
11334,S01335,2025-08-22,Direct,Desktop,USA,Pricing,5,1249,Yes,Home,No
11335,S01336,2025-02-17,Referral,Desktop,Germany,Pricing,2,1588,Yes,Pricing,No
11336,S01337,2025-08-05,Direct,Desktop,UK,Contact,15,396,No,Pricing,Yes
11337,S01338,2025-07-15,Email,Desktop,Germany,Blog,9,1358,Yes,Home,Yes
11338,S01339,2025-06-26,Direct,Desktop,Germany,Products,11,1182,No,Contact,Yes
11339,S01340,2025-03-28,Referral,Mobile,India,Home,5,23,No,Pricing,No
11340,S01341,2025-05-28,Referral,Mobile,USA,Services,7,1350,Yes,Contact,Yes
11341,S01342,2025-09-07,Direct,Tablet,India,Blog,3,415,Yes,Products,No
11342,S01343,2025-04-04,Direct,Desktop,Canada,Blog,4,130,Yes,Checkout,No
11343,S01344,2025-02-10,Social,Mobile,Canada,Home,11,350,No,Home,Yes
11344,S01345,2025-10-27,Direct,Desktop,Canada,Contact,6,70,Yes,Home,No
11345,S01346,2025-01-04,Email,Mobile,India,Products,1,554,Yes,Pricing,No
11346,S01347,2025-07-12,Email,Tablet,UK,Blog,13,24,No,Checkout,No
11347,S01348,2025-08-08,Social,Desktop,Germany,Services,6,1247,No,Checkout,Yes
11348,S01349,2025-12-07,Referral,Desktop,Australia,Home,4,749,No,Checkout,No
11349,S01350,2025-02-21,Organic,Desktop,Germany,Blog,6,1661,Yes,Home,Yes
11350,S01351,2025-09-29,Social,Tablet,USA,Services,10,261,No,Pricing,No
11351,S01352,2025-09-01,Email,Desktop,Germany,Products,11,1359,Yes,Contact,Yes
11352,S01353,2025-01-09,Social,Mobile,Germany,Services,14,669,No,Products,Yes
11353,S01354,2025-07-24,Email,Mobile,UK,Blog,10,1002,No,Contact,Yes
11354,S01355,2025-02-21,Referral,Desktop,Australia,Products,14,1442,Yes,Checkout,Yes
11355,S01356,2025-09-16,Organic,Mobile,Canada,Checkout,9,1181,Yes,Services,Yes
11356,S01357,2025-10-08,Referral,Mobile,Canada,Home,14,1388,No,Contact,Yes
11357,S01358,2025-05-05,Direct,Mobile,Germany,Contact,9,503,Yes,Home,Yes
11358,S01359,2025-01-15,Direct,Desktop,Canada,Checkout,7,1475,No,Products,Yes
11359,S01360,2025-12-07,Referral,Tablet,India,Contact,12,537,Yes,Pricing,Yes
11360,S01361,2025-09-09,Organic,Tablet,UK,Checkout,11,1495,Yes,Pricing,Yes
11361,S01362,2025-02-03,Social,Desktop,Germany,Contact,13,1240,No,Contact,Yes
11362,S01363,2025-10-15,Referral,Mobile,USA,Services,11,1617,Yes,Services,Yes
11363,S01364,2025-02-15,Social,Tablet,Australia,Products,2,238,Yes,Pricing,No
11364,S01365,2025-06-10,Referral,Tablet,Germany,Home,6,270,No,Home,No
11365,S01366,2025-04-08,Referral,Desktop,UK,Checkout,10,1106,No,Checkout,Yes
11366,S01367,2025-03-06,Email,Tablet,Australia,Pricing,11,1641,Yes,Home,Yes
11367,S01368,2025-10-03,Referral,Desktop,USA,Checkout,7,28,No,Checkout,No
11368,S01369,2025-12-15,Referral,Mobile,Australia,Services,4,1033,Yes,Contact,No
11369,S01370,2025-12-26,Organic,Tablet,UK,Services,11,1749,Yes,Services,Yes
11370,S01371,2025-10-21,Referral,Tablet,USA,Blog,14,1456,No,Contact,Yes
11371,S01372,2025-06-20,Direct,Tablet,USA,Checkout,7,130,Yes,Contact,No
11372,S01373,2025-04-02,Referral,Tablet,Canada,Services,12,117,Yes,Home,No
11373,S01374,2025-06-22,Referral,Tablet,Canada,Services,9,813,No,Blog,Yes
11374,S01375,2025-05-25,Social,Tablet,USA,Contact,2,1091,No,Home,No
11375,S01376,2025-10-25,Organic,Tablet,UK,Blog,3,672,Yes,Pricing,No
11376,S01377,2025-12-23,Referral,Desktop,USA,Products,3,914,Yes,Checkout,No
11377,S01378,2025-11-30,Organic,Desktop,Germany,Checkout,12,410,Yes,Contact,Yes
11378,S01379,2025-03-17,Referral,Desktop,Germany,Checkout,13,1768,Yes,Home,Yes
11379,S01380,2025-08-31,Direct,Mobile,India,Pricing,2,738,No,Pricing,No
11380,S01381,2025-11-18,Referral,Mobile,India,Home,7,314,Yes,Blog,Yes
11381,S01382,2025-12-19,Email,Mobile,Germany,Contact,8,629,No,Checkout,Yes
11382,S01383,2025-12-10,Organic,Desktop,Germany,Blog,12,1638,No,Contact,Yes
11383,S01384,2025-07-08,Organic,Mobile,India,Home,11,921,Yes,Blog,Yes
11384,S01385,2025-09-18,Direct,Mobile,Australia,Pricing,11,1379,No,Services,Yes
11385,S01386,2025-02-18,Email,Mobile,Canada,Blog,12,1536,No,Services,Yes
11386,S01387,2025-02-20,Social,Mobile,Germany,Checkout,10,266,Yes,Blog,No
11387,S01388,2025-01-11,Referral,Tablet,Australia,Checkout,14,1445,No,Home,Yes
11388,S01389,2025-10-27,Email,Tablet,Germany,Home,9,1724,Yes,Contact,Yes
11389,S01390,2025-04-03,Email,Tablet,USA,Home,15,250,No,Checkout,No
11390,S01391,2025-01-21,Direct,Tablet,USA,Contact,6,261,Yes,Home,No
11391,S01392,2025-01-18,Organic,Mobile,Australia,Services,9,535,No,Pricing,Yes
11392,S01393,2025-12-03,Organic,Mobile,UK,Home,3,876,No,Contact,No
11393,S01394,2025-03-13,Email,Desktop,Germany,Services,9,921,No,Pricing,Yes
11394,S01395,2025-04-18,Organic,Tablet,India,Products,9,1055,Yes,Products,Yes
11395,S01396,2025-04-21,Direct,Tablet,Australia,Products,3,623,No,Services,No
11396,S01397,2025-11-15,Referral,Mobile,Australia,Services,3,1503,No,Blog,No
11397,S01398,2025-07-24,Referral,Mobile,UK,Contact,11,344,No,Contact,Yes
11398,S01399,2025-04-15,Organic,Tablet,Germany,Services,3,1107,Yes,Contact,No
11399,S01400,2025-12-03,Email,Tablet,USA,Blog,6,1164,Yes,Services,Yes
11400,S01401,2025-07-14,Organic,Tablet,USA,Home,13,898,No,Home,Yes
11401,S01402,2025-12-17,Email,Desktop,India,Services,9,235,Yes,Services,No
11402,S01403,2025-05-20,Direct,Mobile,UK,Home,15,693,Yes,Blog,Yes
11403,S01404,2025-02-23,Organic,Mobile,Australia,Contact,4,785,No,Pricing,No
11404,S01405,2025-09-08,Organic,Tablet,UK,Contact,14,1662,No,Pricing,Yes
11405,S01406,2025-02-20,Organic,Mobile,UK,Checkout,5,1254,No,Products,No
11406,S01407,2025-12-14,Email,Tablet,Australia,Checkout,6,1660,No,Blog,Yes
11407,S01408,2025-05-13,Organic,Tablet,Australia,Contact,10,271,Yes,Contact,No
11408,S01409,2025-07-13,Email,Tablet,UK,Home,3,302,No,Contact,No
11409,S01410,2025-12-14,Email,Desktop,Germany,Blog,13,520,Yes,Blog,Yes
11410,S01411,2025-08-28,Email,Desktop,UK,Blog,6,1645,Yes,Services,Yes
11411,S01412,2025-02-14,Social,Desktop,UK,Checkout,11,1767,Yes,Contact,Yes
11412,S01413,2025-05-03,Organic,Mobile,Australia,Home,2,167,Yes,Contact,No
11413,S01414,2025-09-10,Organic,Desktop,Germany,Pricing,5,1144,Yes,Blog,No
11414,S01415,2025-12-17,Email,Tablet,India,Blog,8,1064,Yes,Pricing,Yes
11415,S01416,2025-01-04,Referral,Tablet,Australia,Contact,4,1712,No,Products,No
11416,S01417,2025-09-28,Email,Mobile,Australia,Blog,12,1364,Yes,Contact,Yes
11417,S01418,2025-09-26,Direct,Mobile,India,Services,15,1574,Yes,Pricing,Yes
11418,S01419,2025-08-05,Referral,Desktop,USA,Services,6,114,Yes,Services,No
11419,S01420,2025-05-08,Email,Mobile,UK,Services,15,1400,No,Services,Yes
11420,S01421,2025-01-02,Email,Desktop,USA,Services,5,446,Yes,Blog,No
11421,S01422,2025-09-07,Organic,Desktop,India,Pricing,15,1275,No,Services,Yes
11422,S01423,2025-02-24,Organic,Desktop,Germany,Products,5,734,No,Services,No
11423,S01424,2025-08-09,Referral,Mobile,India,Pricing,1,217,Yes,Pricing,No
11424,S01425,2025-07-30,Organic,Desktop,India,Products,15,324,No,Products,Yes
11425,S01426,2025-07-11,Social,Desktop,Canada,Products,8,819,No,Home,Yes
11426,S01427,2025-08-13,Direct,Mobile,UK,Contact,8,1354,No,Home,Yes
11427,S01428,2025-12-30,Direct,Mobile,USA,Services,6,1792,Yes,Products,Yes
11428,S01429,2025-06-19,Organic,Mobile,Germany,Products,7,872,No,Contact,Yes
11429,S01430,2025-08-04,Referral,Tablet,Canada,Checkout,5,253,Yes,Services,No
11430,S01431,2025-07-24,Email,Tablet,Germany,Checkout,13,1575,No,Products,Yes
11431,S01432,2025-01-11,Direct,Mobile,UK,Pricing,2,230,Yes,Checkout,No
11432,S01433,2025-01-27,Social,Desktop,Australia,Contact,11,494,Yes,Blog,Yes
11433,S01434,2025-05-25,Referral,Mobile,Canada,Products,8,602,Yes,Contact,Yes
11434,S01435,2025-05-08,Social,Mobile,UK,Contact,9,392,Yes,Contact,Yes
11435,S01436,2025-04-12,Referral,Tablet,India,Contact,14,888,Yes,Products,Yes
11436,S01437,2025-11-19,Direct,Mobile,India,Products,14,1220,No,Home,Yes
11437,S01438,2025-03-16,Referral,Mobile,Australia,Products,5,403,Yes,Checkout,No
11438,S01439,2025-07-28,Email,Desktop,Germany,Contact,1,788,Yes,Products,No
11439,S01440,2025-08-07,Referral,Mobile,Australia,Blog,4,698,Yes,Services,No
11440,S01441,2025-07-06,Social,Desktop,Germany,Blog,2,561,Yes,Services,No
11441,S01442,2025-04-04,Organic,Mobile,India,Contact,15,107,No,Products,No
11442,S01443,2025-05-24,Email,Mobile,Canada,Products,5,976,No,Blog,No
11443,S01444,2025-06-05,Organic,Mobile,Germany,Home,6,694,Yes,Services,Yes
11444,S01445,2025-07-05,Email,Tablet,Australia,Services,6,1528,Yes,Contact,Yes
11445,S01446,2025-10-27,Referral,Mobile,India,Products,5,440,Yes,Home,No
11446,S01447,2025-04-08,Direct,Tablet,Canada,Home,10,1350,Yes,Pricing,Yes
11447,S01448,2025-06-04,Referral,Mobile,Australia,Contact,10,712,Yes,Home,Yes
11448,S01449,2025-08-03,Email,Tablet,UK,Checkout,3,402,No,Services,No
11449,S01450,2025-03-02,Referral,Mobile,Canada,Blog,8,1299,Yes,Products,Yes
11450,S01451,2025-12-23,Direct,Desktop,India,Pricing,10,571,Yes,Checkout,Yes
11451,S01452,2025-07-23,Referral,Tablet,Australia,Checkout,12,399,Yes,Products,Yes
11452,S01453,2025-09-18,Referral,Tablet,Canada,Blog,8,1547,No,Products,Yes
11453,S01454,2025-03-23,Email,Mobile,Australia,Contact,3,17,Yes,Checkout,No
11454,S01455,2025-09-15,Email,Desktop,UK,Checkout,9,942,Yes,Services,Yes
11455,S01456,2025-10-10,Organic,Mobile,USA,Home,12,559,Yes,Services,Yes
11456,S01457,2025-03-17,Social,Mobile,UK,Checkout,1,1319,Yes,Checkout,No
11457,S01458,2025-05-08,Direct,Tablet,India,Home,1,1325,Yes,Contact,No
11458,S01459,2025-11-06,Social,Desktop,India,Contact,6,1305,No,Contact,Yes
11459,S01460,2025-11-10,Social,Desktop,India,Contact,3,846,Yes,Checkout,No
11460,S01461,2025-05-24,Direct,Desktop,India,Pricing,6,459,Yes,Contact,Yes
11461,S01462,2025-07-15,Social,Tablet,Germany,Pricing,12,1419,Yes,Checkout,Yes
11462,S01463,2025-06-16,Social,Mobile,Australia,Contact,8,461,No,Products,Yes
11463,S01464,2025-08-11,Social,Mobile,Canada,Home,8,484,No,Products,Yes
11464,S01465,2025-04-01,Direct,Tablet,Canada,Contact,8,388,Yes,Contact,Yes
11465,S01466,2025-06-08,Direct,Mobile,Canada,Contact,5,53,Yes,Home,No
11466,S01467,2025-08-07,Direct,Desktop,Germany,Blog,3,157,Yes,Contact,No
11467,S01468,2025-01-07,Email,Mobile,Canada,Blog,9,291,Yes,Home,No
11468,S01469,2025-11-26,Organic,Mobile,USA,Checkout,14,37,Yes,Services,No
11469,S01470,2025-11-04,Organic,Mobile,India,Pricing,3,1294,No,Checkout,No
11470,S01471,2025-04-14,Direct,Desktop,Australia,Blog,12,184,Yes,Services,No
11471,S01472,2025-03-21,Direct,Mobile,Australia,Contact,6,990,No,Contact,Yes
11472,S01473,2025-01-11,Organic,Mobile,Australia,Services,9,262,Yes,Pricing,No
11473,S01474,2025-08-01,Direct,Mobile,USA,Home,15,1723,Yes,Blog,Yes
11474,S01475,2025-06-30,Social,Mobile,Germany,Blog,7,311,Yes,Blog,Yes
11475,S01476,2025-04-25,Organic,Desktop,UK,Home,3,235,No,Home,No
11476,S01477,2025-01-23,Email,Mobile,USA,Blog,6,183,No,Pricing,No
11477,S01478,2025-08-06,Direct,Tablet,Germany,Services,3,1401,No,Services,No
11478,S01479,2025-05-19,Referral,Tablet,UK,Services,15,222,Yes,Checkout,No
11479,S01480,2025-03-18,Direct,Desktop,USA,Blog,1,1774,Yes,Blog,No
11480,S01481,2025-09-02,Organic,Mobile,Australia,Blog,12,1641,No,Products,Yes
11481,S01482,2025-03-07,Direct,Desktop,UK,Services,2,671,No,Blog,No
11482,S01483,2025-07-31,Email,Tablet,UK,Products,8,1430,Yes,Blog,Yes
11483,S01484,2025-09-12,Email,Tablet,Canada,Pricing,7,1135,Yes,Blog,Yes
11484,S01485,2025-08-04,Email,Tablet,Germany,Checkout,2,1199,Yes,Contact,No
11485,S01486,2025-07-05,Organic,Mobile,India,Services,2,491,No,Products,No
11486,S01487,2025-01-31,Social,Desktop,USA,Services,15,235,No,Products,No
11487,S01488,2025-10-10,Referral,Mobile,USA,Checkout,14,1757,Yes,Home,Yes
11488,S01489,2025-03-02,Direct,Desktop,Germany,Home,12,292,No,Services,No
11489,S01490,2025-02-24,Email,Mobile,Canada,Checkout,1,1446,Yes,Pricing,No
11490,S01491,2025-01-16,Direct,Desktop,USA,Home,14,333,Yes,Home,Yes
11491,S01492,2025-08-02,Direct,Mobile,Canada,Contact,1,1175,Yes,Products,No
11492,S01493,2025-12-24,Social,Desktop,Canada,Contact,12,1090,No,Blog,Yes
11493,S01494,2025-12-22,Organic,Desktop,India,Products,13,1330,Yes,Contact,Yes
11494,S01495,2025-03-30,Email,Mobile,India,Blog,1,1247,Yes,Checkout,No
11495,S01496,2025-08-21,Email,Tablet,UK,Pricing,7,1402,No,Contact,Yes
11496,S01497,2025-03-22,Social,Mobile,Australia,Blog,4,877,Yes,Contact,No
11497,S01498,2025-11-13,Organic,Mobile,Canada,Products,4,830,Yes,Checkout,No
11498,S01499,2025-09-02,Social,Tablet,Germany,Blog,12,969,No,Products,Yes
11499,S01500,2025-07-10,Referral,Mobile,UK,Home,1,1655,Yes,Home,No
11500,S01501,2025-11-05,Social,Mobile,USA,Services,2,752,Yes,Pricing,No
11501,S01502,2025-04-19,Email,Mobile,UK,Products,2,143,Yes,Contact,No
11502,S01503,2025-05-04,Social,Mobile,Australia,Pricing,15,76,Yes,Pricing,No
11503,S01504,2025-01-24,Organic,Desktop,India,Services,13,1000,Yes,Services,Yes
11504,S01505,2025-07-23,Email,Mobile,UK,Checkout,13,588,No,Contact,Yes
11505,S01506,2025-12-26,Organic,Desktop,Canada,Contact,6,275,Yes,Pricing,No
11506,S01507,2025-03-18,Organic,Tablet,Canada,Blog,13,1597,Yes,Services,Yes
11507,S01508,2025-12-16,Referral,Mobile,Germany,Home,3,320,Yes,Products,No
11508,S01509,2025-12-01,Direct,Tablet,USA,Pricing,13,1405,No,Blog,Yes
11509,S01510,2025-06-23,Social,Desktop,Australia,Checkout,13,278,No,Home,No
11510,S01511,2025-12-16,Referral,Mobile,USA,Pricing,15,1469,Yes,Products,Yes
11511,S01512,2025-09-12,Organic,Mobile,USA,Checkout,10,1295,No,Pricing,Yes
11512,S01513,2025-02-14,Referral,Mobile,Canada,Services,14,1643,Yes,Services,Yes
11513,S01514,2025-05-24,Email,Desktop,UK,Home,3,149,Yes,Products,No
11514,S01515,2025-08-24,Social,Desktop,UK,Checkout,12,1590,No,Contact,Yes
11515,S01516,2025-03-05,Email,Desktop,India,Services,15,297,No,Blog,No
11516,S01517,2025-11-14,Direct,Desktop,UK,Pricing,7,1765,No,Services,Yes
11517,S01518,2025-07-31,Email,Desktop,UK,Contact,2,1407,Yes,Pricing,No
11518,S01519,2025-05-06,Email,Mobile,USA,Checkout,11,126,Yes,Services,No
11519,S01520,2025-10-19,Referral,Mobile,USA,Blog,7,334,No,Contact,Yes
11520,S01521,2025-08-27,Referral,Tablet,Australia,Checkout,2,724,No,Home,No
11521,S01522,2025-02-25,Referral,Desktop,USA,Blog,2,379,No,Home,No
11522,S01523,2025-11-06,Referral,Mobile,Germany,Contact,6,711,No,Home,Yes
11523,S01524,2025-01-20,Email,Mobile,Canada,Products,5,940,Yes,Services,No
11524,S01525,2025-11-04,Referral,Mobile,UK,Checkout,10,74,No,Blog,No
11525,S01526,2025-04-19,Organic,Tablet,Canada,Services,4,120,No,Contact,No
11526,S01527,2025-03-14,Organic,Desktop,Canada,Home,3,181,No,Checkout,No
11527,S01528,2025-08-03,Email,Mobile,Germany,Services,12,934,Yes,Checkout,Yes
11528,S01529,2025-08-08,Social,Desktop,USA,Products,1,199,Yes,Services,No
11529,S01530,2025-09-01,Email,Tablet,USA,Contact,7,996,No,Services,Yes
11530,S01531,2025-10-20,Referral,Mobile,Australia,Checkout,15,1429,Yes,Home,Yes
11531,S01532,2025-10-24,Email,Mobile,UK,Contact,12,1377,No,Home,Yes
11532,S01533,2025-03-17,Referral,Desktop,India,Checkout,3,949,No,Services,No
11533,S01534,2025-01-02,Referral,Mobile,Germany,Blog,9,1489,Yes,Home,Yes
11534,S01535,2025-04-07,Referral,Tablet,Australia,Checkout,4,1537,Yes,Pricing,No
11535,S01536,2025-06-28,Direct,Mobile,Germany,Pricing,7,452,Yes,Services,Yes
11536,S01537,2025-01-09,Social,Desktop,Australia,Checkout,14,755,Yes,Contact,Yes
11537,S01538,2025-08-22,Referral,Desktop,UK,Services,8,1338,No,Pricing,Yes
11538,S01539,2025-02-28,Direct,Desktop,Canada,Services,13,697,Yes,Pricing,Yes
11539,S01540,2025-10-05,Referral,Desktop,UK,Checkout,10,343,No,Contact,Yes
11540,S01541,2025-11-14,Organic,Mobile,India,Home,5,1447,Yes,Pricing,No
11541,S01542,2025-02-23,Referral,Tablet,Australia,Pricing,15,852,Yes,Contact,Yes
11542,S01543,2025-10-25,Organic,Tablet,UK,Checkout,8,1040,No,Products,Yes
11543,S01544,2025-08-21,Email,Desktop,India,Products,4,1601,No,Home,No
11544,S01545,2025-08-26,Referral,Tablet,Germany,Checkout,6,1635,No,Home,Yes
11545,S01546,2025-04-25,Email,Desktop,UK,Contact,6,1611,No,Services,Yes
11546,S01547,2025-08-01,Direct,Mobile,Canada,Home,14,1638,Yes,Home,Yes
11547,S01548,2025-07-11,Email,Tablet,Australia,Services,3,1628,No,Products,No
11548,S01549,2025-05-04,Email,Desktop,USA,Pricing,10,890,No,Checkout,Yes
11549,S01550,2025-10-23,Referral,Mobile,Germany,Blog,1,1651,Yes,Contact,No
11550,S01551,2025-06-12,Email,Mobile,Canada,Products,3,835,Yes,Contact,No
11551,S01552,2025-09-16,Organic,Tablet,Australia,Checkout,13,268,No,Checkout,No
11552,S01553,2025-05-14,Email,Mobile,UK,Products,13,1294,Yes,Home,Yes
11553,S01554,2025-01-06,Email,Mobile,India,Pricing,1,905,Yes,Contact,No
11554,S01555,2025-10-20,Referral,Mobile,Germany,Contact,9,171,Yes,Blog,No
11555,S01556,2025-07-03,Direct,Mobile,Germany,Products,11,1303,No,Products,Yes
11556,S01557,2025-05-06,Referral,Desktop,Germany,Home,9,1731,No,Home,Yes
11557,S01558,2025-11-18,Organic,Tablet,Australia,Checkout,15,304,Yes,Home,Yes
11558,S01559,2025-03-04,Organic,Mobile,UK,Services,8,1230,Yes,Home,Yes
11559,S01560,2025-07-05,Direct,Desktop,India,Blog,2,1022,Yes,Blog,No
11560,S01561,2025-11-17,Organic,Mobile,Germany,Blog,2,1006,No,Services,No
11561,S01562,2025-03-24,Direct,Desktop,India,Products,11,933,Yes,Home,Yes
11562,S01563,2025-09-05,Email,Tablet,Australia,Home,6,720,Yes,Pricing,Yes
11563,S01564,2025-03-04,Direct,Tablet,India,Pricing,12,531,Yes,Pricing,Yes
11564,S01565,2025-03-20,Direct,Desktop,India,Products,9,1568,Yes,Services,Yes
11565,S01566,2025-02-12,Direct,Desktop,UK,Blog,3,460,Yes,Home,No
11566,S01567,2025-10-10,Social,Desktop,Germany,Checkout,6,1460,No,Blog,Yes
11567,S01568,2025-04-09,Social,Mobile,USA,Contact,9,829,No,Blog,Yes
11568,S01569,2025-10-28,Social,Mobile,USA,Contact,2,1205,No,Blog,No
11569,S01570,2025-08-05,Email,Tablet,UK,Checkout,15,923,No,Pricing,Yes
11570,S01571,2025-07-16,Referral,Mobile,Australia,Services,2,1253,No,Contact,No
11571,S01572,2025-08-19,Direct,Mobile,Australia,Services,14,141,No,Services,No
11572,S01573,2025-11-27,Email,Desktop,Canada,Home,10,1703,Yes,Products,Yes
11573,S01574,2025-08-08,Direct,Desktop,USA,Home,13,670,Yes,Contact,Yes
11574,S01575,2025-03-16,Social,Mobile,India,Services,6,771,Yes,Contact,Yes
11575,S01576,2025-08-27,Email,Desktop,USA,Pricing,6,447,Yes,Blog,Yes
11576,S01577,2025-04-19,Email,Mobile,India,Pricing,5,1242,No,Contact,No
11577,S01578,2025-12-10,Organic,Tablet,Germany,Blog,10,1663,No,Services,Yes
11578,S01579,2025-04-12,Direct,Mobile,Canada,Blog,14,665,Yes,Services,Yes
11579,S01580,2025-03-05,Referral,Mobile,Australia,Services,7,254,No,Products,No
11580,S01581,2025-05-26,Organic,Tablet,Australia,Home,10,53,No,Services,No
11581,S01582,2025-07-26,Organic,Tablet,Australia,Home,3,1733,No,Contact,No
11582,S01583,2025-08-29,Organic,Desktop,Germany,Services,1,152,Yes,Services,No
11583,S01584,2025-06-27,Referral,Mobile,Australia,Checkout,6,1553,No,Blog,Yes
11584,S01585,2025-07-21,Social,Tablet,Canada,Blog,10,106,Yes,Checkout,No
11585,S01586,2025-02-22,Organic,Mobile,India,Checkout,6,1275,Yes,Products,Yes
11586,S01587,2025-12-19,Referral,Mobile,USA,Home,2,671,Yes,Contact,No
11587,S01588,2025-07-08,Email,Mobile,Germany,Checkout,15,1673,Yes,Services,Yes
11588,S01589,2025-01-23,Organic,Mobile,UK,Home,15,1617,No,Services,Yes
11589,S01590,2025-07-14,Social,Tablet,USA,Products,12,1264,No,Home,Yes
11590,S01591,2025-03-17,Email,Desktop,Germany,Blog,3,663,Yes,Pricing,No
11591,S01592,2025-10-23,Referral,Tablet,Canada,Services,9,502,No,Checkout,Yes
11592,S01593,2025-04-26,Organic,Desktop,UK,Contact,12,998,Yes,Services,Yes
11593,S01594,2025-05-05,Direct,Tablet,India,Home,9,1721,No,Home,Yes
11594,S01595,2025-12-10,Direct,Desktop,Canada,Products,4,36,No,Home,No
11595,S01596,2025-10-30,Email,Tablet,UK,Checkout,6,437,No,Contact,Yes
11596,S01597,2025-03-20,Email,Mobile,USA,Products,8,1352,No,Blog,Yes
11597,S01598,2025-11-14,Email,Mobile,Canada,Products,8,1787,Yes,Services,Yes
11598,S01599,2025-12-18,Social,Tablet,Germany,Home,7,346,Yes,Blog,Yes
11599,S01600,2025-02-26,Direct,Mobile,Canada,Products,15,229,No,Home,No
11600,S01601,2025-09-29,Referral,Desktop,UK,Home,8,1365,Yes,Services,Yes
11601,S01602,2025-03-19,Referral,Tablet,Canada,Pricing,7,444,No,Home,Yes
11602,S01603,2025-07-09,Organic,Mobile,Germany,Blog,8,568,No,Products,Yes
11603,S01604,2025-07-26,Direct,Tablet,UK,Pricing,5,397,No,Pricing,No
11604,S01605,2025-12-15,Organic,Tablet,USA,Home,7,233,Yes,Home,No
11605,S01606,2025-10-22,Social,Mobile,India,Pricing,1,83,Yes,Home,No
11606,S01607,2025-11-14,Referral,Desktop,Canada,Home,5,473,Yes,Contact,No
11607,S01608,2025-05-18,Referral,Mobile,USA,Checkout,14,1426,Yes,Services,Yes
11608,S01609,2025-12-28,Email,Desktop,Germany,Home,11,599,Yes,Products,Yes
11609,S01610,2025-11-15,Referral,Tablet,UK,Checkout,9,1444,Yes,Products,Yes
11610,S01611,2025-02-05,Direct,Mobile,UK,Blog,6,1405,Yes,Home,Yes
11611,S01612,2025-08-08,Social,Mobile,USA,Services,11,981,Yes,Products,Yes
11612,S01613,2025-01-05,Email,Desktop,Canada,Pricing,11,1567,Yes,Blog,Yes
11613,S01614,2025-08-30,Organic,Mobile,India,Pricing,14,516,No,Checkout,Yes
11614,S01615,2025-09-15,Direct,Mobile,India,Home,4,1085,No,Checkout,No
11615,S01616,2025-08-20,Referral,Tablet,UK,Pricing,12,697,No,Contact,Yes
11616,S01617,2025-07-06,Referral,Mobile,UK,Services,8,529,No,Pricing,Yes
11617,S01618,2025-11-02,Referral,Mobile,UK,Contact,13,1369,Yes,Products,Yes
11618,S01619,2025-04-23,Direct,Desktop,Canada,Home,7,1763,Yes,Pricing,Yes
11619,S01620,2025-08-09,Social,Mobile,Germany,Home,12,1435,Yes,Blog,Yes
11620,S01621,2025-05-21,Email,Desktop,Australia,Products,11,231,No,Contact,No
11621,S01622,2025-07-20,Email,Desktop,UK,Services,6,688,Yes,Home,Yes
11622,S01623,2025-12-26,Social,Tablet,India,Blog,10,1075,No,Pricing,Yes
11623,S01624,2025-06-27,Social,Mobile,India,Blog,13,1632,Yes,Blog,Yes
11624,S01625,2025-09-25,Social,Tablet,Australia,Contact,11,317,Yes,Services,Yes
11625,S01626,2025-02-03,Social,Mobile,Canada,Home,8,600,Yes,Services,Yes
11626,S01627,2025-03-05,Organic,Desktop,UK,Home,14,1224,No,Services,Yes
11627,S01628,2025-01-01,Organic,Desktop,USA,Services,11,1718,No,Checkout,Yes
11628,S01629,2025-12-07,Email,Mobile,India,Contact,14,1038,No,Products,Yes
11629,S01630,2025-08-10,Email,Mobile,UK,Products,12,412,Yes,Blog,Yes
11630,S01631,2025-05-08,Referral,Desktop,Canada,Home,15,736,No,Services,Yes
11631,S01632,2025-03-30,Email,Desktop,Germany,Services,10,646,Yes,Contact,Yes
11632,S01633,2025-05-09,Direct,Desktop,Australia,Products,13,418,No,Services,Yes
11633,S01634,2025-10-18,Referral,Tablet,USA,Blog,2,618,No,Home,No
11634,S01635,2025-08-15,Social,Tablet,Germany,Contact,3,1088,No,Blog,No
11635,S01636,2025-08-27,Referral,Desktop,Canada,Home,6,885,Yes,Checkout,Yes
11636,S01637,2025-03-13,Email,Desktop,USA,Pricing,7,191,No,Products,No
11637,S01638,2025-10-17,Social,Mobile,Canada,Products,10,1122,No,Contact,Yes
11638,S01639,2025-09-23,Referral,Mobile,India,Home,1,957,Yes,Services,No
11639,S01640,2025-02-24,Social,Tablet,India,Checkout,14,1340,No,Pricing,Yes
11640,S01641,2025-06-19,Organic,Mobile,Germany,Pricing,8,1424,Yes,Contact,Yes
11641,S01642,2025-03-15,Email,Tablet,Canada,Products,4,1067,Yes,Contact,No
11642,S01643,2025-03-21,Social,Tablet,UK,Contact,11,1755,Yes,Checkout,Yes
11643,S01644,2025-12-19,Direct,Mobile,India,Home,8,1287,Yes,Pricing,Yes
11644,S01645,2025-09-24,Organic,Mobile,USA,Home,15,257,No,Home,No
11645,S01646,2025-08-16,Referral,Mobile,India,Services,14,1045,No,Blog,Yes
11646,S01647,2025-05-01,Email,Desktop,Australia,Contact,3,1689,No,Checkout,No
11647,S01648,2025-03-05,Referral,Mobile,Germany,Home,11,1273,Yes,Products,Yes
11648,S01649,2025-12-03,Direct,Mobile,Australia,Contact,14,1534,Yes,Blog,Yes
11649,S01650,2025-05-29,Organic,Tablet,Canada,Services,8,603,No,Blog,Yes
11650,S01651,2025-02-24,Referral,Desktop,Canada,Products,7,1438,Yes,Services,Yes
11651,S01652,2025-10-16,Referral,Mobile,Australia,Services,8,256,Yes,Contact,No
11652,S01653,2025-11-14,Referral,Mobile,UK,Products,11,1355,No,Contact,Yes
11653,S01654,2025-01-05,Direct,Desktop,Australia,Checkout,8,577,Yes,Services,Yes
11654,S01655,2025-09-26,Referral,Tablet,India,Products,15,1456,Yes,Services,Yes
11655,S01656,2025-10-16,Social,Desktop,Germany,Checkout,11,1482,Yes,Services,Yes
11656,S01657,2025-12-04,Social,Desktop,India,Checkout,13,1571,No,Blog,Yes
11657,S01658,2025-12-04,Direct,Tablet,Germany,Pricing,8,1250,No,Products,Yes
11658,S01659,2025-10-29,Email,Desktop,Australia,Pricing,12,673,No,Home,Yes
11659,S01660,2025-03-23,Direct,Mobile,Germany,Home,1,70,Yes,Blog,No
11660,S01661,2025-09-01,Social,Mobile,Germany,Checkout,15,1401,Yes,Home,Yes
11661,S01662,2025-07-16,Referral,Mobile,India,Pricing,15,366,No,Home,Yes
11662,S01663,2025-02-07,Referral,Desktop,Australia,Contact,1,1744,Yes,Checkout,No
11663,S01664,2025-06-14,Organic,Tablet,Canada,Blog,1,366,Yes,Products,No
11664,S01665,2025-10-12,Direct,Mobile,UK,Blog,11,1185,No,Contact,Yes
11665,S01666,2025-04-14,Direct,Desktop,Australia,Checkout,5,471,Yes,Home,No
11666,S01667,2025-11-19,Organic,Mobile,India,Checkout,10,59,Yes,Home,No
11667,S01668,2025-07-28,Email,Tablet,India,Services,6,1595,Yes,Contact,Yes
11668,S01669,2025-11-25,Email,Desktop,USA,Checkout,12,1501,Yes,Pricing,Yes
11669,S01670,2025-09-14,Social,Desktop,Australia,Pricing,14,980,Yes,Checkout,Yes
11670,S01671,2025-08-07,Referral,Mobile,Australia,Home,2,908,Yes,Checkout,No
11671,S01672,2025-02-21,Organic,Desktop,USA,Home,9,620,No,Home,Yes
11672,S01673,2025-05-29,Social,Desktop,Germany,Services,4,1692,Yes,Checkout,No
11673,S01674,2025-05-28,Organic,Tablet,Australia,Products,14,333,No,Blog,Yes
11674,S01675,2025-10-07,Organic,Tablet,Canada,Services,10,126,Yes,Home,No
11675,S01676,2025-05-14,Direct,Desktop,India,Products,6,873,Yes,Pricing,Yes
11676,S01677,2025-06-18,Organic,Mobile,Canada,Home,14,1512,Yes,Services,Yes
11677,S01678,2025-11-03,Email,Mobile,Australia,Blog,2,862,Yes,Services,No
11678,S01679,2025-02-23,Organic,Desktop,Australia,Products,12,95,No,Blog,No
11679,S01680,2025-04-27,Organic,Mobile,India,Checkout,8,631,Yes,Pricing,Yes
11680,S01681,2025-07-14,Organic,Tablet,Canada,Home,10,1771,No,Checkout,Yes
11681,S01682,2025-03-06,Referral,Tablet,Canada,Pricing,7,1434,Yes,Home,Yes
11682,S01683,2025-11-12,Social,Desktop,USA,Services,8,251,No,Home,No
11683,S01684,2025-02-17,Email,Mobile,USA,Blog,4,485,Yes,Checkout,No
11684,S01685,2025-05-08,Organic,Mobile,India,Products,1,1798,Yes,Blog,No
11685,S01686,2025-01-23,Social,Desktop,Australia,Contact,3,588,Yes,Services,No
11686,S01687,2025-07-23,Referral,Tablet,India,Contact,3,1251,Yes,Home,No
11687,S01688,2025-04-16,Referral,Tablet,Germany,Checkout,5,1123,No,Checkout,No
11688,S01689,2026-01-01,Social,Desktop,Australia,Services,4,918,Yes,Pricing,No
11689,S01690,2025-06-13,Email,Tablet,India,Home,15,557,No,Blog,Yes
11690,S01691,2025-09-06,Social,Mobile,USA,Products,12,1283,Yes,Services,Yes
11691,S01692,2025-04-18,Organic,Desktop,Germany,Checkout,12,1142,Yes,Home,Yes
11692,S01693,2025-08-14,Referral,Mobile,India,Blog,4,1440,Yes,Services,No
11693,S01694,2025-07-16,Social,Mobile,India,Services,5,1214,No,Blog,No
11694,S01695,2025-07-15,Referral,Desktop,India,Products,1,1776,Yes,Products,No
11695,S01696,2025-12-04,Referral,Tablet,India,Contact,7,387,No,Home,Yes
11696,S01697,2025-06-28,Organic,Tablet,UK,Checkout,9,1572,No,Checkout,Yes
11697,S01698,2025-04-21,Organic,Desktop,Germany,Checkout,13,1220,No,Checkout,Yes
11698,S01699,2025-01-30,Organic,Tablet,Canada,Contact,7,1612,No,Checkout,Yes
11699,S01700,2025-08-06,Email,Tablet,Australia,Checkout,9,959,No,Products,Yes
11700,S01701,2025-05-02,Direct,Mobile,UK,Checkout,7,967,No,Home,Yes
11701,S01702,2025-10-05,Social,Desktop,Australia,Blog,4,1589,Yes,Pricing,No
11702,S01703,2025-05-18,Social,Tablet,Australia,Home,5,750,Yes,Services,No
11703,S01704,2025-06-14,Social,Mobile,Canada,Blog,10,1363,Yes,Blog,Yes
11704,S01705,2025-01-19,Social,Desktop,Germany,Checkout,1,965,Yes,Pricing,No
11705,S01706,2025-01-30,Email,Mobile,UK,Pricing,4,846,No,Home,No
11706,S01707,2025-05-13,Social,Desktop,Canada,Products,8,378,Yes,Contact,Yes
11707,S01708,2025-11-13,Organic,Mobile,India,Contact,3,310,Yes,Products,No
11708,S01709,2025-08-14,Email,Desktop,India,Pricing,11,1047,Yes,Home,Yes
11709,S01710,2025-05-12,Organic,Tablet,UK,Pricing,12,540,Yes,Pricing,Yes
11710,S01711,2025-02-25,Organic,Tablet,Canada,Home,4,726,Yes,Products,No
11711,S01712,2025-10-20,Social,Tablet,Canada,Home,4,677,No,Services,No
11712,S01713,2025-06-17,Email,Desktop,UK,Blog,3,60,No,Blog,No
11713,S01714,2025-01-16,Direct,Desktop,India,Services,5,1283,Yes,Pricing,No
11714,S01715,2025-11-08,Direct,Desktop,Australia,Contact,1,227,Yes,Checkout,No
11715,S01716,2025-10-25,Social,Mobile,Canada,Checkout,12,1050,Yes,Contact,Yes
11716,S01717,2025-07-15,Organic,Mobile,USA,Pricing,12,317,No,Pricing,Yes
11717,S01718,2025-09-28,Organic,Tablet,Canada,Contact,12,258,No,Services,No
11718,S01719,2025-10-22,Social,Mobile,UK,Products,5,409,No,Products,No
11719,S01720,2025-03-01,Direct,Desktop,Germany,Blog,8,654,No,Home,Yes
11720,S01721,2025-09-16,Organic,Desktop,Germany,Blog,6,1157,Yes,Blog,Yes
11721,S01722,2025-04-28,Email,Mobile,Australia,Products,13,867,No,Contact,Yes
11722,S01723,2025-03-12,Email,Desktop,UK,Services,10,1373,No,Home,Yes
11723,S01724,2025-08-04,Email,Mobile,Australia,Blog,2,846,Yes,Products,No
11724,S01725,2025-01-08,Direct,Mobile,Canada,Services,15,939,No,Contact,Yes
11725,S01726,2025-01-18,Referral,Mobile,Germany,Products,2,268,Yes,Products,No
11726,S01727,2025-09-29,Referral,Desktop,UK,Products,9,1785,No,Contact,Yes
11727,S01728,2025-12-31,Social,Mobile,UK,Checkout,9,504,No,Pricing,Yes
11728,S01729,2025-02-25,Organic,Mobile,Germany,Services,10,1272,No,Blog,Yes
11729,S01730,2025-08-12,Social,Desktop,Germany,Products,11,931,Yes,Contact,Yes
11730,S01731,2025-09-18,Organic,Mobile,India,Pricing,13,1217,No,Contact,Yes
11731,S01732,2025-07-14,Social,Desktop,USA,Pricing,11,938,No,Checkout,Yes
11732,S01733,2025-06-02,Referral,Desktop,India,Pricing,2,485,No,Services,No
11733,S01734,2025-06-13,Direct,Mobile,India,Checkout,6,796,Yes,Blog,Yes
11734,S01735,2025-10-22,Email,Desktop,India,Services,9,579,No,Products,Yes
11735,S01736,2025-05-21,Referral,Desktop,USA,Products,2,599,No,Services,No
11736,S01737,2025-02-24,Direct,Tablet,UK,Products,10,1553,Yes,Products,Yes
11737,S01738,2025-09-18,Direct,Mobile,Australia,Home,9,1727,Yes,Home,Yes
11738,S01739,2025-01-14,Social,Mobile,UK,Pricing,8,1714,No,Contact,Yes
11739,S01740,2025-03-06,Referral,Desktop,India,Contact,8,1076,Yes,Blog,Yes
11740,S01741,2025-09-10,Social,Mobile,USA,Services,15,895,Yes,Services,Yes
11741,S01742,2025-04-24,Organic,Desktop,USA,Pricing,13,171,No,Services,No
11742,S01743,2025-09-20,Organic,Tablet,Germany,Services,8,1301,Yes,Blog,Yes
11743,S01744,2025-09-24,Social,Mobile,Australia,Contact,2,1454,Yes,Contact,No
11744,S01745,2025-05-06,Direct,Tablet,Canada,Checkout,11,26,Yes,Contact,No
11745,S01746,2025-08-29,Direct,Desktop,USA,Contact,4,553,No,Services,No
11746,S01747,2025-11-22,Organic,Tablet,Germany,Contact,3,416,Yes,Home,No
11747,S01748,2025-09-09,Email,Tablet,USA,Contact,7,147,Yes,Home,No
11748,S01749,2025-05-15,Email,Desktop,Germany,Pricing,7,1418,Yes,Contact,Yes
11749,S01750,2025-09-29,Direct,Desktop,USA,Services,6,1001,No,Blog,Yes
11750,S01751,2025-07-20,Email,Desktop,Australia,Blog,13,1300,No,Home,Yes
11751,S01752,2025-05-28,Referral,Desktop,UK,Products,4,240,No,Home,No
11752,S01753,2025-06-13,Organic,Desktop,Germany,Blog,3,961,Yes,Checkout,No
11753,S01754,2025-09-08,Email,Desktop,Germany,Products,15,1000,Yes,Services,Yes
11754,S01755,2025-04-21,Referral,Mobile,Australia,Checkout,5,1049,No,Services,No
11755,S01756,2025-07-30,Referral,Desktop,Canada,Blog,11,660,No,Home,Yes
11756,S01757,2025-04-23,Social,Tablet,India,Services,5,1004,No,Blog,No
11757,S01758,2025-03-27,Email,Mobile,Germany,Home,4,1182,No,Products,No
11758,S01759,2025-01-11,Organic,Desktop,India,Checkout,10,1115,No,Services,Yes
11759,S01760,2025-10-11,Organic,Tablet,India,Pricing,13,1578,Yes,Services,Yes
11760,S01761,2025-03-22,Email,Desktop,Germany,Products,9,416,No,Checkout,Yes
11761,S01762,2025-06-19,Referral,Mobile,Australia,Contact,3,775,Yes,Home,No
11762,S01763,2025-01-11,Email,Mobile,Australia,Blog,1,1741,Yes,Checkout,No
11763,S01764,2025-03-22,Social,Desktop,India,Products,8,96,Yes,Home,No
11764,S01765,2025-03-05,Referral,Tablet,Canada,Products,5,1545,No,Checkout,No
11765,S01766,2025-02-07,Email,Tablet,Germany,Checkout,2,166,No,Home,No
11766,S01767,2025-10-05,Email,Mobile,India,Contact,1,1530,Yes,Pricing,No
11767,S01768,2025-04-10,Email,Desktop,UK,Blog,13,811,Yes,Services,Yes
11768,S01769,2025-04-14,Organic,Desktop,Germany,Pricing,5,949,No,Blog,No
11769,S01770,2025-02-17,Direct,Desktop,Australia,Services,5,889,No,Services,No
11770,S01771,2025-10-01,Email,Mobile,Canada,Home,15,1449,No,Contact,Yes
11771,S01772,2025-10-07,Organic,Desktop,USA,Pricing,7,773,Yes,Blog,Yes
11772,S01773,2025-08-17,Social,Desktop,Australia,Home,13,485,No,Services,Yes
11773,S01774,2025-11-19,Organic,Mobile,Australia,Products,3,1668,Yes,Checkout,No
11774,S01775,2025-05-08,Organic,Mobile,Canada,Pricing,8,1225,No,Pricing,Yes
11775,S01776,2025-10-18,Direct,Mobile,Canada,Services,12,1729,No,Services,Yes
11776,S01777,2025-03-19,Organic,Desktop,Germany,Pricing,12,701,No,Checkout,Yes
11777,S01778,2025-12-20,Direct,Tablet,Canada,Pricing,1,559,Yes,Blog,No
11778,S01779,2025-05-01,Social,Desktop,Germany,Blog,6,1345,Yes,Home,Yes
11779,S01780,2025-02-09,Referral,Mobile,India,Products,7,1442,Yes,Products,Yes
11780,S01781,2025-02-28,Organic,Desktop,Canada,Products,4,906,No,Products,No
11781,S01782,2025-10-08,Referral,Desktop,India,Services,12,1800,Yes,Blog,Yes
11782,S01783,2025-12-13,Social,Tablet,UK,Pricing,5,1484,No,Pricing,No
11783,S01784,2025-03-14,Social,Tablet,Germany,Products,11,349,No,Pricing,Yes
11784,S01785,2025-08-30,Referral,Mobile,UK,Contact,10,524,Yes,Products,Yes
11785,S01786,2025-08-31,Organic,Desktop,Canada,Products,9,1474,Yes,Blog,Yes
11786,S01787,2025-06-09,Direct,Mobile,Germany,Home,2,21,No,Services,No
11787,S01788,2025-11-16,Referral,Tablet,USA,Home,2,135,No,Contact,No
11788,S01789,2025-06-26,Organic,Mobile,UK,Services,9,472,No,Pricing,Yes
11789,S01790,2025-07-08,Email,Desktop,UK,Pricing,12,636,Yes,Home,Yes
11790,S01791,2025-02-22,Direct,Desktop,USA,Services,10,322,Yes,Products,Yes
11791,S01792,2025-10-28,Referral,Desktop,Australia,Checkout,13,1079,No,Checkout,Yes
11792,S01793,2025-11-12,Referral,Mobile,USA,Home,12,1794,Yes,Products,Yes
11793,S01794,2025-11-11,Direct,Mobile,USA,Blog,2,1655,Yes,Services,No
11794,S01795,2025-03-12,Email,Desktop,Canada,Contact,2,116,No,Services,No
11795,S01796,2025-03-02,Direct,Tablet,Canada,Blog,5,1034,No,Contact,No
11796,S01797,2025-06-09,Email,Desktop,Australia,Home,8,737,Yes,Products,Yes
11797,S01798,2025-05-23,Direct,Desktop,Australia,Blog,11,1717,No,Contact,Yes
11798,S01799,2025-12-17,Organic,Tablet,Canada,Contact,13,523,No,Products,Yes
11799,S01800,2025-07-07,Referral,Tablet,UK,Contact,1,1783,Yes,Blog,No
11800,S01801,2025-10-14,Direct,Desktop,UK,Products,4,1273,Yes,Products,No
11801,S01802,2025-09-27,Direct,Mobile,Australia,Services,8,749,No,Home,Yes
11802,S01803,2025-05-10,Email,Mobile,Australia,Services,15,765,Yes,Contact,Yes
11803,S01804,2025-09-03,Referral,Mobile,Germany,Contact,5,1324,No,Services,No
11804,S01805,2025-10-20,Organic,Tablet,Canada,Pricing,11,127,No,Blog,No
11805,S01806,2025-11-28,Email,Mobile,India,Services,3,979,Yes,Pricing,No
11806,S01807,2025-03-20,Direct,Mobile,India,Blog,15,1470,Yes,Home,Yes
11807,S01808,2025-12-30,Organic,Desktop,India,Checkout,8,1315,No,Checkout,Yes
11808,S01809,2025-11-11,Organic,Desktop,Germany,Checkout,4,1351,No,Contact,No
11809,S01810,2025-07-07,Email,Mobile,Germany,Blog,3,1211,No,Checkout,No
11810,S01811,2025-02-01,Organic,Mobile,Australia,Products,11,1381,No,Home,Yes
11811,S01812,2025-01-23,Social,Tablet,USA,Contact,3,918,No,Products,No
11812,S01813,2025-01-02,Social,Desktop,Australia,Services,11,1539,Yes,Services,Yes
11813,S01814,2025-12-23,Organic,Tablet,Canada,Home,8,1173,Yes,Home,Yes
11814,S01815,2025-02-14,Direct,Desktop,Australia,Contact,3,1504,Yes,Checkout,No
11815,S01816,2025-01-06,Direct,Tablet,UK,Blog,3,1625,Yes,Contact,No
11816,S01817,2025-12-15,Direct,Tablet,Germany,Products,4,640,No,Home,No
11817,S01818,2025-05-27,Direct,Desktop,USA,Pricing,7,1455,No,Blog,Yes
11818,S01819,2025-04-07,Social,Mobile,USA,Services,4,1720,No,Contact,No
11819,S01820,2025-02-17,Referral,Desktop,Australia,Services,8,551,No,Checkout,Yes
11820,S01821,2025-08-19,Direct,Mobile,Australia,Blog,11,1081,Yes,Pricing,Yes
11821,S01822,2025-12-26,Referral,Desktop,Germany,Checkout,10,441,No,Products,Yes
11822,S01823,2025-09-15,Email,Tablet,UK,Home,6,1442,Yes,Services,Yes
11823,S01824,2025-05-14,Organic,Mobile,Australia,Contact,4,967,Yes,Blog,No
11824,S01825,2025-10-28,Social,Desktop,Australia,Blog,3,966,Yes,Services,No
11825,S01826,2025-11-19,Social,Mobile,USA,Blog,12,224,No,Services,No
11826,S01827,2025-02-21,Direct,Desktop,UK,Products,6,1336,No,Pricing,Yes
11827,S01828,2025-01-12,Referral,Tablet,Canada,Pricing,3,1550,No,Contact,No
11828,S01829,2025-05-05,Social,Tablet,UK,Pricing,7,979,No,Blog,Yes
11829,S01830,2025-06-03,Organic,Mobile,Australia,Home,11,831,No,Blog,Yes
11830,S01831,2025-10-23,Referral,Tablet,India,Products,13,561,Yes,Services,Yes
11831,S01832,2025-12-24,Email,Mobile,Australia,Checkout,15,1232,Yes,Products,Yes
11832,S01833,2025-01-28,Organic,Desktop,USA,Checkout,11,692,No,Blog,Yes
11833,S01834,2025-08-24,Organic,Tablet,USA,Products,7,348,Yes,Services,Yes
11834,S01835,2025-04-05,Direct,Mobile,Canada,Home,5,174,Yes,Products,No
11835,S01836,2025-07-11,Organic,Desktop,USA,Services,11,1147,Yes,Blog,Yes
11836,S01837,2025-07-21,Direct,Desktop,Germany,Blog,9,1416,No,Contact,Yes
11837,S01838,2025-02-19,Referral,Mobile,UK,Checkout,4,1572,Yes,Blog,No
11838,S01839,2025-05-25,Referral,Tablet,Canada,Pricing,13,679,Yes,Services,Yes
11839,S01840,2025-10-28,Organic,Mobile,Australia,Products,8,1381,Yes,Services,Yes
11840,S01841,2025-09-14,Organic,Tablet,Australia,Checkout,6,706,No,Home,Yes
11841,S01842,2025-03-12,Referral,Mobile,India,Products,11,481,No,Blog,Yes
11842,S01843,2025-07-16,Direct,Desktop,USA,Services,2,705,No,Blog,No
11843,S01844,2025-09-04,Organic,Desktop,Canada,Products,11,1691,Yes,Blog,Yes
11844,S01845,2025-02-24,Referral,Mobile,UK,Contact,11,1069,Yes,Contact,Yes
11845,S01846,2025-01-07,Direct,Desktop,USA,Pricing,14,838,No,Contact,Yes
11846,S01847,2025-09-06,Referral,Desktop,India,Services,8,33,No,Services,No
11847,S01848,2025-03-01,Email,Desktop,Australia,Services,12,1308,No,Contact,Yes
11848,S01849,2025-10-01,Social,Mobile,USA,Blog,6,1738,No,Checkout,Yes
11849,S01850,2025-03-18,Organic,Desktop,Germany,Pricing,11,173,No,Products,No
11850,S01851,2025-11-11,Referral,Desktop,India,Blog,9,1674,No,Home,Yes
11851,S01852,2025-09-08,Referral,Desktop,India,Pricing,2,1787,No,Services,No
11852,S01853,2025-12-12,Social,Mobile,Australia,Services,7,701,Yes,Services,Yes
11853,S01854,2025-01-09,Referral,Desktop,UK,Contact,6,864,Yes,Pricing,Yes
11854,S01855,2025-01-19,Email,Tablet,Canada,Products,2,741,Yes,Home,No
11855,S01856,2025-03-06,Direct,Tablet,Canada,Blog,9,203,No,Services,No
11856,S01857,2025-11-13,Direct,Tablet,Australia,Pricing,8,1421,No,Home,Yes
11857,S01858,2025-07-10,Organic,Mobile,Australia,Contact,2,678,Yes,Blog,No
11858,S01859,2025-02-10,Social,Tablet,Germany,Services,9,1495,No,Blog,Yes
11859,S01860,2025-05-12,Organic,Desktop,India,Checkout,1,386,Yes,Products,No
11860,S01861,2025-06-05,Email,Tablet,Australia,Checkout,10,544,Yes,Contact,Yes
11861,S01862,2025-07-11,Email,Desktop,USA,Checkout,13,110,No,Services,No
11862,S01863,2025-04-06,Social,Tablet,Germany,Home,12,1420,No,Products,Yes
11863,S01864,2025-05-20,Organic,Desktop,USA,Home,11,593,No,Contact,Yes
11864,S01865,2025-05-17,Referral,Tablet,Germany,Services,3,572,Yes,Products,No
11865,S01866,2025-12-30,Social,Mobile,India,Pricing,4,47,No,Contact,No
11866,S01867,2025-08-24,Email,Desktop,Germany,Pricing,12,1257,No,Pricing,Yes
11867,S01868,2025-10-13,Organic,Desktop,UK,Services,7,984,No,Checkout,Yes
11868,S01869,2025-08-25,Referral,Mobile,Australia,Contact,8,320,Yes,Contact,Yes
11869,S01870,2025-07-26,Organic,Tablet,Australia,Home,7,533,No,Pricing,Yes
11870,S01871,2025-04-17,Email,Desktop,UK,Services,6,180,No,Blog,No
11871,S01872,2025-01-16,Direct,Tablet,Australia,Products,11,967,No,Pricing,Yes
11872,S01873,2025-01-12,Social,Tablet,Germany,Blog,7,860,Yes,Blog,Yes
11873,S01874,2025-03-09,Referral,Tablet,India,Home,15,1110,No,Products,Yes
11874,S01875,2025-10-20,Social,Mobile,USA,Checkout,4,236,No,Pricing,No
11875,S01876,2025-04-22,Referral,Tablet,UK,Services,7,730,No,Contact,Yes
11876,S01877,2025-12-18,Social,Tablet,Australia,Pricing,2,1370,No,Products,No
11877,S01878,2025-09-11,Referral,Desktop,Canada,Products,14,837,Yes,Blog,Yes
11878,S01879,2025-09-30,Social,Desktop,Germany,Products,5,16,Yes,Blog,No
11879,S01880,2025-08-03,Referral,Desktop,USA,Contact,10,1347,Yes,Pricing,Yes
11880,S01881,2025-11-09,Email,Tablet,India,Pricing,4,293,No,Home,No
11881,S01882,2025-05-08,Direct,Tablet,Germany,Blog,6,1258,Yes,Services,Yes
11882,S01883,2025-11-04,Referral,Tablet,Australia,Checkout,1,1531,Yes,Products,No
11883,S01884,2025-08-23,Social,Tablet,USA,Products,14,340,No,Contact,Yes
11884,S01885,2025-06-15,Direct,Desktop,India,Home,15,419,Yes,Pricing,Yes
11885,S01886,2025-05-06,Email,Desktop,USA,Checkout,8,950,Yes,Blog,Yes
11886,S01887,2025-02-26,Email,Desktop,USA,Products,9,1323,No,Contact,Yes
11887,S01888,2025-01-17,Referral,Tablet,Canada,Checkout,2,24,No,Home,No
11888,S01889,2025-05-14,Email,Mobile,Germany,Checkout,13,864,Yes,Blog,Yes
11889,S01890,2025-01-31,Social,Desktop,Germany,Checkout,8,1705,Yes,Services,Yes
11890,S01891,2025-09-19,Referral,Desktop,India,Home,7,1477,Yes,Checkout,Yes
11891,S01892,2025-10-24,Organic,Tablet,USA,Services,5,1562,No,Contact,No
11892,S01893,2025-05-05,Referral,Mobile,UK,Home,6,300,No,Contact,No
11893,S01894,2025-08-23,Referral,Mobile,UK,Services,12,161,No,Contact,No
11894,S01895,2025-08-19,Social,Tablet,UK,Pricing,8,687,Yes,Checkout,Yes
11895,S01896,2025-09-25,Social,Mobile,USA,Services,3,313,No,Contact,No
11896,S01897,2025-03-23,Email,Tablet,UK,Blog,5,638,No,Contact,No
11897,S01898,2025-12-22,Direct,Mobile,Australia,Services,5,326,No,Services,No
11898,S01899,2025-01-15,Direct,Tablet,UK,Products,11,476,Yes,Services,Yes
11899,S01900,2025-09-18,Email,Desktop,Canada,Pricing,6,1486,Yes,Services,Yes
11900,S01901,2025-10-28,Email,Desktop,Australia,Services,11,329,No,Checkout,Yes
11901,S01902,2025-11-28,Direct,Tablet,Canada,Products,15,1003,No,Blog,Yes
11902,S01903,2025-02-03,Social,Mobile,UK,Products,1,1379,Yes,Products,No
11903,S01904,2025-11-08,Organic,Tablet,USA,Services,3,579,No,Blog,No
11904,S01905,2025-01-07,Email,Mobile,Germany,Products,10,1317,No,Contact,Yes
11905,S01906,2025-11-17,Organic,Desktop,Australia,Home,1,826,Yes,Services,No
11906,S01907,2025-10-03,Organic,Mobile,Canada,Pricing,9,1105,Yes,Products,Yes
11907,S01908,2025-04-04,Direct,Mobile,Germany,Contact,5,1642,No,Products,No
11908,S01909,2025-05-17,Email,Desktop,India,Contact,1,1257,Yes,Products,No
11909,S01910,2025-02-02,Direct,Tablet,UK,Home,12,1711,Yes,Products,Yes
11910,S01911,2025-10-25,Referral,Desktop,India,Pricing,4,1209,Yes,Services,No
11911,S01912,2025-02-07,Direct,Desktop,India,Blog,13,1308,Yes,Blog,Yes
11912,S01913,2025-10-05,Email,Mobile,Australia,Blog,4,214,No,Pricing,No
11913,S01914,2025-08-09,Organic,Tablet,Canada,Checkout,1,1201,Yes,Contact,No
11914,S01915,2025-11-22,Email,Desktop,India,Services,4,1216,No,Pricing,No
11915,S01916,2025-11-20,Direct,Desktop,Australia,Blog,5,1018,No,Contact,No
11916,S01917,2025-09-30,Direct,Desktop,UK,Contact,5,551,No,Contact,No
11917,S01918,2025-04-04,Referral,Mobile,UK,Pricing,8,238,No,Blog,No
11918,S01919,2025-02-03,Referral,Tablet,UK,Home,3,376,No,Services,No
11919,S01920,2025-10-03,Direct,Mobile,India,Checkout,11,1416,Yes,Products,Yes
11920,S01921,2025-06-06,Social,Tablet,Canada,Home,5,1037,No,Pricing,No
11921,S01922,2025-12-11,Direct,Desktop,USA,Products,4,1179,No,Checkout,No
11922,S01923,2025-03-22,Email,Tablet,USA,Services,3,1755,No,Contact,No
11923,S01924,2025-08-02,Social,Mobile,UK,Blog,10,1625,No,Services,Yes
11924,S01925,2025-06-20,Social,Tablet,UK,Blog,3,637,No,Blog,No
11925,S01926,2025-08-02,Organic,Desktop,India,Blog,10,815,No,Contact,Yes
11926,S01927,2025-08-22,Social,Mobile,Germany,Products,13,296,Yes,Contact,No
11927,S01928,2025-05-31,Social,Mobile,UK,Blog,12,534,No,Services,Yes
11928,S01929,2025-04-13,Direct,Tablet,Australia,Blog,9,1156,No,Home,Yes
11929,S01930,2025-03-24,Social,Tablet,Canada,Contact,2,507,No,Home,No
11930,S01931,2025-07-19,Referral,Mobile,UK,Pricing,13,1360,No,Home,Yes
11931,S01932,2025-11-24,Social,Desktop,Australia,Services,2,124,No,Services,No
11932,S01933,2025-03-10,Organic,Desktop,Germany,Blog,2,976,Yes,Checkout,No
11933,S01934,2025-06-03,Email,Mobile,Australia,Home,3,1217,No,Products,No
11934,S01935,2025-10-07,Social,Tablet,Australia,Checkout,6,1182,No,Contact,Yes
11935,S01936,2025-02-04,Social,Desktop,Canada,Contact,1,297,Yes,Products,No
11936,S01937,2025-08-28,Direct,Desktop,UK,Services,3,667,Yes,Contact,No
11937,S01938,2025-05-11,Email,Tablet,India,Products,12,540,Yes,Contact,Yes
11938,S01939,2025-07-22,Referral,Mobile,Australia,Home,7,885,No,Home,Yes
11939,S01940,2025-01-17,Email,Desktop,Australia,Blog,10,905,No,Pricing,Yes
11940,S01941,2025-02-04,Organic,Tablet,India,Pricing,6,1309,Yes,Pricing,Yes
11941,S01942,2025-09-20,Organic,Tablet,Canada,Pricing,3,1645,Yes,Checkout,No
11942,S01943,2025-12-17,Referral,Desktop,Canada,Blog,2,1581,Yes,Contact,No
11943,S01944,2025-04-04,Email,Desktop,Canada,Pricing,6,159,No,Home,No
11944,S01945,2025-05-31,Organic,Tablet,Canada,Home,7,1187,Yes,Products,Yes
11945,S01946,2025-03-19,Social,Mobile,Australia,Contact,6,884,No,Pricing,Yes
11946,S01947,2025-12-07,Direct,Tablet,UK,Contact,8,1348,Yes,Products,Yes
11947,S01948,2025-04-16,Social,Mobile,India,Home,13,313,Yes,Checkout,Yes
11948,S01949,2025-06-28,Organic,Desktop,UK,Products,3,1116,Yes,Products,No
11949,S01950,2025-08-06,Social,Mobile,USA,Checkout,5,344,No,Home,No
11950,S01951,2025-03-05,Referral,Mobile,Canada,Checkout,3,910,Yes,Blog,No
11951,S01952,2025-08-13,Referral,Mobile,USA,Checkout,1,925,Yes,Blog,No
11952,S01953,2025-03-05,Organic,Mobile,Australia,Pricing,10,1678,Yes,Products,Yes
11953,S01954,2025-03-03,Referral,Tablet,Australia,Services,13,439,No,Blog,Yes
11954,S01955,2025-02-16,Email,Desktop,Canada,Services,4,440,Yes,Blog,No
11955,S01956,2025-07-14,Referral,Desktop,India,Services,1,24,Yes,Services,No
11956,S01957,2025-02-03,Referral,Tablet,UK,Products,5,1723,Yes,Contact,No
11957,S01958,2025-07-19,Referral,Mobile,UK,Contact,11,1669,No,Home,Yes
11958,S01959,2025-05-08,Direct,Tablet,India,Products,3,1745,Yes,Products,No
11959,S01960,2025-01-20,Organic,Tablet,USA,Checkout,12,972,No,Services,Yes
11960,S01961,2025-03-22,Referral,Mobile,USA,Pricing,10,859,Yes,Contact,Yes
11961,S01962,2025-12-09,Direct,Desktop,India,Checkout,13,1669,Yes,Home,Yes
11962,S01963,2025-06-06,Referral,Tablet,UK,Checkout,8,427,No,Pricing,Yes
11963,S01964,2025-01-14,Social,Mobile,Canada,Home,6,68,Yes,Blog,No
11964,S01965,2025-07-13,Email,Tablet,Australia,Products,1,1114,Yes,Products,No
11965,S01966,2025-06-28,Direct,Mobile,Canada,Home,2,40,Yes,Blog,No
11966,S01967,2025-10-02,Referral,Mobile,Australia,Checkout,8,860,Yes,Services,Yes
11967,S01968,2025-05-12,Direct,Desktop,Germany,Pricing,8,971,No,Pricing,Yes
11968,S01969,2025-02-19,Referral,Desktop,Germany,Checkout,11,1477,Yes,Products,Yes
11969,S01970,2025-03-08,Direct,Mobile,Germany,Home,4,1064,Yes,Contact,No
11970,S01971,2025-11-11,Organic,Mobile,USA,Services,7,588,Yes,Contact,Yes
11971,S01972,2025-06-18,Referral,Tablet,Australia,Pricing,11,626,No,Checkout,Yes
11972,S01973,2025-06-17,Referral,Desktop,Germany,Products,15,279,Yes,Contact,No
11973,S01974,2025-07-17,Organic,Mobile,USA,Home,15,1647,Yes,Contact,Yes
11974,S01975,2025-05-02,Direct,Desktop,UK,Home,1,1720,Yes,Pricing,No
11975,S01976,2025-06-26,Direct,Tablet,Australia,Blog,8,1000,No,Products,Yes
11976,S01977,2025-05-15,Email,Desktop,India,Contact,8,1282,No,Contact,Yes
11977,S01978,2025-06-22,Social,Mobile,UK,Services,13,1063,No,Checkout,Yes
11978,S01979,2025-12-06,Organic,Tablet,UK,Checkout,9,944,No,Home,Yes
11979,S01980,2025-08-07,Organic,Tablet,USA,Home,13,758,Yes,Blog,Yes
11980,S01981,2025-03-03,Email,Tablet,UK,Products,14,237,No,Services,No
11981,S01982,2025-10-11,Organic,Tablet,USA,Blog,8,903,Yes,Products,Yes
11982,S01983,2025-04-24,Organic,Mobile,Germany,Contact,14,1403,No,Pricing,Yes
11983,S01984,2025-03-19,Email,Tablet,Australia,Home,10,1607,No,Pricing,Yes
11984,S01985,2025-09-29,Direct,Desktop,USA,Home,4,1430,Yes,Contact,No
11985,S01986,2025-11-13,Direct,Tablet,USA,Pricing,11,1769,No,Checkout,Yes
11986,S01987,2025-01-26,Referral,Desktop,Canada,Pricing,4,580,No,Blog,No
11987,S01988,2025-03-11,Social,Mobile,India,Services,8,669,No,Products,Yes
11988,S01989,2025-11-10,Email,Mobile,India,Checkout,15,1512,No,Products,Yes
11989,S01990,2025-03-24,Direct,Desktop,USA,Contact,3,994,No,Blog,No
11990,S01991,2025-05-08,Social,Mobile,USA,Services,10,406,Yes,Blog,Yes
11991,S01992,2025-10-27,Direct,Mobile,Canada,Products,2,1496,No,Checkout,No
11992,S01993,2025-11-23,Organic,Tablet,UK,Pricing,6,32,Yes,Checkout,No
11993,S01994,2025-08-30,Direct,Tablet,Canada,Services,11,1235,Yes,Pricing,Yes
11994,S01995,2025-08-21,Direct,Mobile,Germany,Services,12,1259,No,Home,Yes
11995,S01996,2025-05-11,Organic,Tablet,Canada,Blog,7,1726,Yes,Contact,Yes
11996,S01997,2025-09-07,Social,Mobile,Australia,Home,12,1782,Yes,Contact,Yes
11997,S01998,2025-07-05,Direct,Tablet,Canada,Checkout,10,1236,No,Blog,Yes
11998,S01999,2025-02-23,Social,Tablet,Germany,Services,1,1316,Yes,Services,No
11999,S02000,2025-06-18,Referral,Tablet,UK,Services,11,1050,Yes,Home,Yes
12000,S02001,2025-09-06,Direct,Tablet,Canada,Products,2,1470,No,Contact,No
12001,S02002,2025-12-29,Referral,Tablet,Australia,Checkout,5,222,No,Pricing,No
12002,S02003,2025-12-08,Referral,Mobile,Australia,Home,9,1792,Yes,Pricing,Yes
12003,S02004,2025-05-03,Social,Tablet,Germany,Contact,2,250,No,Checkout,No
12004,S02005,2025-01-21,Social,Tablet,Canada,Checkout,7,1481,No,Pricing,Yes
12005,S02006,2025-01-20,Referral,Tablet,Germany,Checkout,14,1080,No,Contact,Yes
12006,S02007,2025-04-21,Email,Mobile,India,Contact,15,62,No,Home,No
12007,S02008,2025-01-15,Referral,Desktop,UK,Checkout,5,854,No,Services,No
12008,S02009,2025-08-17,Organic,Desktop,Canada,Contact,4,576,No,Checkout,No
12009,S02010,2025-04-18,Email,Tablet,Germany,Services,13,338,No,Checkout,Yes
12010,S02011,2025-03-30,Referral,Mobile,UK,Services,6,1609,Yes,Services,Yes
12011,S02012,2025-02-21,Organic,Tablet,Canada,Services,14,636,No,Contact,Yes
12012,S02013,2025-07-15,Direct,Desktop,Germany,Blog,3,1559,No,Services,No
12013,S02014,2025-07-05,Direct,Mobile,UK,Home,13,906,Yes,Products,Yes
12014,S02015,2025-09-17,Email,Desktop,Australia,Pricing,10,645,Yes,Blog,Yes
12015,S02016,2025-02-08,Direct,Mobile,India,Contact,10,1434,No,Checkout,Yes
12016,S02017,2025-06-24,Email,Desktop,Canada,Products,5,308,No,Home,No
12017,S02018,2025-05-31,Email,Tablet,India,Services,14,1517,Yes,Blog,Yes
12018,S02019,2025-05-06,Email,Mobile,Germany,Services,14,93,Yes,Blog,No
12019,S02020,2025-12-22,Direct,Mobile,USA,Blog,4,1716,Yes,Products,No
12020,S02021,2025-05-05,Organic,Tablet,Canada,Checkout,1,617,Yes,Blog,No
12021,S02022,2025-10-10,Email,Mobile,Canada,Products,7,1149,No,Contact,Yes
12022,S02023,2025-05-14,Social,Desktop,Canada,Services,10,802,No,Products,Yes
12023,S02024,2025-07-02,Organic,Tablet,USA,Services,6,1116,Yes,Checkout,Yes
12024,S02025,2025-03-07,Organic,Tablet,Germany,Blog,9,1195,No,Home,Yes
12025,S02026,2025-11-06,Direct,Tablet,UK,Contact,13,1702,Yes,Blog,Yes
12026,S02027,2025-01-28,Referral,Tablet,Canada,Blog,5,1186,No,Home,No
12027,S02028,2025-10-14,Referral,Tablet,Germany,Home,3,55,No,Blog,No
12028,S02029,2025-03-17,Organic,Tablet,UK,Home,14,1456,No,Pricing,Yes
12029,S02030,2025-01-15,Email,Desktop,Canada,Contact,5,1500,Yes,Blog,No
12030,S02031,2025-08-20,Social,Tablet,Germany,Contact,4,1365,No,Services,No
12031,S02032,2025-09-18,Referral,Mobile,Australia,Contact,4,1177,No,Checkout,No
12032,S02033,2025-01-28,Social,Tablet,India,Checkout,1,1258,Yes,Home,No
12033,S02034,2025-09-29,Referral,Tablet,USA,Contact,10,140,Yes,Products,No
12034,S02035,2025-04-02,Direct,Mobile,Germany,Blog,10,1594,Yes,Services,Yes
12035,S02036,2025-07-26,Email,Tablet,Germany,Blog,2,202,No,Blog,No
12036,S02037,2025-03-12,Social,Mobile,India,Services,12,981,No,Products,Yes
12037,S02038,2025-05-10,Referral,Mobile,USA,Services,12,891,No,Products,Yes
12038,S02039,2025-11-28,Organic,Desktop,Canada,Checkout,4,729,Yes,Pricing,No
12039,S02040,2025-11-07,Organic,Tablet,India,Contact,5,51,No,Home,No
12040,S02041,2025-09-28,Organic,Mobile,UK,Blog,3,13,No,Home,No
12041,S02042,2025-10-16,Social,Mobile,USA,Products,13,1173,No,Products,Yes
12042,S02043,2025-06-26,Organic,Tablet,USA,Pricing,9,457,No,Pricing,Yes
12043,S02044,2025-12-28,Direct,Tablet,USA,Checkout,3,912,No,Home,No
12044,S02045,2025-10-03,Organic,Desktop,UK,Home,10,89,No,Contact,No
12045,S02046,2025-09-23,Direct,Mobile,Canada,Products,3,1218,Yes,Pricing,No
12046,S02047,2025-08-21,Email,Desktop,Canada,Home,15,700,Yes,Services,Yes
12047,S02048,2025-03-14,Direct,Desktop,USA,Checkout,4,758,No,Home,No
12048,S02049,2025-09-03,Email,Mobile,Australia,Home,6,130,No,Pricing,No
12049,S02050,2025-12-26,Email,Tablet,Canada,Checkout,10,1187,Yes,Services,Yes
12050,S02051,2025-08-18,Direct,Desktop,Germany,Blog,6,287,No,Blog,No
12051,S02052,2025-09-09,Organic,Desktop,India,Services,7,178,No,Pricing,No
12052,S02053,2025-09-12,Social,Tablet,Germany,Home,7,636,Yes,Products,Yes
12053,S02054,2025-10-28,Email,Tablet,USA,Contact,2,638,No,Contact,No
12054,S02055,2025-01-15,Organic,Desktop,Canada,Products,1,1104,Yes,Services,No
12055,S02056,2025-12-17,Referral,Tablet,Australia,Pricing,9,117,Yes,Pricing,No
12056,S02057,2025-12-24,Organic,Mobile,India,Blog,6,1404,Yes,Products,Yes
12057,S02058,2025-02-07,Direct,Desktop,USA,Pricing,12,665,Yes,Home,Yes
12058,S02059,2025-04-16,Organic,Desktop,India,Products,15,791,No,Products,Yes
12059,S02060,2025-04-27,Social,Desktop,India,Products,7,1702,Yes,Pricing,Yes
12060,S02061,2025-12-09,Social,Desktop,Germany,Pricing,4,1283,No,Products,No
12061,S02062,2025-05-20,Referral,Tablet,India,Blog,15,1348,No,Blog,Yes
12062,S02063,2025-04-08,Referral,Desktop,Australia,Home,5,1735,No,Home,No
12063,S02064,2025-08-18,Direct,Tablet,Germany,Products,12,1581,Yes,Contact,Yes
12064,S02065,2025-03-23,Referral,Mobile,USA,Pricing,2,246,No,Products,No
12065,S02066,2025-12-15,Referral,Desktop,Australia,Services,12,535,No,Checkout,Yes
12066,S02067,2025-02-25,Organic,Desktop,USA,Home,10,545,No,Products,Yes
12067,S02068,2025-01-19,Referral,Desktop,India,Home,3,1071,Yes,Home,No
12068,S02069,2025-04-05,Organic,Tablet,India,Products,14,804,No,Pricing,Yes
12069,S02070,2025-03-15,Referral,Tablet,India,Contact,6,907,Yes,Checkout,Yes
12070,S02071,2025-06-12,Organic,Tablet,India,Products,4,1494,No,Checkout,No
12071,S02072,2025-06-29,Referral,Mobile,Germany,Home,5,369,No,Blog,No
12072,S02073,2025-09-16,Organic,Mobile,USA,Contact,3,607,Yes,Services,No
12073,S02074,2025-08-13,Organic,Desktop,India,Checkout,11,1486,Yes,Pricing,Yes
12074,S02075,2025-10-13,Direct,Mobile,Australia,Services,9,599,Yes,Home,Yes
12075,S02076,2025-07-29,Email,Tablet,India,Pricing,11,143,Yes,Contact,No
12076,S02077,2025-07-09,Organic,Mobile,India,Contact,15,668,Yes,Home,Yes
12077,S02078,2025-10-16,Organic,Desktop,Australia,Home,7,17,Yes,Checkout,No
12078,S02079,2025-10-16,Email,Mobile,India,Contact,11,82,No,Pricing,No
12079,S02080,2025-05-25,Email,Desktop,Canada,Contact,11,800,Yes,Contact,Yes
12080,S02081,2025-05-09,Social,Tablet,Canada,Blog,8,1264,Yes,Blog,Yes
12081,S02082,2025-04-25,Direct,Desktop,Germany,Contact,9,747,Yes,Blog,Yes
12082,S02083,2025-07-08,Organic,Desktop,UK,Products,5,338,Yes,Blog,No
12083,S02084,2025-10-05,Direct,Desktop,USA,Checkout,7,1465,No,Products,Yes
12084,S02085,2025-08-02,Referral,Tablet,Canada,Blog,7,872,No,Blog,Yes
12085,S02086,2025-06-16,Referral,Mobile,Germany,Pricing,6,701,Yes,Products,Yes
12086,S02087,2025-04-08,Email,Mobile,Germany,Contact,4,1469,No,Blog,No
12087,S02088,2025-07-29,Social,Tablet,UK,Products,9,1776,No,Products,Yes
12088,S02089,2025-10-05,Referral,Desktop,Australia,Blog,8,232,Yes,Products,No
12089,S02090,2025-10-10,Direct,Tablet,Canada,Pricing,4,701,No,Products,No
12090,S02091,2025-12-22,Direct,Desktop,Australia,Contact,8,58,Yes,Services,No
12091,S02092,2025-10-16,Direct,Tablet,Canada,Pricing,12,1403,Yes,Products,Yes
12092,S02093,2025-08-28,Direct,Tablet,USA,Checkout,7,658,No,Services,Yes
12093,S02094,2025-11-10,Email,Tablet,Germany,Home,10,1573,Yes,Checkout,Yes
12094,S02095,2025-01-11,Organic,Mobile,UK,Checkout,2,185,Yes,Services,No
12095,S02096,2025-04-14,Direct,Mobile,UK,Checkout,15,740,Yes,Services,Yes
12096,S02097,2025-10-26,Referral,Desktop,UK,Contact,10,656,Yes,Services,Yes
12097,S02098,2025-10-15,Direct,Mobile,USA,Blog,5,217,Yes,Pricing,No
12098,S02099,2025-07-29,Direct,Tablet,Australia,Contact,15,1276,No,Contact,Yes
12099,S02100,2025-05-08,Organic,Tablet,USA,Blog,5,1423,Yes,Checkout,No
12100,S02101,2025-07-15,Referral,Desktop,Canada,Products,1,287,Yes,Checkout,No
12101,S02102,2025-12-19,Social,Desktop,Australia,Pricing,1,1210,Yes,Products,No
12102,S02103,2025-09-09,Email,Desktop,UK,Home,8,50,No,Home,No
12103,S02104,2025-11-16,Social,Tablet,Canada,Products,3,286,Yes,Checkout,No
12104,S02105,2025-11-21,Social,Desktop,Germany,Checkout,11,413,Yes,Services,Yes
12105,S02106,2025-09-11,Organic,Tablet,Australia,Blog,10,1647,Yes,Services,Yes
12106,S02107,2025-04-09,Email,Desktop,Australia,Home,14,527,No,Services,Yes
12107,S02108,2025-01-27,Direct,Tablet,UK,Services,15,351,No,Blog,Yes
12108,S02109,2025-05-20,Referral,Tablet,India,Services,6,92,Yes,Products,No
12109,S02110,2025-01-06,Email,Mobile,UK,Blog,14,1288,Yes,Blog,Yes
12110,S02111,2025-01-19,Social,Tablet,Canada,Services,7,805,No,Checkout,Yes
12111,S02112,2025-08-06,Referral,Tablet,UK,Products,9,1758,No,Contact,Yes
12112,S02113,2025-04-09,Referral,Desktop,UK,Home,5,1141,No,Contact,No
12113,S02114,2025-12-08,Social,Tablet,India,Home,2,1659,Yes,Checkout,No
12114,S02115,2025-05-05,Organic,Mobile,UK,Home,13,229,Yes,Pricing,No
12115,S02116,2025-02-14,Organic,Mobile,Germany,Home,13,495,No,Checkout,Yes
12116,S02117,2025-02-06,Direct,Tablet,Germany,Checkout,15,1274,No,Contact,Yes
12117,S02118,2025-12-07,Organic,Tablet,India,Home,14,687,Yes,Products,Yes
12118,S02119,2025-02-11,Direct,Mobile,Germany,Home,15,1537,Yes,Blog,Yes
12119,S02120,2025-04-30,Direct,Mobile,Germany,Home,13,1414,No,Services,Yes
12120,S02121,2025-04-09,Referral,Mobile,Germany,Blog,11,1094,Yes,Blog,Yes
12121,S02122,2025-12-13,Email,Mobile,Canada,Products,5,1508,Yes,Home,No
12122,S02123,2025-05-15,Direct,Tablet,Australia,Products,3,414,Yes,Contact,No
12123,S02124,2025-04-07,Direct,Desktop,USA,Products,13,165,No,Contact,No
12124,S02125,2025-06-01,Email,Desktop,Australia,Contact,14,1223,No,Products,Yes
12125,S02126,2025-06-26,Direct,Tablet,India,Contact,7,523,No,Services,Yes
12126,S02127,2025-02-03,Organic,Mobile,Canada,Services,13,340,Yes,Pricing,Yes
12127,S02128,2025-08-09,Organic,Tablet,Germany,Blog,13,1684,Yes,Contact,Yes
12128,S02129,2025-06-13,Email,Desktop,Germany,Contact,11,190,Yes,Pricing,No
12129,S02130,2025-06-13,Referral,Desktop,Germany,Checkout,5,1499,No,Services,No
12130,S02131,2025-09-08,Social,Tablet,Germany,Products,8,624,Yes,Pricing,Yes
12131,S02132,2025-12-20,Social,Desktop,Canada,Blog,3,97,No,Checkout,No
12132,S02133,2025-08-26,Referral,Desktop,USA,Products,14,835,No,Blog,Yes
12133,S02134,2025-03-13,Social,Desktop,Germany,Products,1,1798,Yes,Blog,No
12134,S02135,2025-08-11,Direct,Mobile,Australia,Products,6,38,Yes,Home,No
12135,S02136,2025-08-30,Direct,Desktop,UK,Products,1,811,Yes,Home,No
12136,S02137,2025-03-23,Social,Tablet,UK,Products,8,813,Yes,Blog,Yes
12137,S02138,2025-09-13,Referral,Desktop,USA,Blog,10,1492,Yes,Services,Yes
12138,S02139,2025-06-15,Referral,Tablet,UK,Products,2,147,Yes,Pricing,No
12139,S02140,2025-04-21,Referral,Desktop,India,Services,8,1655,Yes,Services,Yes
12140,S02141,2025-12-17,Email,Desktop,Australia,Home,11,646,Yes,Pricing,Yes
12141,S02142,2025-07-11,Direct,Desktop,Australia,Blog,5,708,Yes,Home,No
12142,S02143,2025-08-02,Direct,Mobile,UK,Contact,8,767,Yes,Checkout,Yes
12143,S02144,2025-11-21,Referral,Desktop,Australia,Services,15,650,No,Contact,Yes
12144,S02145,2025-06-14,Email,Mobile,Germany,Pricing,4,270,Yes,Checkout,No
12145,S02146,2025-09-08,Email,Desktop,India,Services,14,520,Yes,Blog,Yes
12146,S02147,2025-11-16,Social,Mobile,Australia,Blog,13,313,No,Pricing,Yes
12147,S02148,2025-05-17,Organic,Desktop,Canada,Checkout,15,1500,Yes,Checkout,Yes
12148,S02149,2025-12-31,Direct,Desktop,India,Blog,13,575,Yes,Products,Yes
12149,S02150,2025-06-17,Social,Tablet,Canada,Pricing,11,16,Yes,Checkout,No
12150,S02151,2025-09-06,Social,Tablet,Australia,Products,5,665,Yes,Pricing,No
12151,S02152,2025-06-01,Organic,Tablet,USA,Pricing,10,256,No,Products,No
12152,S02153,2025-08-05,Organic,Desktop,UK,Products,13,780,Yes,Services,Yes
12153,S02154,2025-11-30,Referral,Mobile,UK,Blog,1,69,Yes,Checkout,No
12154,S02155,2025-08-17,Referral,Tablet,USA,Pricing,15,312,No,Checkout,Yes
12155,S02156,2025-05-21,Referral,Desktop,USA,Contact,6,230,No,Services,No
12156,S02157,2025-03-07,Social,Mobile,India,Home,3,1211,No,Pricing,No
12157,S02158,2025-03-14,Social,Tablet,Canada,Pricing,8,765,Yes,Contact,Yes
12158,S02159,2025-06-15,Referral,Mobile,UK,Pricing,7,1333,Yes,Contact,Yes
12159,S02160,2025-10-17,Email,Mobile,Australia,Home,5,673,Yes,Blog,No
12160,S02161,2025-03-13,Direct,Mobile,Australia,Products,2,149,Yes,Home,No
12161,S02162,2025-07-02,Social,Mobile,Canada,Services,13,747,Yes,Blog,Yes
12162,S02163,2025-02-01,Email,Desktop,Germany,Checkout,7,1126,No,Contact,Yes
12163,S02164,2025-02-15,Direct,Desktop,USA,Home,3,1132,No,Products,No
12164,S02165,2025-11-27,Email,Mobile,India,Contact,4,125,Yes,Blog,No
12165,S02166,2025-04-23,Direct,Mobile,USA,Pricing,1,96,Yes,Services,No
12166,S02167,2025-11-21,Referral,Mobile,Australia,Checkout,6,803,No,Blog,Yes
12167,S02168,2026-01-01,Referral,Tablet,India,Home,1,1381,Yes,Products,No
12168,S02169,2025-04-17,Direct,Tablet,Canada,Home,10,83,No,Contact,No
12169,S02170,2025-07-08,Email,Mobile,Canada,Products,2,1201,Yes,Pricing,No
12170,S02171,2025-11-15,Social,Desktop,Australia,Services,1,1295,Yes,Pricing,No
12171,S02172,2025-04-14,Email,Desktop,UK,Products,7,337,No,Services,Yes
12172,S02173,2025-11-30,Social,Desktop,India,Blog,7,254,No,Products,No
12173,S02174,2025-01-22,Referral,Mobile,Germany,Checkout,3,240,Yes,Products,No
12174,S02175,2025-06-02,Direct,Tablet,UK,Services,13,1177,No,Home,Yes
12175,S02176,2025-04-28,Email,Desktop,USA,Pricing,11,1292,Yes,Services,Yes
12176,S02177,2025-04-03,Social,Mobile,Canada,Contact,1,453,Yes,Blog,No
12177,S02178,2025-08-23,Referral,Tablet,USA,Blog,12,680,No,Pricing,Yes
12178,S02179,2025-12-08,Direct,Mobile,Australia,Home,10,594,Yes,Checkout,Yes
12179,S02180,2025-01-26,Organic,Desktop,India,Services,1,1278,Yes,Blog,No
12180,S02181,2025-10-18,Direct,Mobile,India,Services,7,1502,Yes,Contact,Yes
12181,S02182,2025-07-10,Organic,Desktop,Canada,Contact,4,876,Yes,Services,No
12182,S02183,2025-03-03,Social,Mobile,UK,Blog,13,81,Yes,Home,No
12183,S02184,2025-12-16,Organic,Desktop,USA,Home,15,1313,Yes,Home,Yes
12184,S02185,2025-08-22,Email,Tablet,Australia,Services,12,490,No,Home,Yes
12185,S02186,2025-09-03,Organic,Tablet,Germany,Products,12,1163,Yes,Home,Yes
12186,S02187,2025-07-13,Organic,Mobile,Canada,Blog,7,1398,No,Blog,Yes
12187,S02188,2025-10-23,Organic,Tablet,India,Checkout,3,37,No,Contact,No
12188,S02189,2025-09-03,Direct,Desktop,India,Contact,5,1482,No,Checkout,No
12189,S02190,2025-12-20,Referral,Mobile,Germany,Home,4,490,No,Pricing,No
12190,S02191,2025-04-29,Organic,Desktop,UK,Home,12,1010,No,Blog,Yes
12191,S02192,2025-10-06,Direct,Desktop,Germany,Services,14,977,Yes,Services,Yes
12192,S02193,2025-06-27,Referral,Mobile,Australia,Blog,12,1319,No,Blog,Yes
12193,S02194,2025-05-30,Direct,Tablet,Canada,Contact,6,1581,No,Services,Yes
12194,S02195,2025-11-05,Social,Mobile,UK,Services,7,187,No,Blog,No
12195,S02196,2025-12-15,Direct,Mobile,UK,Pricing,13,1114,Yes,Pricing,Yes
12196,S02197,2025-11-20,Direct,Tablet,USA,Checkout,6,1116,Yes,Checkout,Yes
12197,S02198,2025-02-11,Referral,Mobile,Australia,Pricing,12,821,Yes,Pricing,Yes
12198,S02199,2025-01-03,Social,Tablet,Germany,Products,2,1188,Yes,Contact,No
12199,S02200,2025-06-21,Referral,Mobile,UK,Contact,12,1623,No,Pricing,Yes
12200,S02201,2025-09-25,Referral,Mobile,Australia,Services,15,818,No,Contact,Yes
12201,S02202,2025-04-26,Referral,Mobile,Germany,Checkout,13,227,Yes,Contact,No
12202,S02203,2025-09-16,Organic,Desktop,USA,Home,1,1635,Yes,Contact,No
12203,S02204,2025-07-27,Social,Mobile,Australia,Contact,5,505,Yes,Checkout,No
12204,S02205,2025-01-09,Organic,Desktop,India,Products,4,58,Yes,Checkout,No
12205,S02206,2025-02-06,Organic,Desktop,Canada,Home,13,1403,No,Services,Yes
12206,S02207,2025-01-06,Email,Desktop,UK,Blog,11,835,No,Products,Yes
12207,S02208,2025-11-14,Email,Desktop,Germany,Pricing,5,887,Yes,Contact,No
12208,S02209,2025-09-13,Social,Desktop,India,Services,8,74,No,Checkout,No
12209,S02210,2025-10-03,Organic,Desktop,Germany,Pricing,13,795,No,Contact,Yes
12210,S02211,2025-07-14,Organic,Desktop,India,Blog,8,65,No,Pricing,No
12211,S02212,2025-05-06,Organic,Desktop,Canada,Contact,2,179,No,Products,No
12212,S02213,2025-01-18,Social,Desktop,Australia,Checkout,10,971,No,Products,Yes
12213,S02214,2025-02-18,Organic,Tablet,USA,Pricing,10,850,Yes,Pricing,Yes
12214,S02215,2025-09-15,Direct,Desktop,UK,Contact,8,151,No,Checkout,No
12215,S02216,2025-12-01,Organic,Desktop,Australia,Home,15,1107,No,Products,Yes
12216,S02217,2025-05-31,Direct,Mobile,UK,Pricing,15,935,No,Blog,Yes
12217,S02218,2025-03-21,Organic,Mobile,Canada,Blog,2,1416,Yes,Home,No
12218,S02219,2025-12-01,Direct,Desktop,India,Services,7,1598,Yes,Products,Yes
12219,S02220,2025-12-16,Email,Desktop,USA,Contact,6,1782,No,Checkout,Yes
12220,S02221,2025-02-21,Direct,Mobile,USA,Contact,12,247,Yes,Blog,No
12221,S02222,2025-12-24,Referral,Mobile,Germany,Pricing,8,760,No,Contact,Yes
12222,S02223,2025-08-03,Referral,Mobile,UK,Blog,9,227,No,Home,No
12223,S02224,2025-05-15,Social,Desktop,Canada,Pricing,2,188,Yes,Products,No
12224,S02225,2025-03-24,Organic,Tablet,USA,Contact,2,59,Yes,Blog,No
12225,S02226,2025-07-11,Email,Desktop,Canada,Home,11,1128,Yes,Pricing,Yes
12226,S02227,2025-10-14,Organic,Mobile,USA,Products,7,247,No,Products,No
12227,S02228,2025-07-20,Organic,Desktop,India,Pricing,12,1446,Yes,Home,Yes
12228,S02229,2025-05-17,Email,Tablet,India,Services,9,1373,Yes,Services,Yes
12229,S02230,2025-09-03,Direct,Mobile,Germany,Blog,15,509,No,Blog,Yes
12230,S02231,2025-03-30,Referral,Tablet,Germany,Contact,4,212,Yes,Products,No
12231,S02232,2025-09-19,Direct,Mobile,Canada,Pricing,11,270,Yes,Pricing,No
12232,S02233,2025-11-17,Referral,Tablet,UK,Products,3,515,No,Blog,No
12233,S02234,2025-08-10,Organic,Desktop,Canada,Home,1,1550,Yes,Products,No
12234,S02235,2025-07-11,Referral,Desktop,Australia,Checkout,11,1497,Yes,Contact,Yes
12235,S02236,2025-09-03,Email,Tablet,Canada,Contact,15,270,Yes,Products,No
12236,S02237,2025-05-28,Referral,Mobile,Canada,Pricing,10,1077,Yes,Blog,Yes
12237,S02238,2025-02-13,Direct,Tablet,India,Services,2,1160,No,Blog,No
12238,S02239,2025-11-29,Social,Desktop,Australia,Pricing,5,961,No,Services,No
12239,S02240,2025-09-19,Referral,Desktop,Germany,Pricing,14,972,Yes,Blog,Yes
12240,S02241,2025-12-21,Referral,Desktop,Australia,Pricing,6,196,Yes,Services,No
12241,S02242,2025-05-19,Social,Tablet,Australia,Products,11,559,No,Services,Yes
12242,S02243,2025-10-17,Direct,Desktop,UK,Products,15,500,No,Pricing,Yes
12243,S02244,2025-05-23,Social,Tablet,Canada,Contact,11,852,Yes,Checkout,Yes
12244,S02245,2025-03-13,Social,Mobile,Germany,Contact,10,1621,No,Contact,Yes
12245,S02246,2025-06-14,Direct,Desktop,Australia,Pricing,9,1142,Yes,Home,Yes
12246,S02247,2025-05-30,Direct,Mobile,Australia,Checkout,12,1490,No,Products,Yes
12247,S02248,2025-09-12,Social,Mobile,Canada,Blog,15,1336,No,Pricing,Yes
12248,S02249,2025-06-24,Direct,Desktop,Australia,Home,8,1110,No,Home,Yes
12249,S02250,2025-10-09,Referral,Mobile,India,Products,7,1675,No,Blog,Yes
12250,S02251,2025-10-26,Social,Tablet,Australia,Blog,8,1137,Yes,Services,Yes
12251,S02252,2025-11-18,Referral,Tablet,India,Blog,1,885,Yes,Blog,No
12252,S02253,2025-03-03,Direct,Mobile,India,Services,7,651,Yes,Home,Yes
12253,S02254,2025-05-23,Organic,Tablet,Australia,Services,14,153,Yes,Checkout,No
12254,S02255,2025-12-18,Referral,Mobile,India,Contact,2,1531,Yes,Home,No
12255,S02256,2025-11-16,Social,Desktop,Canada,Products,2,701,Yes,Products,No
12256,S02257,2025-10-20,Social,Tablet,UK,Checkout,10,1246,Yes,Products,Yes
12257,S02258,2025-10-27,Social,Mobile,USA,Checkout,1,1143,Yes,Checkout,No
12258,S02259,2025-10-05,Email,Mobile,USA,Home,7,426,No,Checkout,Yes
12259,S02260,2025-02-18,Direct,Desktop,USA,Products,8,265,No,Pricing,No
12260,S02261,2025-04-23,Social,Mobile,India,Products,3,365,No,Blog,No
12261,S02262,2025-11-04,Referral,Desktop,USA,Products,10,1773,Yes,Checkout,Yes
12262,S02263,2025-12-31,Referral,Desktop,USA,Contact,2,846,No,Checkout,No
12263,S02264,2025-07-14,Organic,Tablet,UK,Products,10,1547,No,Blog,Yes
12264,S02265,2025-06-25,Social,Mobile,Canada,Pricing,13,1083,No,Checkout,Yes
12265,S02266,2025-04-16,Social,Mobile,Germany,Home,8,1252,No,Products,Yes
12266,S02267,2025-04-17,Direct,Desktop,UK,Blog,13,837,No,Products,Yes
12267,S02268,2025-04-29,Referral,Tablet,Canada,Home,12,605,Yes,Contact,Yes
12268,S02269,2025-08-20,Organic,Desktop,Australia,Services,12,142,No,Blog,No
12269,S02270,2025-08-12,Referral,Desktop,India,Blog,1,1015,Yes,Services,No
12270,S02271,2025-05-18,Social,Desktop,Canada,Products,6,478,Yes,Products,Yes
12271,S02272,2025-11-27,Email,Tablet,Australia,Checkout,14,1209,Yes,Checkout,Yes
12272,S02273,2025-07-06,Organic,Mobile,India,Contact,1,791,Yes,Products,No
12273,S02274,2025-12-23,Email,Mobile,UK,Home,2,1270,No,Blog,No
12274,S02275,2025-03-14,Referral,Desktop,USA,Products,3,610,No,Services,No
12275,S02276,2025-02-04,Direct,Mobile,Australia,Home,3,1076,Yes,Services,No
12276,S02277,2025-08-05,Direct,Mobile,India,Checkout,9,973,Yes,Pricing,Yes
12277,S02278,2025-02-04,Organic,Desktop,USA,Pricing,12,167,Yes,Checkout,No
12278,S02279,2025-07-08,Direct,Mobile,Australia,Products,8,1143,Yes,Checkout,Yes
12279,S02280,2025-03-29,Social,Tablet,India,Pricing,1,676,Yes,Pricing,No
12280,S02281,2025-07-21,Direct,Mobile,India,Blog,15,126,Yes,Checkout,No
12281,S02282,2025-11-08,Social,Tablet,UK,Blog,3,505,Yes,Blog,No
12282,S02283,2025-02-26,Direct,Mobile,Germany,Pricing,3,1464,Yes,Home,No
12283,S02284,2025-01-01,Social,Desktop,Australia,Checkout,7,288,No,Contact,No
12284,S02285,2025-10-09,Email,Tablet,Canada,Pricing,13,818,No,Contact,Yes
12285,S02286,2025-11-07,Email,Tablet,Germany,Blog,9,734,No,Pricing,Yes
12286,S02287,2025-03-27,Email,Desktop,USA,Checkout,15,844,Yes,Products,Yes
12287,S02288,2025-07-08,Social,Mobile,Australia,Blog,2,1238,No,Blog,No
12288,S02289,2025-01-13,Social,Desktop,USA,Checkout,5,775,Yes,Products,No
12289,S02290,2025-11-23,Direct,Desktop,Australia,Checkout,7,1597,Yes,Contact,Yes
12290,S02291,2025-07-22,Direct,Mobile,India,Products,13,628,No,Services,Yes
12291,S02292,2025-08-27,Referral,Desktop,USA,Blog,8,827,Yes,Blog,Yes
12292,S02293,2025-03-16,Organic,Desktop,UK,Home,1,512,Yes,Services,No
12293,S02294,2025-12-01,Referral,Mobile,Australia,Services,8,801,No,Checkout,Yes
12294,S02295,2025-09-02,Organic,Desktop,India,Services,9,1139,No,Products,Yes
12295,S02296,2025-03-26,Organic,Mobile,USA,Contact,5,1047,No,Home,No
12296,S02297,2025-04-22,Email,Desktop,India,Blog,1,1053,Yes,Blog,No
12297,S02298,2025-11-10,Referral,Desktop,Australia,Services,6,1645,No,Services,Yes
12298,S02299,2025-09-22,Email,Mobile,Canada,Checkout,1,1650,Yes,Blog,No
12299,S02300,2025-09-21,Organic,Tablet,Australia,Contact,7,1573,Yes,Products,Yes
12300,S02301,2025-07-13,Social,Tablet,Germany,Blog,15,1699,No,Products,Yes
12301,S02302,2025-04-11,Organic,Tablet,Canada,Services,3,1570,No,Products,No
12302,S02303,2025-06-05,Organic,Mobile,USA,Blog,1,100,Yes,Pricing,No
12303,S02304,2025-03-19,Referral,Tablet,Australia,Services,4,865,Yes,Home,No
12304,S02305,2025-01-20,Social,Tablet,Canada,Checkout,2,344,Yes,Products,No
12305,S02306,2025-12-11,Referral,Mobile,India,Contact,8,349,No,Checkout,Yes
12306,S02307,2025-11-12,Social,Desktop,UK,Pricing,15,711,No,Contact,Yes
12307,S02308,2025-09-27,Direct,Tablet,Germany,Checkout,11,678,No,Checkout,Yes
12308,S02309,2025-05-06,Direct,Mobile,Canada,Blog,10,1603,No,Services,Yes
12309,S02310,2025-09-13,Referral,Mobile,Australia,Services,9,625,No,Home,Yes
12310,S02311,2025-10-12,Direct,Mobile,USA,Blog,14,313,Yes,Home,Yes
12311,S02312,2025-09-16,Social,Desktop,Germany,Blog,12,1120,No,Pricing,Yes
12312,S02313,2025-02-11,Direct,Mobile,Australia,Blog,6,622,Yes,Checkout,Yes
12313,S02314,2025-08-12,Referral,Desktop,USA,Blog,6,126,No,Home,No
12314,S02315,2025-03-02,Social,Mobile,Canada,Blog,6,768,No,Pricing,Yes
12315,S02316,2025-08-09,Direct,Desktop,USA,Pricing,4,840,Yes,Services,No
12316,S02317,2025-06-17,Email,Desktop,India,Home,3,1234,Yes,Home,No
12317,S02318,2025-01-05,Direct,Tablet,Canada,Blog,13,1520,Yes,Checkout,Yes
12318,S02319,2025-11-28,Direct,Mobile,India,Blog,13,1438,Yes,Home,Yes
12319,S02320,2025-07-07,Social,Tablet,Australia,Home,3,606,Yes,Products,No
12320,S02321,2025-06-19,Organic,Mobile,Australia,Home,15,644,Yes,Pricing,Yes
12321,S02322,2025-04-09,Direct,Desktop,Canada,Home,1,1692,Yes,Services,No
12322,S02323,2025-11-12,Email,Mobile,Australia,Services,10,606,Yes,Home,Yes
12323,S02324,2025-05-14,Direct,Tablet,Germany,Pricing,8,1251,Yes,Blog,Yes
12324,S02325,2025-12-19,Social,Mobile,Canada,Checkout,10,468,No,Contact,Yes
12325,S02326,2025-08-31,Referral,Desktop,Australia,Services,3,1433,No,Contact,No
12326,S02327,2025-07-25,Referral,Mobile,UK,Contact,12,1678,No,Products,Yes
12327,S02328,2025-03-18,Direct,Mobile,India,Home,4,954,Yes,Products,No
12328,S02329,2025-03-06,Direct,Tablet,India,Services,2,929,No,Contact,No
12329,S02330,2025-05-03,Referral,Desktop,Canada,Home,6,1196,No,Contact,Yes
12330,S02331,2025-12-02,Organic,Desktop,USA,Blog,4,979,Yes,Services,No
12331,S02332,2025-01-17,Social,Desktop,USA,Checkout,2,110,No,Blog,No
12332,S02333,2025-12-30,Social,Desktop,USA,Checkout,11,824,No,Contact,Yes
12333,S02334,2025-12-04,Social,Tablet,Germany,Products,12,874,Yes,Checkout,Yes
12334,S02335,2025-05-09,Referral,Mobile,Canada,Services,13,346,Yes,Home,Yes
12335,S02336,2025-05-03,Email,Tablet,Canada,Services,15,297,Yes,Contact,No
12336,S02337,2025-01-20,Organic,Tablet,UK,Contact,3,865,No,Checkout,No
12337,S02338,2025-06-22,Organic,Mobile,Canada,Checkout,10,773,Yes,Products,Yes
12338,S02339,2025-12-15,Email,Desktop,Australia,Blog,3,690,Yes,Blog,No
12339,S02340,2025-01-21,Referral,Tablet,Australia,Pricing,13,1507,No,Pricing,Yes
12340,S02341,2025-01-23,Social,Desktop,India,Blog,13,944,Yes,Blog,Yes
12341,S02342,2025-08-26,Email,Tablet,USA,Services,14,864,Yes,Blog,Yes
12342,S02343,2025-11-30,Organic,Mobile,Germany,Pricing,5,624,No,Blog,No
12343,S02344,2025-09-29,Direct,Mobile,USA,Checkout,5,18,No,Products,No
12344,S02345,2025-08-09,Organic,Mobile,UK,Pricing,7,14,No,Home,No
12345,S02346,2025-11-24,Social,Tablet,Germany,Home,9,1788,No,Pricing,Yes
12346,S02347,2025-12-05,Email,Desktop,India,Checkout,4,1103,Yes,Blog,No
12347,S02348,2025-06-18,Direct,Tablet,Germany,Products,9,1496,Yes,Contact,Yes
12348,S02349,2025-06-18,Direct,Desktop,India,Home,7,173,Yes,Contact,No
12349,S02350,2025-03-28,Social,Tablet,UK,Blog,12,538,Yes,Blog,Yes
12350,S02351,2025-03-25,Social,Mobile,UK,Services,4,1503,Yes,Home,No
12351,S02352,2025-03-04,Organic,Mobile,India,Checkout,3,1798,No,Products,No
12352,S02353,2025-08-20,Social,Mobile,Australia,Checkout,2,1576,No,Pricing,No
12353,S02354,2025-12-09,Email,Desktop,India,Services,2,995,Yes,Services,No
12354,S02355,2025-04-07,Email,Desktop,Germany,Home,3,804,Yes,Home,No
12355,S02356,2025-06-25,Direct,Tablet,Germany,Pricing,3,308,Yes,Blog,No
12356,S02357,2025-11-20,Social,Mobile,UK,Checkout,15,1560,No,Checkout,Yes
12357,S02358,2025-02-23,Email,Desktop,USA,Products,13,895,Yes,Pricing,Yes
12358,S02359,2025-10-28,Organic,Tablet,USA,Checkout,11,1000,No,Pricing,Yes
12359,S02360,2025-07-18,Social,Tablet,UK,Products,13,947,Yes,Home,Yes
12360,S02361,2025-01-02,Email,Desktop,India,Contact,8,395,No,Contact,Yes
12361,S02362,2025-01-04,Social,Desktop,India,Products,6,861,Yes,Pricing,Yes
12362,S02363,2025-03-01,Email,Mobile,Canada,Blog,9,1159,No,Home,Yes
12363,S02364,2025-01-17,Social,Mobile,UK,Pricing,10,1670,No,Services,Yes
12364,S02365,2025-02-24,Organic,Desktop,Germany,Products,1,1768,Yes,Contact,No
12365,S02366,2025-07-14,Direct,Desktop,UK,Checkout,5,1680,No,Home,No
12366,S02367,2025-02-08,Referral,Desktop,Germany,Services,9,755,No,Home,Yes
12367,S02368,2025-06-17,Direct,Tablet,India,Checkout,1,593,Yes,Products,No
12368,S02369,2025-11-05,Email,Mobile,UK,Home,15,1085,Yes,Services,Yes
12369,S02370,2025-06-12,Organic,Mobile,Australia,Products,13,693,Yes,Products,Yes
12370,S02371,2025-06-09,Email,Tablet,India,Checkout,1,576,Yes,Contact,No
12371,S02372,2025-12-20,Email,Desktop,Australia,Contact,9,1192,No,Home,Yes
12372,S02373,2025-01-21,Social,Desktop,India,Contact,15,836,No,Services,Yes
12373,S02374,2025-03-12,Organic,Mobile,Australia,Home,12,116,Yes,Blog,No
12374,S02375,2025-07-04,Referral,Tablet,India,Services,1,970,Yes,Products,No
12375,S02376,2025-05-07,Organic,Desktop,USA,Products,10,1159,Yes,Contact,Yes
12376,S02377,2025-08-29,Direct,Tablet,Germany,Products,13,44,Yes,Contact,No
12377,S02378,2025-12-16,Email,Mobile,Canada,Home,14,1779,No,Pricing,Yes
12378,S02379,2025-04-07,Referral,Tablet,USA,Home,13,1504,No,Products,Yes
12379,S02380,2025-07-18,Direct,Tablet,UK,Services,10,1375,Yes,Blog,Yes
12380,S02381,2025-10-24,Social,Desktop,USA,Pricing,10,852,Yes,Contact,Yes
12381,S02382,2025-11-28,Email,Desktop,India,Home,7,532,No,Pricing,Yes
12382,S02383,2025-05-10,Direct,Tablet,USA,Checkout,4,1539,Yes,Contact,No
12383,S02384,2025-12-31,Organic,Mobile,USA,Contact,4,281,Yes,Contact,No
12384,S02385,2025-07-22,Direct,Mobile,UK,Home,2,1410,Yes,Contact,No
12385,S02386,2025-02-26,Organic,Desktop,India,Services,4,1478,Yes,Blog,No
12386,S02387,2025-11-28,Organic,Desktop,UK,Blog,3,311,No,Contact,No
12387,S02388,2025-05-21,Referral,Tablet,USA,Checkout,9,1403,Yes,Products,Yes
12388,S02389,2025-04-07,Direct,Desktop,Canada,Services,7,733,No,Home,Yes
12389,S02390,2025-08-10,Referral,Mobile,India,Checkout,5,16,Yes,Contact,No
12390,S02391,2025-05-29,Direct,Desktop,India,Services,8,1083,Yes,Services,Yes
12391,S02392,2025-08-07,Organic,Desktop,Australia,Home,5,372,No,Services,No
12392,S02393,2025-04-25,Referral,Mobile,Germany,Checkout,5,1329,No,Checkout,No
12393,S02394,2025-05-19,Direct,Desktop,USA,Blog,8,809,Yes,Home,Yes
12394,S02395,2025-11-27,Referral,Desktop,USA,Pricing,13,490,Yes,Home,Yes
12395,S02396,2025-07-09,Email,Desktop,Germany,Home,5,1487,No,Checkout,No
12396,S02397,2025-06-08,Referral,Mobile,India,Pricing,11,1067,Yes,Products,Yes
12397,S02398,2025-05-10,Direct,Tablet,Australia,Checkout,15,589,Yes,Contact,Yes
12398,S02399,2025-01-02,Direct,Mobile,UK,Checkout,8,1092,No,Pricing,Yes
12399,S02400,2025-09-04,Direct,Mobile,India,Contact,6,12,No,Contact,No
12400,S02401,2025-05-09,Social,Tablet,USA,Contact,13,880,No,Contact,Yes
12401,S02402,2025-10-17,Email,Desktop,India,Blog,14,1242,No,Pricing,Yes
12402,S02403,2025-06-16,Organic,Desktop,UK,Blog,4,511,Yes,Pricing,No
12403,S02404,2025-04-27,Referral,Tablet,India,Contact,6,1019,Yes,Home,Yes
12404,S02405,2025-04-29,Referral,Mobile,USA,Blog,10,290,No,Pricing,No
12405,S02406,2025-02-22,Email,Desktop,Germany,Products,12,158,Yes,Contact,No
12406,S02407,2025-07-09,Organic,Mobile,UK,Home,4,457,No,Home,No
12407,S02408,2025-10-29,Referral,Mobile,India,Services,5,1326,Yes,Pricing,No
12408,S02409,2025-05-09,Email,Tablet,Germany,Contact,2,201,Yes,Home,No
12409,S02410,2025-05-22,Email,Mobile,Germany,Checkout,8,1421,Yes,Checkout,Yes
12410,S02411,2025-04-21,Referral,Desktop,India,Home,8,1683,Yes,Pricing,Yes
12411,S02412,2025-08-07,Social,Desktop,Canada,Pricing,5,10,Yes,Home,No
12412,S02413,2025-11-18,Email,Mobile,Germany,Services,12,209,Yes,Products,No
12413,S02414,2025-04-30,Organic,Tablet,USA,Products,14,331,Yes,Products,Yes
12414,S02415,2025-08-24,Organic,Tablet,Canada,Products,3,614,Yes,Home,No
12415,S02416,2025-04-15,Social,Tablet,UK,Checkout,2,1496,No,Products,No
12416,S02417,2025-03-23,Referral,Desktop,India,Products,12,139,No,Home,No
12417,S02418,2025-12-17,Referral,Mobile,India,Checkout,9,368,Yes,Products,Yes
12418,S02419,2025-08-01,Organic,Desktop,USA,Contact,2,324,Yes,Services,No
12419,S02420,2026-01-01,Email,Tablet,Australia,Pricing,12,1075,No,Blog,Yes
12420,S02421,2025-11-01,Email,Tablet,Australia,Products,3,1707,No,Blog,No
12421,S02422,2025-08-16,Social,Desktop,UK,Pricing,3,1261,Yes,Contact,No
12422,S02423,2025-01-11,Direct,Desktop,UK,Blog,13,1590,No,Home,Yes
12423,S02424,2025-03-01,Direct,Mobile,USA,Contact,14,1200,Yes,Pricing,Yes
12424,S02425,2025-11-29,Email,Tablet,Germany,Checkout,8,818,Yes,Home,Yes
12425,S02426,2025-10-03,Direct,Mobile,USA,Home,9,378,Yes,Products,Yes
12426,S02427,2025-02-12,Social,Tablet,Australia,Home,9,1141,No,Services,Yes
12427,S02428,2025-03-11,Direct,Mobile,Canada,Blog,6,1134,Yes,Products,Yes
12428,S02429,2025-04-23,Organic,Tablet,USA,Pricing,13,1627,No,Home,Yes
12429,S02430,2025-11-21,Email,Mobile,Germany,Checkout,7,1486,No,Blog,Yes
12430,S02431,2025-05-22,Social,Mobile,India,Checkout,3,1405,Yes,Checkout,No
12431,S02432,2025-12-07,Organic,Tablet,India,Home,1,1597,Yes,Services,No
12432,S02433,2025-11-23,Email,Mobile,India,Contact,3,1561,Yes,Blog,No
12433,S02434,2025-08-13,Email,Tablet,UK,Home,13,211,Yes,Contact,No
12434,S02435,2025-06-10,Referral,Tablet,India,Checkout,3,733,No,Checkout,No
12435,S02436,2025-03-23,Organic,Tablet,USA,Pricing,5,544,No,Services,No
12436,S02437,2025-02-09,Direct,Mobile,UK,Pricing,8,1079,Yes,Services,Yes
12437,S02438,2025-01-21,Email,Desktop,Canada,Home,7,970,Yes,Pricing,Yes
12438,S02439,2025-12-05,Social,Mobile,Canada,Services,1,15,Yes,Contact,No
12439,S02440,2025-07-05,Email,Desktop,Australia,Products,6,191,No,Blog,No
12440,S02441,2025-05-01,Referral,Mobile,UK,Pricing,10,261,Yes,Services,No
12441,S02442,2025-01-26,Social,Desktop,USA,Checkout,6,1364,No,Contact,Yes
12442,S02443,2026-01-01,Organic,Tablet,Canada,Home,1,1141,Yes,Blog,No
12443,S02444,2025-07-30,Email,Tablet,Australia,Blog,4,502,No,Checkout,No
12444,S02445,2025-11-16,Email,Mobile,USA,Home,1,1591,Yes,Home,No
12445,S02446,2025-01-25,Organic,Desktop,UK,Checkout,5,1652,Yes,Pricing,No
12446,S02447,2025-01-03,Social,Tablet,Germany,Services,15,1093,Yes,Pricing,Yes
12447,S02448,2025-05-08,Email,Mobile,Canada,Contact,8,1030,Yes,Pricing,Yes
12448,S02449,2025-07-24,Social,Mobile,USA,Contact,11,141,Yes,Products,No
12449,S02450,2025-11-13,Social,Tablet,USA,Pricing,12,829,No,Blog,Yes
12450,S02451,2025-01-11,Direct,Desktop,Germany,Products,5,334,No,Contact,No
12451,S02452,2025-09-28,Referral,Mobile,India,Services,12,1740,No,Home,Yes
12452,S02453,2025-01-21,Referral,Desktop,Germany,Blog,8,1798,Yes,Services,Yes
12453,S02454,2025-05-29,Organic,Mobile,Canada,Checkout,13,775,Yes,Contact,Yes
12454,S02455,2025-06-24,Email,Tablet,USA,Services,11,765,Yes,Checkout,Yes
12455,S02456,2025-01-12,Organic,Desktop,Canada,Services,15,1503,No,Checkout,Yes
12456,S02457,2025-05-29,Email,Tablet,Australia,Pricing,5,1777,Yes,Checkout,No
12457,S02458,2025-02-25,Social,Mobile,Australia,Contact,4,1506,Yes,Checkout,No
12458,S02459,2025-03-10,Referral,Tablet,Germany,Home,5,689,No,Home,No
12459,S02460,2025-11-24,Organic,Desktop,USA,Products,5,1416,Yes,Products,No
12460,S02461,2025-07-01,Direct,Tablet,UK,Pricing,13,1697,No,Contact,Yes
12461,S02462,2025-04-24,Direct,Mobile,India,Home,2,818,No,Pricing,No
12462,S02463,2025-03-05,Email,Mobile,Australia,Products,8,1487,Yes,Pricing,Yes
12463,S02464,2025-12-14,Direct,Desktop,USA,Products,2,1302,No,Contact,No
12464,S02465,2025-01-21,Referral,Mobile,Germany,Home,6,472,Yes,Checkout,Yes
12465,S02466,2025-09-16,Referral,Desktop,Canada,Home,10,1569,No,Pricing,Yes
12466,S02467,2025-10-10,Email,Mobile,India,Products,14,843,Yes,Checkout,Yes
12467,S02468,2025-01-16,Email,Mobile,UK,Checkout,1,1670,Yes,Blog,No
12468,S02469,2025-03-07,Email,Tablet,India,Products,2,1135,No,Services,No
12469,S02470,2025-12-26,Referral,Desktop,Germany,Services,8,1314,Yes,Contact,Yes
12470,S02471,2025-01-02,Email,Tablet,USA,Blog,15,860,No,Pricing,Yes
12471,S02472,2025-03-10,Organic,Mobile,UK,Pricing,13,718,Yes,Checkout,Yes
12472,S02473,2025-09-27,Email,Desktop,India,Pricing,2,1793,No,Products,No
12473,S02474,2025-09-29,Referral,Desktop,India,Pricing,4,823,Yes,Checkout,No
12474,S02475,2025-03-29,Direct,Mobile,Australia,Pricing,7,408,Yes,Home,Yes
12475,S02476,2025-05-21,Social,Desktop,Canada,Home,4,934,Yes,Services,No
12476,S02477,2025-12-23,Social,Mobile,Australia,Pricing,15,84,No,Contact,No
12477,S02478,2025-07-07,Organic,Desktop,USA,Blog,1,1708,Yes,Blog,No
12478,S02479,2025-01-24,Email,Tablet,India,Home,7,901,Yes,Blog,Yes
12479,S02480,2025-01-10,Organic,Mobile,India,Pricing,13,1743,Yes,Services,Yes
12480,S02481,2025-11-08,Organic,Mobile,Canada,Products,7,824,No,Home,Yes
12481,S02482,2025-04-19,Organic,Mobile,USA,Services,6,1536,No,Services,Yes
12482,S02483,2025-08-09,Email,Tablet,USA,Blog,1,1684,Yes,Pricing,No
12483,S02484,2025-11-17,Referral,Desktop,Australia,Contact,2,1004,Yes,Pricing,No
12484,S02485,2025-05-16,Social,Tablet,India,Home,4,1084,Yes,Services,No
12485,S02486,2025-01-03,Email,Desktop,USA,Services,15,1145,No,Products,Yes
12486,S02487,2025-12-08,Email,Tablet,Australia,Products,8,1777,No,Home,Yes
12487,S02488,2025-11-27,Social,Tablet,Germany,Home,4,488,Yes,Home,No
12488,S02489,2025-08-20,Organic,Tablet,India,Pricing,11,768,No,Pricing,Yes
12489,S02490,2025-02-03,Social,Desktop,Australia,Products,10,1459,Yes,Contact,Yes
12490,S02491,2025-10-26,Direct,Desktop,Australia,Contact,8,532,No,Checkout,Yes
12491,S02492,2025-07-12,Social,Tablet,Germany,Pricing,10,1182,No,Home,Yes
12492,S02493,2025-06-01,Direct,Tablet,UK,Pricing,15,1079,No,Contact,Yes
12493,S02494,2025-03-17,Social,Tablet,India,Services,10,518,Yes,Checkout,Yes
12494,S02495,2025-10-19,Email,Mobile,USA,Products,9,644,Yes,Products,Yes
12495,S02496,2025-04-25,Social,Mobile,Canada,Blog,14,1608,Yes,Blog,Yes
12496,S02497,2025-01-12,Email,Desktop,USA,Blog,10,1442,Yes,Blog,Yes
12497,S02498,2025-01-16,Referral,Mobile,Germany,Products,13,865,No,Pricing,Yes
12498,S02499,2025-09-24,Email,Mobile,UK,Contact,12,477,No,Contact,Yes
12499,S02500,2025-03-12,Email,Mobile,UK,Checkout,4,1075,Yes,Services,No
12500,S02501,2025-03-02,Direct,Tablet,Australia,Pricing,7,1369,No,Services,Yes
12501,S02502,2025-03-17,Referral,Tablet,UK,Pricing,1,1134,Yes,Contact,No
12502,S02503,2025-12-05,Social,Mobile,Australia,Blog,3,899,No,Services,No
12503,S02504,2025-02-07,Direct,Mobile,Australia,Blog,7,1300,No,Home,Yes
12504,S02505,2025-12-18,Direct,Mobile,Australia,Services,11,1711,No,Checkout,Yes
12505,S02506,2025-04-09,Social,Desktop,Australia,Products,2,525,Yes,Pricing,No
12506,S02507,2025-06-09,Email,Desktop,Germany,Home,13,1593,Yes,Checkout,Yes
12507,S02508,2025-04-25,Organic,Mobile,Germany,Checkout,3,989,No,Pricing,No
12508,S02509,2025-02-02,Organic,Mobile,Canada,Pricing,7,807,Yes,Home,Yes
12509,S02510,2025-04-09,Email,Desktop,India,Home,2,1378,Yes,Blog,No
12510,S02511,2025-11-10,Social,Mobile,UK,Contact,9,124,Yes,Checkout,No
12511,S02512,2025-01-28,Referral,Desktop,USA,Checkout,12,668,Yes,Checkout,Yes
12512,S02513,2025-11-25,Referral,Tablet,USA,Home,10,917,No,Products,Yes
12513,S02514,2025-05-19,Organic,Desktop,Canada,Blog,11,583,No,Blog,Yes
12514,S02515,2026-01-01,Referral,Mobile,Germany,Blog,3,129,No,Contact,No
12515,S02516,2025-03-12,Social,Mobile,Australia,Checkout,3,1231,Yes,Contact,No
12516,S02517,2025-11-17,Referral,Desktop,India,Products,14,1017,Yes,Checkout,Yes
12517,S02518,2025-01-12,Referral,Tablet,Germany,Pricing,13,549,No,Home,Yes
12518,S02519,2025-04-14,Referral,Mobile,India,Products,4,416,No,Services,No
12519,S02520,2025-04-14,Social,Desktop,India,Blog,12,360,Yes,Blog,Yes
12520,S02521,2025-03-26,Organic,Mobile,Australia,Products,1,429,Yes,Home,No
12521,S02522,2025-04-23,Referral,Mobile,Australia,Contact,7,240,No,Products,No
12522,S02523,2025-10-07,Email,Desktop,Canada,Home,8,1025,Yes,Products,Yes
12523,S02524,2025-12-08,Email,Desktop,UK,Services,8,162,Yes,Contact,No
12524,S02525,2025-10-24,Social,Mobile,USA,Checkout,3,1780,No,Services,No
12525,S02526,2025-02-18,Referral,Desktop,UK,Home,9,98,Yes,Blog,No
12526,S02527,2025-05-09,Organic,Desktop,Canada,Pricing,4,1406,Yes,Products,No
12527,S02528,2025-09-13,Email,Mobile,USA,Home,15,958,Yes,Checkout,Yes
12528,S02529,2025-02-17,Referral,Tablet,Australia,Checkout,3,1318,Yes,Home,No
12529,S02530,2025-05-14,Email,Desktop,USA,Pricing,11,406,No,Contact,Yes
12530,S02531,2025-12-18,Email,Desktop,USA,Checkout,14,1016,No,Checkout,Yes
12531,S02532,2025-10-04,Direct,Mobile,Australia,Products,14,484,No,Blog,Yes
12532,S02533,2025-04-28,Email,Desktop,Germany,Home,1,703,Yes,Blog,No
12533,S02534,2025-10-29,Email,Tablet,Germany,Blog,13,1449,No,Contact,Yes
12534,S02535,2025-08-21,Referral,Tablet,India,Blog,15,253,No,Products,No
12535,S02536,2025-09-23,Direct,Mobile,UK,Checkout,15,839,Yes,Blog,Yes
12536,S02537,2025-02-13,Direct,Mobile,USA,Contact,9,304,No,Services,Yes
12537,S02538,2025-02-14,Referral,Tablet,Germany,Services,11,336,Yes,Checkout,Yes
12538,S02539,2025-08-18,Organic,Tablet,UK,Blog,6,1114,Yes,Contact,Yes
12539,S02540,2025-11-30,Direct,Mobile,Australia,Products,2,1080,No,Pricing,No
12540,S02541,2025-11-01,Organic,Tablet,Australia,Pricing,7,945,No,Products,Yes
12541,S02542,2025-11-08,Email,Desktop,Australia,Checkout,7,1286,Yes,Products,Yes
12542,S02543,2025-06-19,Organic,Tablet,Germany,Contact,3,87,Yes,Contact,No
12543,S02544,2025-08-10,Email,Tablet,Germany,Services,14,1120,No,Contact,Yes
12544,S02545,2025-11-07,Social,Tablet,Australia,Pricing,3,620,Yes,Contact,No
12545,S02546,2025-06-27,Referral,Tablet,Australia,Pricing,2,590,No,Checkout,No
12546,S02547,2025-12-22,Referral,Mobile,UK,Products,13,83,Yes,Pricing,No
12547,S02548,2025-07-19,Referral,Mobile,Australia,Checkout,7,926,Yes,Home,Yes
12548,S02549,2025-08-20,Social,Desktop,India,Pricing,15,1270,Yes,Contact,Yes
12549,S02550,2025-08-25,Referral,Tablet,Australia,Blog,11,1369,No,Pricing,Yes
12550,S02551,2025-11-16,Email,Desktop,Australia,Blog,3,1765,Yes,Checkout,No
12551,S02552,2025-06-13,Email,Tablet,USA,Blog,14,275,Yes,Checkout,No
12552,S02553,2025-06-12,Email,Mobile,Canada,Contact,11,1099,Yes,Contact,Yes
12553,S02554,2025-05-02,Social,Mobile,Germany,Services,11,1632,Yes,Contact,Yes
12554,S02555,2025-07-04,Referral,Desktop,Germany,Pricing,15,1787,No,Contact,Yes
12555,S02556,2025-01-20,Organic,Tablet,India,Products,8,1175,No,Pricing,Yes
12556,S02557,2025-06-25,Social,Desktop,UK,Products,3,1604,No,Blog,No
12557,S02558,2025-04-11,Direct,Desktop,Australia,Services,10,817,Yes,Contact,Yes
12558,S02559,2025-03-10,Email,Tablet,Australia,Checkout,4,1308,No,Checkout,No
12559,S02560,2025-04-24,Direct,Tablet,Australia,Home,7,1710,No,Blog,Yes
12560,S02561,2025-02-10,Social,Mobile,Australia,Checkout,3,543,No,Contact,No
12561,S02562,2025-04-02,Social,Desktop,USA,Pricing,15,999,Yes,Blog,Yes
12562,S02563,2025-12-22,Direct,Desktop,Australia,Pricing,10,463,No,Home,Yes
12563,S02564,2025-09-16,Organic,Tablet,Germany,Blog,4,1772,No,Services,No
12564,S02565,2025-09-08,Email,Desktop,Canada,Checkout,1,1332,Yes,Pricing,No
12565,S02566,2025-11-09,Social,Desktop,Germany,Services,6,42,No,Products,No
12566,S02567,2025-06-06,Email,Mobile,Germany,Pricing,1,407,Yes,Checkout,No
12567,S02568,2025-02-27,Referral,Tablet,Canada,Products,10,162,Yes,Products,No
12568,S02569,2025-12-27,Social,Tablet,USA,Services,9,1716,Yes,Home,Yes
12569,S02570,2025-04-18,Referral,Desktop,India,Services,14,755,No,Blog,Yes
12570,S02571,2025-06-17,Direct,Mobile,USA,Contact,2,679,Yes,Services,No
12571,S02572,2025-08-03,Referral,Tablet,Australia,Home,10,449,Yes,Checkout,Yes
12572,S02573,2025-06-12,Organic,Mobile,Australia,Services,7,926,Yes,Contact,Yes
12573,S02574,2025-02-25,Social,Mobile,India,Checkout,14,1327,No,Products,Yes
12574,S02575,2025-11-12,Email,Mobile,Germany,Pricing,8,794,No,Pricing,Yes
12575,S02576,2025-03-09,Referral,Mobile,UK,Services,1,1249,Yes,Products,No
12576,S02577,2025-09-21,Email,Tablet,UK,Blog,4,1739,Yes,Products,No
12577,S02578,2025-10-13,Referral,Desktop,India,Services,15,687,No,Checkout,Yes
12578,S02579,2025-10-03,Referral,Desktop,UK,Checkout,13,931,Yes,Products,Yes
12579,S02580,2025-06-22,Email,Desktop,Germany,Contact,8,1456,No,Pricing,Yes
12580,S02581,2025-10-29,Referral,Desktop,UK,Checkout,11,705,No,Products,Yes
12581,S02582,2025-06-05,Email,Mobile,India,Checkout,9,273,No,Services,No
12582,S02583,2025-01-04,Organic,Mobile,USA,Checkout,1,288,Yes,Services,No
12583,S02584,2025-04-28,Email,Tablet,USA,Home,6,1319,Yes,Products,Yes
12584,S02585,2025-03-01,Social,Desktop,India,Products,11,1701,Yes,Services,Yes
12585,S02586,2025-01-18,Email,Mobile,Germany,Contact,6,994,No,Pricing,Yes
12586,S02587,2025-12-16,Organic,Desktop,UK,Services,12,383,No,Blog,Yes
12587,S02588,2025-09-09,Direct,Desktop,Germany,Products,10,1279,No,Blog,Yes
12588,S02589,2025-08-14,Social,Tablet,Canada,Products,15,1315,Yes,Products,Yes
12589,S02590,2025-09-21,Direct,Desktop,UK,Products,6,1742,Yes,Pricing,Yes
12590,S02591,2025-03-30,Email,Mobile,Germany,Products,4,1659,Yes,Checkout,No
12591,S02592,2025-04-13,Email,Mobile,Germany,Home,2,268,No,Pricing,No
12592,S02593,2025-07-13,Organic,Mobile,Australia,Products,2,130,No,Services,No
12593,S02594,2025-04-15,Email,Desktop,UK,Home,8,337,Yes,Checkout,Yes
12594,S02595,2025-09-23,Organic,Tablet,Canada,Products,8,837,Yes,Services,Yes
12595,S02596,2025-06-14,Social,Tablet,UK,Pricing,8,960,No,Blog,Yes
12596,S02597,2025-03-21,Email,Mobile,UK,Products,3,786,Yes,Pricing,No
12597,S02598,2025-12-09,Referral,Desktop,Germany,Pricing,14,1598,Yes,Contact,Yes
12598,S02599,2025-01-28,Email,Mobile,Germany,Blog,2,813,Yes,Contact,No
12599,S02600,2025-02-02,Referral,Tablet,USA,Products,8,369,No,Checkout,Yes
12600,S02601,2025-04-22,Email,Tablet,Australia,Products,12,1501,Yes,Services,Yes
12601,S02602,2025-03-21,Email,Tablet,Australia,Products,3,363,No,Products,No
12602,S02603,2025-08-07,Social,Tablet,Australia,Home,2,1510,No,Products,No
12603,S02604,2025-03-15,Direct,Mobile,UK,Contact,9,1137,No,Contact,Yes
12604,S02605,2025-10-23,Email,Mobile,UK,Pricing,4,1626,No,Services,No
12605,S02606,2025-09-08,Referral,Tablet,Germany,Blog,7,260,Yes,Products,No
12606,S02607,2025-05-29,Direct,Mobile,Australia,Services,13,815,No,Checkout,Yes
12607,S02608,2025-09-13,Email,Tablet,Germany,Home,5,1192,Yes,Blog,No
12608,S02609,2025-10-26,Referral,Mobile,USA,Pricing,10,1699,Yes,Blog,Yes
12609,S02610,2025-01-29,Social,Mobile,Germany,Pricing,2,341,No,Checkout,No
12610,S02611,2025-02-27,Direct,Desktop,Germany,Checkout,9,1029,No,Products,Yes
12611,S02612,2025-09-23,Direct,Mobile,USA,Home,10,1153,Yes,Products,Yes
12612,S02613,2025-07-23,Organic,Tablet,USA,Products,13,756,Yes,Home,Yes
12613,S02614,2025-10-11,Referral,Tablet,Germany,Blog,5,1568,No,Services,No
12614,S02615,2025-12-21,Social,Tablet,Australia,Services,11,441,Yes,Products,Yes
12615,S02616,2025-07-21,Organic,Mobile,USA,Home,11,1105,No,Services,Yes
12616,S02617,2025-11-27,Organic,Tablet,Australia,Services,4,804,Yes,Blog,No
12617,S02618,2025-03-25,Direct,Tablet,Australia,Checkout,2,720,Yes,Home,No
12618,S02619,2025-11-26,Email,Mobile,Germany,Pricing,13,315,No,Contact,Yes
12619,S02620,2025-06-05,Direct,Desktop,UK,Contact,1,199,Yes,Checkout,No
12620,S02621,2025-04-09,Organic,Tablet,USA,Home,12,1057,No,Blog,Yes
12621,S02622,2025-12-18,Email,Desktop,India,Pricing,2,440,Yes,Products,No
12622,S02623,2025-11-21,Direct,Tablet,USA,Home,7,109,Yes,Products,No
12623,S02624,2025-12-18,Referral,Desktop,Canada,Checkout,2,1785,Yes,Home,No
12624,S02625,2025-12-11,Organic,Mobile,India,Blog,2,1250,No,Home,No
12625,S02626,2025-01-22,Organic,Tablet,Germany,Home,3,380,No,Products,No
12626,S02627,2025-12-05,Email,Desktop,USA,Products,12,712,Yes,Home,Yes
12627,S02628,2025-04-09,Referral,Desktop,UK,Products,5,1181,Yes,Contact,No
12628,S02629,2025-11-30,Social,Tablet,India,Products,3,942,No,Products,No
12629,S02630,2025-05-26,Organic,Tablet,Germany,Blog,2,194,Yes,Services,No
12630,S02631,2025-10-23,Social,Mobile,USA,Pricing,14,27,No,Blog,No
12631,S02632,2025-10-30,Direct,Tablet,UK,Services,3,45,No,Checkout,No
12632,S02633,2025-12-02,Organic,Mobile,Germany,Contact,13,145,No,Products,No
12633,S02634,2025-10-26,Referral,Mobile,India,Products,13,1432,No,Home,Yes
12634,S02635,2025-04-08,Referral,Desktop,Australia,Services,3,574,No,Blog,No
12635,S02636,2025-03-08,Direct,Mobile,UK,Home,5,1571,Yes,Home,No
12636,S02637,2025-01-28,Referral,Mobile,UK,Pricing,3,996,Yes,Blog,No
12637,S02638,2025-09-11,Social,Mobile,USA,Pricing,4,1151,Yes,Blog,No
12638,S02639,2025-02-13,Referral,Desktop,Australia,Home,12,1487,No,Products,Yes
12639,S02640,2025-05-25,Email,Tablet,India,Services,3,269,No,Services,No
12640,S02641,2025-12-17,Organic,Mobile,Germany,Contact,14,334,No,Home,Yes
12641,S02642,2025-03-05,Organic,Tablet,UK,Blog,4,130,No,Pricing,No
12642,S02643,2025-11-24,Referral,Desktop,Canada,Checkout,15,1583,No,Pricing,Yes
12643,S02644,2025-08-15,Email,Tablet,UK,Services,2,769,No,Blog,No
12644,S02645,2025-05-07,Social,Desktop,India,Products,14,363,No,Blog,Yes
12645,S02646,2025-02-26,Organic,Tablet,India,Checkout,7,15,Yes,Checkout,No
12646,S02647,2025-03-04,Organic,Mobile,India,Checkout,13,1063,No,Pricing,Yes
12647,S02648,2025-08-19,Referral,Desktop,India,Blog,4,215,Yes,Blog,No
12648,S02649,2025-10-06,Organic,Tablet,India,Checkout,9,97,No,Blog,No
12649,S02650,2025-10-31,Organic,Tablet,India,Services,2,313,Yes,Blog,No
12650,S02651,2025-09-18,Organic,Desktop,Canada,Home,2,410,Yes,Home,No
12651,S02652,2025-04-28,Social,Mobile,India,Checkout,8,1469,No,Services,Yes
12652,S02653,2025-09-09,Social,Mobile,Canada,Products,9,574,Yes,Contact,Yes
12653,S02654,2025-01-09,Email,Desktop,USA,Services,4,60,No,Blog,No
12654,S02655,2025-08-08,Email,Desktop,Canada,Home,7,1450,Yes,Home,Yes
12655,S02656,2025-06-20,Direct,Tablet,USA,Pricing,9,21,No,Products,No
12656,S02657,2025-08-14,Social,Desktop,Canada,Blog,14,1668,Yes,Home,Yes
12657,S02658,2025-02-02,Email,Mobile,USA,Contact,6,1208,No,Home,Yes
12658,S02659,2025-05-17,Referral,Desktop,Canada,Home,1,127,Yes,Services,No
12659,S02660,2025-10-29,Organic,Mobile,India,Home,6,1293,No,Pricing,Yes
12660,S02661,2025-08-28,Organic,Desktop,India,Home,8,1375,No,Pricing,Yes
12661,S02662,2025-10-10,Organic,Tablet,Australia,Checkout,4,1123,No,Pricing,No
12662,S02663,2025-05-08,Organic,Desktop,USA,Home,1,655,Yes,Services,No
12663,S02664,2025-09-14,Organic,Tablet,UK,Contact,10,1256,No,Blog,Yes
12664,S02665,2025-09-28,Referral,Tablet,USA,Contact,13,1251,Yes,Products,Yes
12665,S02666,2025-08-13,Organic,Desktop,Canada,Pricing,8,1218,No,Home,Yes
12666,S02667,2025-02-20,Direct,Mobile,Canada,Services,7,792,Yes,Blog,Yes
12667,S02668,2025-05-17,Direct,Mobile,USA,Checkout,8,1179,No,Blog,Yes
12668,S02669,2025-12-19,Email,Tablet,Australia,Pricing,3,441,No,Pricing,No
12669,S02670,2025-11-09,Referral,Mobile,India,Contact,10,243,No,Products,No
12670,S02671,2025-12-05,Direct,Mobile,USA,Blog,15,892,Yes,Pricing,Yes
12671,S02672,2025-10-04,Direct,Mobile,India,Blog,8,1688,Yes,Checkout,Yes
12672,S02673,2025-12-07,Organic,Tablet,Germany,Contact,3,1363,No,Home,No
12673,S02674,2025-02-12,Direct,Desktop,Germany,Contact,14,1127,No,Products,Yes
12674,S02675,2025-02-12,Referral,Mobile,Germany,Checkout,15,239,No,Contact,No
12675,S02676,2025-02-06,Email,Desktop,UK,Services,9,72,Yes,Products,No
12676,S02677,2025-08-20,Social,Tablet,Australia,Contact,13,256,Yes,Pricing,No
12677,S02678,2025-07-11,Referral,Mobile,Australia,Products,8,1048,Yes,Checkout,Yes
12678,S02679,2025-10-04,Organic,Desktop,Canada,Services,1,541,Yes,Blog,No
12679,S02680,2025-04-03,Direct,Desktop,Australia,Home,11,201,No,Pricing,No
12680,S02681,2025-11-28,Organic,Mobile,Australia,Blog,7,197,No,Checkout,No
12681,S02682,2025-12-10,Referral,Tablet,Australia,Products,3,1238,No,Contact,No
12682,S02683,2025-10-24,Referral,Tablet,Germany,Home,13,813,No,Home,Yes
12683,S02684,2025-04-28,Organic,Desktop,India,Checkout,10,736,No,Home,Yes
12684,S02685,2025-01-23,Referral,Tablet,Germany,Products,6,884,Yes,Blog,Yes
12685,S02686,2025-12-20,Email,Tablet,USA,Services,5,1390,No,Services,No
12686,S02687,2025-08-24,Email,Tablet,Germany,Contact,2,1605,No,Products,No
12687,S02688,2025-01-24,Email,Desktop,Germany,Contact,5,1320,No,Checkout,No
12688,S02689,2025-07-16,Email,Mobile,Germany,Services,10,780,No,Home,Yes
12689,S02690,2025-09-19,Social,Mobile,India,Blog,5,937,Yes,Products,No
12690,S02691,2025-02-22,Referral,Mobile,USA,Services,9,702,Yes,Checkout,Yes
12691,S02692,2025-05-21,Email,Tablet,USA,Home,11,842,Yes,Services,Yes
12692,S02693,2025-09-30,Email,Mobile,Australia,Home,9,829,No,Products,Yes
12693,S02694,2025-09-03,Direct,Tablet,Canada,Pricing,5,819,Yes,Blog,No
12694,S02695,2025-02-02,Organic,Desktop,India,Products,1,1286,Yes,Checkout,No
12695,S02696,2025-05-08,Social,Tablet,Australia,Contact,2,1211,Yes,Checkout,No
12696,S02697,2026-01-01,Referral,Mobile,USA,Products,14,428,No,Contact,Yes
12697,S02698,2025-06-24,Direct,Mobile,India,Services,7,10,No,Pricing,No
12698,S02699,2025-07-25,Social,Tablet,India,Products,9,203,No,Services,No
12699,S02700,2025-09-11,Direct,Desktop,India,Pricing,13,628,Yes,Blog,Yes
12700,S02701,2025-01-17,Direct,Tablet,UK,Services,6,1341,Yes,Checkout,Yes
12701,S02702,2025-07-25,Organic,Desktop,Germany,Blog,10,862,Yes,Checkout,Yes
12702,S02703,2025-12-25,Social,Tablet,Australia,Pricing,9,269,Yes,Pricing,No
12703,S02704,2025-01-02,Referral,Desktop,Australia,Products,9,1503,Yes,Services,Yes
12704,S02705,2025-05-19,Referral,Tablet,India,Checkout,2,916,Yes,Checkout,No
12705,S02706,2025-04-05,Referral,Tablet,Canada,Services,6,1284,No,Pricing,Yes
12706,S02707,2025-11-13,Direct,Tablet,Australia,Blog,11,1112,No,Services,Yes
12707,S02708,2025-07-15,Email,Desktop,Germany,Checkout,15,1047,Yes,Services,Yes
12708,S02709,2025-05-14,Social,Tablet,India,Home,6,1214,Yes,Pricing,Yes
12709,S02710,2025-11-03,Direct,Mobile,Germany,Checkout,3,1489,No,Services,No
12710,S02711,2025-07-15,Organic,Desktop,India,Home,4,1437,No,Home,No
12711,S02712,2025-02-01,Direct,Tablet,Australia,Checkout,7,1408,No,Products,Yes
12712,S02713,2025-05-08,Referral,Tablet,Germany,Products,7,653,Yes,Pricing,Yes
12713,S02714,2025-06-17,Social,Tablet,India,Blog,10,542,No,Home,Yes
12714,S02715,2025-11-01,Email,Desktop,USA,Services,1,60,Yes,Pricing,No
12715,S02716,2025-04-02,Organic,Desktop,Canada,Blog,10,522,No,Checkout,Yes
12716,S02717,2025-10-13,Email,Desktop,Canada,Blog,15,1526,No,Home,Yes
12717,S02718,2025-08-12,Social,Mobile,India,Checkout,6,1626,No,Services,Yes
12718,S02719,2025-07-06,Referral,Desktop,UK,Pricing,7,1781,Yes,Pricing,Yes
12719,S02720,2025-06-07,Social,Mobile,USA,Checkout,8,1612,Yes,Blog,Yes
12720,S02721,2025-07-09,Social,Desktop,Canada,Checkout,3,506,Yes,Checkout,No
12721,S02722,2025-08-03,Social,Tablet,UK,Home,11,387,Yes,Blog,Yes
12722,S02723,2025-11-06,Email,Desktop,USA,Home,11,694,Yes,Contact,Yes
12723,S02724,2025-08-06,Direct,Mobile,India,Products,15,1392,Yes,Services,Yes
12724,S02725,2025-08-20,Referral,Desktop,Germany,Contact,3,1570,No,Services,No
12725,S02726,2025-06-11,Email,Mobile,Canada,Home,7,285,Yes,Home,No
12726,S02727,2025-12-30,Organic,Mobile,UK,Checkout,3,585,No,Pricing,No
12727,S02728,2025-11-24,Referral,Mobile,India,Checkout,13,1068,Yes,Home,Yes
12728,S02729,2025-09-22,Referral,Desktop,Germany,Blog,8,1215,Yes,Products,Yes
12729,S02730,2025-03-30,Email,Tablet,UK,Blog,14,172,Yes,Checkout,No
12730,S02731,2025-03-11,Referral,Desktop,USA,Contact,5,923,No,Home,No
12731,S02732,2025-02-26,Direct,Mobile,USA,Pricing,3,1505,No,Products,No
12732,S02733,2025-09-03,Social,Mobile,Canada,Services,12,1565,No,Checkout,Yes
12733,S02734,2025-01-25,Referral,Tablet,UK,Checkout,13,1100,Yes,Services,Yes
12734,S02735,2025-03-31,Social,Mobile,India,Contact,5,1062,Yes,Pricing,No
12735,S02736,2025-07-05,Social,Mobile,India,Contact,6,528,No,Services,Yes
12736,S02737,2025-07-08,Social,Tablet,Canada,Services,5,1346,Yes,Checkout,No
12737,S02738,2025-02-09,Organic,Mobile,USA,Products,4,1741,No,Services,No
12738,S02739,2025-11-11,Referral,Tablet,Australia,Contact,13,1110,Yes,Blog,Yes
12739,S02740,2025-07-23,Direct,Mobile,Germany,Services,8,1594,Yes,Blog,Yes
12740,S02741,2025-04-09,Email,Tablet,Canada,Contact,3,72,Yes,Checkout,No
12741,S02742,2025-07-01,Organic,Tablet,Australia,Home,2,982,Yes,Pricing,No
12742,S02743,2025-05-07,Organic,Desktop,UK,Contact,13,802,Yes,Home,Yes
12743,S02744,2025-04-28,Social,Tablet,Australia,Pricing,7,1256,Yes,Services,Yes
12744,S02745,2025-06-19,Direct,Desktop,India,Home,10,479,Yes,Pricing,Yes
12745,S02746,2025-07-22,Referral,Desktop,Australia,Services,2,1474,Yes,Checkout,No
12746,S02747,2025-03-30,Social,Desktop,UK,Contact,7,717,No,Services,Yes
12747,S02748,2025-01-28,Email,Mobile,Australia,Services,5,885,Yes,Blog,No
12748,S02749,2025-04-22,Referral,Tablet,Australia,Home,10,1278,Yes,Contact,Yes
12749,S02750,2025-12-09,Social,Mobile,Germany,Pricing,11,1343,Yes,Products,Yes
12750,S02751,2025-09-15,Email,Tablet,UK,Checkout,9,944,No,Checkout,Yes
12751,S02752,2025-10-24,Referral,Tablet,Australia,Pricing,10,1173,Yes,Checkout,Yes
12752,S02753,2025-02-01,Social,Desktop,Canada,Pricing,12,1236,Yes,Checkout,Yes
12753,S02754,2025-05-21,Referral,Tablet,USA,Services,8,224,No,Products,No
12754,S02755,2025-02-15,Email,Tablet,Germany,Blog,1,1669,Yes,Contact,No
12755,S02756,2025-05-18,Direct,Mobile,Australia,Contact,5,368,Yes,Pricing,No
12756,S02757,2025-09-24,Direct,Mobile,Australia,Checkout,8,343,Yes,Products,Yes
12757,S02758,2025-12-04,Email,Desktop,India,Blog,2,1333,Yes,Pricing,No
12758,S02759,2025-09-22,Email,Mobile,Germany,Pricing,4,363,Yes,Products,No
12759,S02760,2025-01-23,Organic,Mobile,USA,Products,3,258,Yes,Home,No
12760,S02761,2025-12-21,Email,Desktop,Canada,Blog,1,139,Yes,Blog,No
12761,S02762,2025-01-16,Email,Tablet,Australia,Contact,2,102,No,Contact,No
12762,S02763,2025-01-06,Email,Mobile,UK,Products,7,259,No,Blog,No
12763,S02764,2025-05-28,Organic,Tablet,USA,Pricing,13,200,No,Services,No
12764,S02765,2025-11-25,Organic,Tablet,Australia,Checkout,11,509,Yes,Checkout,Yes
12765,S02766,2025-08-04,Email,Tablet,USA,Products,8,575,No,Services,Yes
12766,S02767,2025-10-29,Social,Tablet,India,Home,7,1784,Yes,Products,Yes
12767,S02768,2025-01-09,Referral,Desktop,USA,Home,12,1593,No,Checkout,Yes
12768,S02769,2025-06-18,Email,Desktop,Canada,Checkout,14,581,Yes,Services,Yes
12769,S02770,2025-01-24,Referral,Desktop,Germany,Blog,1,1421,Yes,Blog,No
12770,S02771,2025-02-07,Organic,Tablet,Canada,Services,5,198,No,Checkout,No
12771,S02772,2025-02-16,Direct,Desktop,India,Checkout,2,1461,No,Pricing,No
12772,S02773,2025-07-24,Email,Tablet,UK,Checkout,6,215,No,Home,No
12773,S02774,2025-01-08,Social,Tablet,USA,Blog,9,1269,No,Pricing,Yes
12774,S02775,2025-10-11,Direct,Desktop,Australia,Contact,4,612,No,Products,No
12775,S02776,2025-08-24,Organic,Tablet,USA,Pricing,7,1252,No,Pricing,Yes
12776,S02777,2025-11-22,Email,Mobile,Canada,Pricing,9,1075,No,Checkout,Yes
12777,S02778,2025-07-06,Organic,Desktop,Australia,Blog,10,158,Yes,Services,No
12778,S02779,2025-02-09,Email,Desktop,Canada,Home,8,1738,Yes,Products,Yes
12779,S02780,2025-03-09,Referral,Tablet,UK,Blog,1,188,Yes,Checkout,No
12780,S02781,2025-10-23,Email,Mobile,Canada,Home,11,1079,No,Home,Yes
12781,S02782,2025-01-03,Email,Desktop,USA,Home,9,1760,No,Services,Yes
12782,S02783,2025-06-10,Organic,Desktop,Canada,Blog,6,1055,No,Contact,Yes
12783,S02784,2025-03-12,Referral,Desktop,Canada,Pricing,2,1384,Yes,Checkout,No
12784,S02785,2025-10-05,Email,Mobile,UK,Home,2,207,No,Products,No
12785,S02786,2025-04-01,Direct,Mobile,Australia,Blog,7,555,No,Pricing,Yes
12786,S02787,2025-08-19,Organic,Tablet,UK,Contact,10,162,No,Services,No
12787,S02788,2025-02-23,Email,Desktop,Germany,Services,15,280,No,Blog,No
12788,S02789,2025-01-24,Social,Desktop,Australia,Products,14,1720,Yes,Checkout,Yes
12789,S02790,2025-03-06,Social,Desktop,India,Contact,10,299,Yes,Contact,No
12790,S02791,2025-11-20,Referral,Mobile,Germany,Services,1,139,Yes,Blog,No
12791,S02792,2025-08-24,Direct,Mobile,USA,Services,5,118,No,Products,No
12792,S02793,2025-10-14,Email,Desktop,Germany,Checkout,9,343,No,Home,Yes
12793,S02794,2025-09-06,Email,Tablet,Australia,Products,1,192,Yes,Products,No
12794,S02795,2025-08-20,Direct,Mobile,USA,Blog,12,546,Yes,Blog,Yes
12795,S02796,2025-07-11,Organic,Desktop,India,Home,15,1120,No,Pricing,Yes
12796,S02797,2025-01-31,Organic,Mobile,Australia,Services,11,1439,Yes,Pricing,Yes
12797,S02798,2025-08-26,Organic,Tablet,India,Services,3,1738,Yes,Blog,No
12798,S02799,2025-01-23,Social,Mobile,Canada,Home,2,1540,Yes,Products,No
12799,S02800,2025-08-25,Organic,Desktop,Australia,Services,1,77,Yes,Contact,No
12800,S02801,2025-09-05,Social,Tablet,Germany,Home,1,19,Yes,Pricing,No
12801,S02802,2025-06-09,Email,Tablet,UK,Contact,10,1618,No,Products,Yes
12802,S02803,2025-03-14,Email,Tablet,Canada,Blog,13,1332,Yes,Checkout,Yes
12803,S02804,2025-06-26,Direct,Tablet,UK,Services,14,854,No,Checkout,Yes
12804,S02805,2025-02-15,Email,Tablet,Australia,Products,2,856,No,Products,No
12805,S02806,2025-10-03,Organic,Mobile,Germany,Checkout,13,646,Yes,Home,Yes
12806,S02807,2025-01-24,Direct,Desktop,Australia,Contact,5,690,No,Products,No
12807,S02808,2025-02-05,Referral,Desktop,USA,Checkout,11,385,No,Blog,Yes
12808,S02809,2025-05-04,Social,Mobile,Canada,Pricing,5,1083,Yes,Blog,No
12809,S02810,2025-10-07,Referral,Mobile,Germany,Blog,14,569,No,Products,Yes
12810,S02811,2025-04-23,Social,Desktop,Australia,Pricing,10,1132,Yes,Pricing,Yes
12811,S02812,2025-06-12,Direct,Desktop,Germany,Checkout,5,372,No,Blog,No
12812,S02813,2025-10-04,Organic,Desktop,UK,Home,15,292,No,Checkout,No
12813,S02814,2025-12-27,Organic,Desktop,UK,Blog,8,576,No,Services,Yes
12814,S02815,2025-07-23,Direct,Mobile,Australia,Products,2,755,Yes,Pricing,No
12815,S02816,2025-06-20,Social,Mobile,India,Blog,1,1117,Yes,Contact,No
12816,S02817,2025-01-15,Email,Mobile,USA,Home,12,643,Yes,Home,Yes
12817,S02818,2025-09-17,Referral,Mobile,Australia,Contact,8,1605,Yes,Products,Yes
12818,S02819,2025-06-01,Referral,Tablet,Canada,Home,6,1659,Yes,Products,Yes
12819,S02820,2025-07-27,Email,Desktop,USA,Services,11,58,No,Contact,No
12820,S02821,2025-04-01,Organic,Mobile,Germany,Products,2,1407,Yes,Blog,No
12821,S02822,2025-10-17,Social,Mobile,India,Products,15,652,No,Checkout,Yes
12822,S02823,2025-01-26,Organic,Desktop,India,Services,13,1442,Yes,Checkout,Yes
12823,S02824,2025-06-27,Email,Desktop,Canada,Contact,12,384,No,Home,Yes
12824,S02825,2025-01-23,Referral,Mobile,Canada,Contact,8,588,Yes,Checkout,Yes
12825,S02826,2025-11-01,Email,Mobile,UK,Contact,3,959,No,Contact,No
12826,S02827,2025-12-08,Organic,Mobile,India,Blog,1,482,Yes,Services,No
12827,S02828,2025-04-21,Social,Tablet,India,Products,11,1283,Yes,Home,Yes
12828,S02829,2025-03-06,Organic,Mobile,Canada,Home,5,723,No,Home,No
12829,S02830,2025-06-03,Email,Mobile,USA,Contact,2,1121,No,Pricing,No
12830,S02831,2025-10-07,Social,Desktop,USA,Services,10,366,No,Products,Yes
12831,S02832,2025-07-18,Organic,Mobile,India,Blog,1,750,Yes,Blog,No
12832,S02833,2025-01-07,Organic,Desktop,Australia,Blog,10,1192,Yes,Home,Yes
12833,S02834,2025-08-13,Referral,Desktop,India,Checkout,9,802,Yes,Blog,Yes
12834,S02835,2025-12-22,Direct,Tablet,USA,Contact,9,556,Yes,Pricing,Yes
12835,S02836,2025-06-07,Email,Tablet,UK,Checkout,14,601,Yes,Home,Yes
12836,S02837,2025-09-09,Referral,Desktop,USA,Services,1,814,Yes,Services,No
12837,S02838,2025-03-24,Social,Mobile,India,Blog,1,456,Yes,Products,No
12838,S02839,2025-05-11,Direct,Desktop,USA,Services,7,651,Yes,Blog,Yes
12839,S02840,2025-04-05,Email,Mobile,Germany,Products,9,531,Yes,Products,Yes
12840,S02841,2025-06-07,Social,Mobile,India,Home,13,463,Yes,Pricing,Yes
12841,S02842,2025-08-04,Organic,Desktop,USA,Home,1,1327,Yes,Contact,No
12842,S02843,2025-10-12,Referral,Tablet,UK,Products,13,1117,Yes,Products,Yes
12843,S02844,2025-02-15,Referral,Desktop,Canada,Products,15,248,Yes,Pricing,No
12844,S02845,2025-05-25,Social,Desktop,UK,Checkout,15,23,No,Services,No
12845,S02846,2025-04-06,Organic,Mobile,Australia,Contact,14,1168,No,Services,Yes
12846,S02847,2025-01-24,Direct,Mobile,Canada,Contact,3,819,Yes,Checkout,No
12847,S02848,2025-03-14,Referral,Desktop,UK,Pricing,1,1431,Yes,Products,No
12848,S02849,2025-08-25,Referral,Mobile,Germany,Pricing,2,533,Yes,Home,No
12849,S02850,2025-02-28,Organic,Desktop,USA,Products,15,921,Yes,Products,Yes
12850,S02851,2025-12-25,Direct,Mobile,Germany,Checkout,4,893,Yes,Home,No
12851,S02852,2025-03-05,Email,Tablet,Canada,Contact,6,1084,Yes,Contact,Yes
12852,S02853,2025-02-18,Referral,Mobile,India,Pricing,6,1168,No,Products,Yes
12853,S02854,2025-06-20,Email,Tablet,India,Contact,9,770,No,Pricing,Yes
12854,S02855,2025-12-20,Referral,Mobile,Germany,Contact,12,959,Yes,Blog,Yes
12855,S02856,2025-01-23,Organic,Desktop,USA,Blog,9,1068,Yes,Home,Yes
12856,S02857,2025-11-08,Direct,Tablet,Australia,Blog,9,778,Yes,Checkout,Yes
12857,S02858,2025-06-19,Social,Mobile,Germany,Home,9,575,Yes,Products,Yes
12858,S02859,2025-09-02,Direct,Mobile,India,Products,12,1554,Yes,Pricing,Yes
12859,S02860,2025-03-07,Direct,Mobile,Germany,Products,5,1109,Yes,Services,No
12860,S02861,2025-05-23,Referral,Desktop,Germany,Products,2,578,Yes,Contact,No
12861,S02862,2025-02-26,Organic,Desktop,UK,Pricing,14,1084,Yes,Contact,Yes
12862,S02863,2025-03-06,Organic,Mobile,India,Contact,1,1388,Yes,Products,No
12863,S02864,2026-01-01,Direct,Mobile,USA,Products,1,577,Yes,Contact,No
12864,S02865,2025-07-03,Direct,Tablet,India,Products,8,1029,No,Contact,Yes
12865,S02866,2025-03-08,Email,Mobile,Canada,Services,4,94,Yes,Blog,No
12866,S02867,2025-04-11,Organic,Tablet,India,Services,5,820,Yes,Checkout,No
12867,S02868,2025-08-24,Social,Desktop,Australia,Home,8,945,Yes,Products,Yes
12868,S02869,2025-12-17,Organic,Tablet,USA,Pricing,13,155,Yes,Blog,No
12869,S02870,2025-12-18,Organic,Desktop,UK,Blog,11,1674,Yes,Checkout,Yes
12870,S02871,2025-09-29,Direct,Mobile,India,Services,3,1202,Yes,Checkout,No
12871,S02872,2025-05-22,Organic,Tablet,Canada,Blog,12,1118,Yes,Products,Yes
12872,S02873,2025-04-14,Organic,Desktop,Canada,Home,10,176,Yes,Services,No
12873,S02874,2025-07-08,Referral,Desktop,Canada,Checkout,7,1151,Yes,Blog,Yes
12874,S02875,2025-07-21,Direct,Mobile,Australia,Pricing,4,1444,No,Services,No
12875,S02876,2025-06-05,Email,Desktop,UK,Services,6,133,Yes,Blog,No
12876,S02877,2025-04-11,Social,Tablet,USA,Contact,7,811,Yes,Pricing,Yes
12877,S02878,2025-01-05,Social,Tablet,Australia,Blog,7,714,Yes,Blog,Yes
12878,S02879,2025-03-28,Referral,Mobile,Canada,Checkout,4,275,Yes,Home,No
12879,S02880,2025-05-11,Direct,Desktop,Germany,Products,5,310,No,Contact,No
12880,S02881,2025-06-14,Social,Tablet,USA,Home,9,1434,Yes,Pricing,Yes
12881,S02882,2025-11-01,Email,Mobile,Germany,Pricing,12,1019,No,Products,Yes
12882,S02883,2025-06-09,Organic,Tablet,Australia,Pricing,11,501,No,Services,Yes
12883,S02884,2025-10-14,Social,Mobile,USA,Contact,4,421,No,Blog,No
12884,S02885,2025-12-08,Organic,Desktop,Australia,Products,3,758,Yes,Products,No
12885,S02886,2025-01-18,Direct,Mobile,India,Contact,5,424,No,Checkout,No
12886,S02887,2025-09-13,Referral,Mobile,UK,Contact,11,1093,No,Services,Yes
12887,S02888,2025-07-19,Email,Tablet,UK,Blog,14,966,No,Checkout,Yes
12888,S02889,2025-10-28,Social,Tablet,Germany,Services,8,832,Yes,Services,Yes
12889,S02890,2025-07-09,Email,Desktop,UK,Blog,4,904,No,Contact,No
12890,S02891,2025-09-15,Referral,Mobile,Canada,Products,10,1601,No,Products,Yes
12891,S02892,2025-06-25,Social,Desktop,India,Pricing,2,372,Yes,Pricing,No
12892,S02893,2025-11-13,Social,Tablet,India,Checkout,6,1727,No,Products,Yes
12893,S02894,2025-11-02,Direct,Desktop,UK,Pricing,13,827,No,Blog,Yes
12894,S02895,2025-08-17,Direct,Mobile,USA,Home,5,1739,No,Checkout,No
12895,S02896,2025-05-03,Social,Tablet,Australia,Home,5,289,No,Products,No
12896,S02897,2025-05-27,Organic,Tablet,UK,Contact,7,260,Yes,Products,No
12897,S02898,2025-08-01,Organic,Desktop,UK,Services,13,332,Yes,Contact,Yes
12898,S02899,2025-08-20,Email,Desktop,USA,Contact,13,124,No,Products,No
12899,S02900,2025-01-10,Organic,Tablet,Germany,Contact,2,1404,Yes,Blog,No
12900,S02901,2025-07-02,Direct,Mobile,India,Home,9,1693,No,Contact,Yes
12901,S02902,2025-02-17,Email,Desktop,UK,Products,9,924,Yes,Services,Yes
12902,S02903,2025-05-24,Direct,Desktop,Australia,Checkout,14,1357,No,Services,Yes
12903,S02904,2025-12-15,Referral,Mobile,India,Blog,5,1738,Yes,Contact,No
12904,S02905,2025-11-28,Organic,Tablet,Australia,Blog,3,1791,No,Contact,No
12905,S02906,2025-04-24,Referral,Desktop,Canada,Products,14,312,No,Blog,Yes
12906,S02907,2025-07-28,Direct,Mobile,Canada,Home,11,673,Yes,Services,Yes
12907,S02908,2025-11-27,Organic,Tablet,Germany,Services,15,136,Yes,Checkout,No
12908,S02909,2025-02-02,Organic,Desktop,UK,Contact,8,1109,Yes,Home,Yes
12909,S02910,2025-09-05,Direct,Tablet,USA,Home,1,321,Yes,Services,No
12910,S02911,2025-08-26,Direct,Mobile,Canada,Home,3,664,No,Products,No
12911,S02912,2025-03-05,Direct,Desktop,Australia,Checkout,10,1427,Yes,Blog,Yes
12912,S02913,2025-04-12,Organic,Mobile,Canada,Pricing,3,81,No,Services,No
12913,S02914,2025-09-23,Referral,Mobile,Germany,Home,12,325,Yes,Pricing,Yes
12914,S02915,2025-09-06,Direct,Desktop,USA,Contact,12,1302,No,Pricing,Yes
12915,S02916,2025-12-04,Direct,Mobile,USA,Products,6,1704,Yes,Contact,Yes
12916,S02917,2025-08-15,Direct,Tablet,Australia,Products,12,1588,Yes,Home,Yes
12917,S02918,2025-08-31,Direct,Desktop,USA,Products,5,754,Yes,Blog,No
12918,S02919,2025-09-17,Social,Mobile,Canada,Blog,7,188,Yes,Home,No
12919,S02920,2025-01-24,Email,Mobile,Canada,Pricing,9,950,No,Checkout,Yes
12920,S02921,2025-09-16,Direct,Mobile,Canada,Home,2,1575,Yes,Home,No
12921,S02922,2025-03-21,Referral,Mobile,UK,Contact,8,265,Yes,Pricing,No
12922,S02923,2025-11-20,Direct,Tablet,India,Checkout,11,1157,No,Contact,Yes
12923,S02924,2025-11-19,Referral,Tablet,UK,Pricing,13,1734,No,Checkout,Yes
12924,S02925,2025-04-13,Social,Desktop,UK,Products,7,989,Yes,Products,Yes
12925,S02926,2025-03-20,Direct,Mobile,Germany,Pricing,4,1424,Yes,Contact,No
12926,S02927,2025-11-08,Social,Desktop,USA,Services,2,1554,Yes,Contact,No
12927,S02928,2025-12-17,Direct,Mobile,Germany,Services,14,1371,No,Home,Yes
12928,S02929,2025-11-13,Social,Mobile,UK,Contact,7,384,Yes,Blog,Yes
12929,S02930,2025-11-22,Referral,Mobile,India,Checkout,4,1716,Yes,Pricing,No
12930,S02931,2025-07-23,Referral,Desktop,India,Checkout,1,566,Yes,Products,No
12931,S02932,2025-12-09,Social,Mobile,Australia,Services,1,1004,Yes,Checkout,No
12932,S02933,2025-10-15,Social,Mobile,India,Contact,2,1347,Yes,Products,No
12933,S02934,2025-03-31,Referral,Tablet,India,Pricing,13,799,No,Contact,Yes
12934,S02935,2025-10-20,Referral,Tablet,UK,Blog,7,479,Yes,Services,Yes
12935,S02936,2025-09-01,Organic,Desktop,UK,Services,12,576,Yes,Checkout,Yes
12936,S02937,2025-12-04,Organic,Desktop,India,Blog,3,1292,No,Home,No
12937,S02938,2025-12-11,Social,Desktop,Canada,Services,2,1169,Yes,Pricing,No
12938,S02939,2025-02-16,Email,Tablet,Canada,Pricing,15,1383,Yes,Pricing,Yes
12939,S02940,2025-10-08,Referral,Desktop,USA,Home,6,933,No,Checkout,Yes
12940,S02941,2025-03-12,Organic,Desktop,USA,Blog,1,1671,Yes,Products,No
12941,S02942,2025-02-06,Email,Tablet,Canada,Home,11,40,Yes,Contact,No
12942,S02943,2025-03-18,Social,Mobile,USA,Pricing,11,193,Yes,Checkout,No
12943,S02944,2025-11-14,Referral,Desktop,Australia,Pricing,12,890,No,Blog,Yes
12944,S02945,2025-09-25,Referral,Mobile,India,Products,1,1169,Yes,Blog,No
12945,S02946,2025-04-29,Organic,Tablet,USA,Products,8,1000,No,Contact,Yes
12946,S02947,2025-01-15,Referral,Desktop,Germany,Pricing,7,1392,No,Contact,Yes
12947,S02948,2025-06-30,Direct,Tablet,USA,Contact,9,870,No,Products,Yes
12948,S02949,2025-02-16,Referral,Desktop,UK,Products,2,1244,Yes,Pricing,No
12949,S02950,2025-10-24,Social,Mobile,USA,Home,11,1494,Yes,Home,Yes
12950,S02951,2025-10-28,Organic,Desktop,India,Checkout,3,257,No,Blog,No
12951,S02952,2025-05-20,Social,Tablet,Germany,Blog,13,784,No,Blog,Yes
12952,S02953,2025-01-26,Organic,Mobile,Canada,Pricing,1,1466,Yes,Blog,No
12953,S02954,2025-06-08,Email,Tablet,Canada,Blog,7,637,No,Services,Yes
12954,S02955,2025-10-31,Referral,Desktop,India,Blog,10,927,Yes,Blog,Yes
12955,S02956,2025-08-07,Organic,Desktop,UK,Home,15,721,Yes,Blog,Yes
12956,S02957,2025-06-11,Direct,Desktop,USA,Home,4,732,No,Services,No
12957,S02958,2025-11-12,Direct,Desktop,Canada,Home,10,883,Yes,Contact,Yes
12958,S02959,2025-07-03,Direct,Tablet,Germany,Blog,10,1341,Yes,Services,Yes
12959,S02960,2025-12-22,Social,Tablet,Canada,Contact,4,111,Yes,Products,No
12960,S02961,2025-02-26,Direct,Tablet,USA,Blog,6,726,No,Contact,Yes
12961,S02962,2025-06-03,Direct,Mobile,UK,Pricing,4,883,No,Pricing,No
12962,S02963,2025-10-14,Email,Desktop,Australia,Blog,10,1750,No,Services,Yes
12963,S02964,2025-08-11,Direct,Desktop,UK,Checkout,7,1356,No,Checkout,Yes
12964,S02965,2025-04-24,Social,Tablet,UK,Checkout,15,608,Yes,Checkout,Yes
12965,S02966,2025-11-10,Organic,Desktop,Australia,Pricing,15,635,Yes,Checkout,Yes
12966,S02967,2025-12-28,Social,Desktop,Australia,Blog,10,506,No,Products,Yes
12967,S02968,2025-07-29,Social,Mobile,Australia,Checkout,10,562,Yes,Products,Yes
12968,S02969,2025-10-31,Social,Tablet,Canada,Products,4,107,No,Contact,No
12969,S02970,2025-10-22,Email,Tablet,Australia,Pricing,15,457,No,Home,Yes
12970,S02971,2025-02-23,Organic,Tablet,Canada,Products,4,332,Yes,Contact,No
12971,S02972,2025-09-03,Organic,Desktop,UK,Services,3,245,No,Products,No
12972,S02973,2025-12-30,Referral,Desktop,UK,Blog,5,1300,Yes,Checkout,No
12973,S02974,2025-01-20,Direct,Mobile,India,Services,13,267,No,Pricing,No
12974,S02975,2025-06-05,Referral,Mobile,USA,Contact,7,1747,Yes,Pricing,Yes
12975,S02976,2025-01-15,Direct,Tablet,UK,Home,1,1695,Yes,Products,No
12976,S02977,2025-04-15,Referral,Desktop,Canada,Checkout,13,245,No,Pricing,No
12977,S02978,2025-07-20,Direct,Desktop,Australia,Services,12,1228,No,Home,Yes
12978,S02979,2025-02-10,Email,Tablet,USA,Home,9,891,No,Contact,Yes
12979,S02980,2025-06-02,Direct,Desktop,Germany,Services,6,1141,No,Blog,Yes
12980,S02981,2025-02-07,Direct,Tablet,Australia,Services,4,183,Yes,Products,No
12981,S02982,2025-04-08,Referral,Mobile,Germany,Contact,5,385,Yes,Home,No
12982,S02983,2025-04-10,Social,Desktop,UK,Products,14,519,No,Blog,Yes
12983,S02984,2025-02-25,Organic,Desktop,USA,Contact,4,1353,No,Contact,No
12984,S02985,2025-09-16,Referral,Tablet,India,Home,10,861,No,Contact,Yes
12985,S02986,2025-10-19,Social,Desktop,Australia,Home,12,298,Yes,Checkout,No
12986,S02987,2025-11-28,Referral,Desktop,UK,Home,11,193,No,Services,No
12987,S02988,2025-06-04,Direct,Desktop,India,Products,4,86,Yes,Pricing,No
12988,S02989,2025-07-07,Organic,Mobile,USA,Checkout,13,1630,No,Blog,Yes
12989,S02990,2025-04-03,Referral,Desktop,Germany,Checkout,7,702,Yes,Products,Yes
12990,S02991,2025-09-24,Direct,Tablet,USA,Home,4,283,Yes,Home,No
12991,S02992,2025-07-25,Email,Mobile,USA,Products,3,686,Yes,Products,No
12992,S02993,2025-04-12,Social,Desktop,Canada,Blog,1,459,Yes,Home,No
12993,S02994,2025-03-04,Referral,Desktop,UK,Checkout,12,1427,Yes,Blog,Yes
12994,S02995,2025-03-14,Referral,Tablet,Australia,Services,14,884,No,Products,Yes
12995,S02996,2025-01-30,Direct,Desktop,Germany,Services,15,1542,Yes,Home,Yes
12996,S02997,2025-04-29,Email,Tablet,UK,Checkout,2,364,No,Products,No
12997,S02998,2025-04-21,Social,Tablet,USA,Home,4,69,Yes,Pricing,No
12998,S02999,2025-02-04,Email,Tablet,India,Home,5,948,No,Contact,No
12999,S03000,2025-12-05,Direct,Desktop,India,Services,3,344,Yes,Blog,No
13000,S03001,2025-07-31,Social,Tablet,Australia,Blog,14,1489,Yes,Checkout,Yes
13001,S03002,2025-11-25,Referral,Desktop,UK,Blog,15,985,Yes,Pricing,Yes
13002,S03003,2025-11-04,Direct,Desktop,India,Blog,13,1714,No,Contact,Yes
13003,S03004,2025-10-02,Referral,Mobile,Germany,Blog,9,475,Yes,Services,Yes
13004,S03005,2025-02-02,Direct,Mobile,UK,Pricing,9,1796,Yes,Checkout,Yes
13005,S03006,2025-12-19,Social,Desktop,Canada,Checkout,10,1611,No,Contact,Yes
13006,S03007,2025-03-17,Direct,Desktop,USA,Contact,5,1048,Yes,Blog,No
13007,S03008,2025-02-09,Direct,Mobile,USA,Home,10,1585,Yes,Home,Yes
13008,S03009,2025-08-23,Email,Mobile,USA,Contact,2,1097,No,Contact,No
13009,S03010,2025-11-11,Organic,Tablet,India,Blog,9,861,Yes,Checkout,Yes
13010,S03011,2025-05-30,Organic,Tablet,USA,Pricing,14,1002,Yes,Services,Yes
13011,S03012,2025-11-14,Email,Desktop,Germany,Services,2,1213,Yes,Pricing,No
13012,S03013,2025-02-26,Referral,Mobile,USA,Products,6,1515,Yes,Blog,Yes
13013,S03014,2025-05-11,Direct,Mobile,Australia,Blog,7,1542,Yes,Products,Yes
13014,S03015,2025-05-29,Direct,Mobile,India,Blog,1,748,Yes,Products,No
13015,S03016,2025-06-14,Social,Tablet,Germany,Blog,7,1400,Yes,Products,Yes
13016,S03017,2025-01-01,Email,Mobile,USA,Services,12,1517,No,Services,Yes
13017,S03018,2025-01-10,Social,Tablet,Australia,Blog,8,1717,No,Home,Yes
13018,S03019,2025-01-11,Direct,Mobile,UK,Pricing,5,961,No,Checkout,No
13019,S03020,2025-06-28,Organic,Tablet,UK,Products,9,1411,No,Blog,Yes
13020,S03021,2025-12-26,Direct,Desktop,Canada,Contact,5,1287,Yes,Products,No
13021,S03022,2025-06-12,Referral,Mobile,UK,Products,15,1234,No,Blog,Yes
13022,S03023,2025-03-29,Direct,Desktop,Australia,Products,8,663,Yes,Blog,Yes
13023,S03024,2025-06-28,Email,Mobile,USA,Checkout,2,827,Yes,Home,No
13024,S03025,2025-10-21,Direct,Mobile,Australia,Services,11,765,Yes,Home,Yes
13025,S03026,2025-07-30,Direct,Mobile,USA,Pricing,6,1780,No,Services,Yes
13026,S03027,2025-12-25,Email,Desktop,USA,Blog,13,1371,Yes,Blog,Yes
13027,S03028,2025-03-20,Referral,Mobile,Australia,Contact,11,1484,No,Contact,Yes
13028,S03029,2025-01-22,Referral,Desktop,India,Services,13,378,No,Pricing,Yes
13029,S03030,2025-11-27,Email,Desktop,India,Products,9,65,Yes,Contact,No
13030,S03031,2025-12-02,Email,Mobile,India,Services,2,466,Yes,Contact,No
13031,S03032,2025-02-02,Organic,Mobile,USA,Home,14,331,Yes,Checkout,Yes
13032,S03033,2025-06-01,Email,Tablet,India,Contact,2,772,No,Pricing,No
13033,S03034,2025-08-11,Email,Desktop,Australia,Blog,3,1791,No,Services,No
13034,S03035,2025-02-23,Email,Mobile,Australia,Services,15,27,No,Pricing,No
13035,S03036,2025-07-19,Social,Desktop,USA,Checkout,9,129,Yes,Home,No
13036,S03037,2025-04-01,Email,Tablet,Canada,Blog,13,805,No,Products,Yes
13037,S03038,2025-09-24,Social,Tablet,Canada,Contact,14,652,No,Services,Yes
13038,S03039,2025-06-09,Organic,Tablet,Canada,Contact,14,827,Yes,Products,Yes
13039,S03040,2025-04-03,Organic,Tablet,USA,Contact,5,1358,No,Checkout,No
13040,S03041,2025-02-08,Direct,Mobile,India,Services,3,376,Yes,Home,No
13041,S03042,2025-11-10,Social,Tablet,USA,Checkout,5,344,Yes,Services,No
13042,S03043,2025-09-19,Email,Tablet,India,Home,12,1004,No,Checkout,Yes
13043,S03044,2025-03-20,Referral,Tablet,Australia,Pricing,10,924,No,Pricing,Yes
13044,S03045,2025-02-19,Direct,Tablet,Germany,Products,12,1088,Yes,Contact,Yes
13045,S03046,2025-01-30,Direct,Desktop,Canada,Blog,9,50,Yes,Contact,No
13046,S03047,2025-03-28,Organic,Mobile,India,Services,12,1536,Yes,Contact,Yes
13047,S03048,2025-06-22,Direct,Tablet,Canada,Products,3,1114,Yes,Home,No
13048,S03049,2025-01-24,Social,Mobile,UK,Products,6,1303,Yes,Pricing,Yes
13049,S03050,2025-07-01,Email,Tablet,USA,Blog,12,13,Yes,Contact,No
13050,S03051,2025-11-10,Organic,Mobile,Canada,Blog,13,1166,No,Products,Yes
13051,S03052,2025-08-12,Direct,Mobile,USA,Checkout,14,946,Yes,Checkout,Yes
13052,S03053,2025-07-17,Direct,Mobile,Canada,Blog,9,1258,Yes,Pricing,Yes
13053,S03054,2025-02-28,Email,Desktop,USA,Blog,6,1310,No,Home,Yes
13054,S03055,2025-10-10,Social,Mobile,India,Home,4,898,Yes,Products,No
13055,S03056,2025-03-22,Direct,Mobile,Germany,Pricing,11,1045,Yes,Home,Yes
13056,S03057,2025-09-18,Direct,Desktop,USA,Blog,11,1117,Yes,Pricing,Yes
13057,S03058,2025-12-29,Organic,Desktop,Canada,Blog,8,676,No,Home,Yes
13058,S03059,2025-08-05,Social,Tablet,USA,Home,11,98,Yes,Checkout,No
13059,S03060,2025-05-17,Direct,Mobile,Australia,Products,11,1675,No,Pricing,Yes
13060,S03061,2025-03-01,Referral,Tablet,Germany,Home,8,849,No,Pricing,Yes
13061,S03062,2025-10-01,Direct,Tablet,Germany,Services,7,1196,No,Contact,Yes
13062,S03063,2025-12-12,Organic,Tablet,Germany,Products,8,374,No,Blog,Yes
13063,S03064,2025-07-24,Email,Desktop,USA,Pricing,6,1435,No,Pricing,Yes
13064,S03065,2025-03-12,Social,Desktop,USA,Services,14,202,Yes,Services,No
13065,S03066,2025-11-05,Social,Tablet,Canada,Contact,6,467,Yes,Checkout,Yes
13066,S03067,2025-06-02,Direct,Tablet,Australia,Home,8,1521,No,Services,Yes
13067,S03068,2025-03-15,Email,Desktop,Canada,Pricing,11,983,No,Home,Yes
13068,S03069,2025-10-21,Email,Desktop,Canada,Home,13,906,Yes,Pricing,Yes
13069,S03070,2025-08-23,Social,Tablet,Germany,Blog,13,1229,No,Pricing,Yes
13070,S03071,2025-11-13,Email,Desktop,Canada,Services,6,1414,Yes,Pricing,Yes
13071,S03072,2025-11-08,Email,Desktop,India,Blog,4,1653,No,Products,No
13072,S03073,2025-08-23,Email,Tablet,UK,Products,5,1728,No,Contact,No
13073,S03074,2025-10-01,Organic,Desktop,UK,Checkout,10,1108,Yes,Services,Yes
13074,S03075,2025-01-06,Email,Mobile,Germany,Contact,5,657,No,Home,No
13075,S03076,2025-03-02,Organic,Mobile,Canada,Products,6,360,No,Home,Yes
13076,S03077,2025-05-29,Email,Tablet,India,Home,7,829,Yes,Services,Yes
13077,S03078,2025-05-10,Social,Tablet,India,Checkout,9,1717,Yes,Home,Yes
13078,S03079,2025-10-21,Email,Mobile,Germany,Checkout,9,1115,Yes,Services,Yes
13079,S03080,2025-12-08,Email,Tablet,USA,Pricing,8,634,No,Services,Yes
13080,S03081,2025-02-24,Email,Desktop,Canada,Checkout,14,1760,Yes,Home,Yes
13081,S03082,2025-07-09,Organic,Mobile,India,Products,3,925,Yes,Contact,No
13082,S03083,2025-07-19,Referral,Mobile,Australia,Checkout,6,1484,No,Contact,Yes
13083,S03084,2025-07-03,Referral,Desktop,India,Pricing,4,45,No,Checkout,No
13084,S03085,2025-08-13,Email,Tablet,UK,Blog,10,402,No,Pricing,Yes
13085,S03086,2025-09-03,Organic,Tablet,India,Pricing,1,1039,Yes,Blog,No
13086,S03087,2025-11-26,Organic,Mobile,India,Contact,3,858,Yes,Blog,No
13087,S03088,2025-03-04,Organic,Mobile,UK,Services,6,1418,No,Services,Yes
13088,S03089,2025-11-01,Organic,Desktop,Canada,Services,3,1241,No,Blog,No
13089,S03090,2025-07-11,Direct,Desktop,India,Blog,9,830,Yes,Checkout,Yes
13090,S03091,2025-03-01,Social,Desktop,Australia,Pricing,13,268,No,Checkout,No
13091,S03092,2025-06-11,Referral,Mobile,USA,Checkout,8,290,Yes,Home,No
13092,S03093,2025-06-19,Direct,Mobile,Germany,Contact,10,26,No,Blog,No
13093,S03094,2025-05-13,Referral,Desktop,Canada,Blog,13,70,No,Pricing,No
13094,S03095,2025-06-16,Social,Tablet,USA,Pricing,5,1412,No,Services,No
13095,S03096,2025-04-29,Email,Mobile,UK,Home,3,207,No,Checkout,No
13096,S03097,2025-05-28,Social,Tablet,UK,Products,2,290,Yes,Products,No
13097,S03098,2025-11-02,Organic,Mobile,Germany,Products,12,1707,No,Products,Yes
13098,S03099,2025-02-16,Organic,Tablet,Canada,Products,11,388,Yes,Contact,Yes
13099,S03100,2025-03-22,Referral,Desktop,Australia,Contact,8,1023,Yes,Pricing,Yes
13100,S03101,2025-06-14,Social,Tablet,UK,Products,6,1148,Yes,Pricing,Yes
13101,S03102,2025-03-29,Social,Mobile,Germany,Checkout,11,635,No,Home,Yes
13102,S03103,2025-09-15,Social,Desktop,UK,Pricing,7,246,Yes,Blog,No
13103,S03104,2025-06-22,Organic,Tablet,Germany,Home,2,122,No,Services,No
13104,S03105,2025-05-13,Referral,Desktop,UK,Services,10,199,No,Products,No
13105,S03106,2025-11-23,Direct,Desktop,USA,Services,13,759,No,Checkout,Yes
13106,S03107,2025-06-01,Organic,Desktop,India,Services,9,1508,No,Contact,Yes
13107,S03108,2025-08-24,Direct,Desktop,UK,Checkout,13,1179,Yes,Home,Yes
13108,S03109,2025-09-08,Email,Tablet,India,Products,6,483,Yes,Home,Yes
13109,S03110,2025-08-04,Organic,Mobile,Germany,Products,9,455,Yes,Checkout,Yes
13110,S03111,2025-11-04,Direct,Desktop,India,Pricing,11,1077,No,Pricing,Yes
13111,S03112,2025-10-13,Organic,Desktop,USA,Blog,9,368,No,Products,Yes
13112,S03113,2025-10-12,Referral,Mobile,UK,Contact,1,594,Yes,Home,No
13113,S03114,2025-03-04,Referral,Tablet,UK,Blog,6,381,No,Checkout,Yes
13114,S03115,2025-06-17,Direct,Desktop,Australia,Home,11,445,Yes,Pricing,Yes
13115,S03116,2025-02-24,Social,Desktop,Germany,Blog,10,1778,Yes,Services,Yes
13116,S03117,2025-07-15,Referral,Mobile,Germany,Blog,5,1790,No,Contact,No
13117,S03118,2025-10-31,Referral,Tablet,India,Services,7,342,Yes,Products,Yes
13118,S03119,2025-03-11,Email,Tablet,Australia,Services,14,821,No,Contact,Yes
13119,S03120,2025-05-15,Social,Mobile,Australia,Pricing,13,890,Yes,Contact,Yes
13120,S03121,2025-01-25,Email,Tablet,Australia,Services,1,239,Yes,Blog,No
13121,S03122,2025-01-09,Email,Mobile,Germany,Contact,4,1192,No,Products,No
13122,S03123,2025-02-13,Email,Tablet,Canada,Contact,2,1452,No,Services,No
13123,S03124,2025-05-31,Referral,Desktop,Germany,Pricing,3,1342,No,Pricing,No
13124,S03125,2025-12-10,Email,Tablet,Canada,Pricing,13,1729,No,Blog,Yes
13125,S03126,2025-07-09,Referral,Desktop,Germany,Contact,3,1159,No,Checkout,No
13126,S03127,2025-09-23,Organic,Tablet,India,Products,9,268,Yes,Home,No
13127,S03128,2025-10-26,Referral,Tablet,Australia,Pricing,8,1536,Yes,Checkout,Yes
13128,S03129,2025-09-28,Email,Mobile,Germany,Pricing,3,622,No,Home,No
13129,S03130,2025-06-18,Email,Tablet,UK,Services,8,39,No,Checkout,No
13130,S03131,2025-05-17,Direct,Desktop,Canada,Checkout,2,1627,Yes,Pricing,No
13131,S03132,2025-02-23,Organic,Mobile,Germany,Products,7,1081,Yes,Products,Yes
13132,S03133,2025-06-24,Referral,Tablet,India,Checkout,9,1039,Yes,Pricing,Yes
13133,S03134,2025-09-09,Email,Mobile,UK,Services,4,1258,Yes,Checkout,No
13134,S03135,2025-11-13,Email,Tablet,USA,Checkout,1,1521,Yes,Home,No
13135,S03136,2025-10-23,Organic,Desktop,UK,Products,8,968,No,Blog,Yes
13136,S03137,2025-04-24,Social,Mobile,Germany,Checkout,10,435,No,Contact,Yes
13137,S03138,2025-01-11,Referral,Tablet,India,Checkout,9,1112,No,Products,Yes
13138,S03139,2025-07-22,Organic,Tablet,Germany,Home,3,1388,Yes,Pricing,No
13139,S03140,2025-10-27,Organic,Mobile,USA,Checkout,4,1622,Yes,Checkout,No
13140,S03141,2025-06-07,Direct,Tablet,UK,Services,10,981,Yes,Products,Yes
13141,S03142,2025-01-22,Email,Mobile,Germany,Pricing,12,883,No,Checkout,Yes
13142,S03143,2025-02-21,Email,Tablet,India,Home,9,1643,No,Services,Yes
13143,S03144,2025-06-03,Direct,Tablet,Canada,Products,1,287,Yes,Blog,No
13144,S03145,2025-12-23,Email,Desktop,USA,Blog,2,712,No,Products,No
13145,S03146,2025-02-10,Direct,Tablet,UK,Pricing,15,910,No,Pricing,Yes
13146,S03147,2025-06-30,Direct,Tablet,India,Contact,4,438,Yes,Contact,No
13147,S03148,2025-06-14,Referral,Mobile,UK,Contact,6,1125,No,Blog,Yes
13148,S03149,2025-02-14,Social,Desktop,Canada,Products,11,514,No,Pricing,Yes
13149,S03150,2025-06-27,Organic,Mobile,Canada,Services,3,741,Yes,Blog,No
13150,S03151,2025-01-22,Direct,Tablet,USA,Blog,11,1266,No,Products,Yes
13151,S03152,2025-03-23,Email,Tablet,Canada,Checkout,8,67,No,Blog,No
13152,S03153,2025-05-08,Social,Mobile,Australia,Home,1,712,Yes,Blog,No
13153,S03154,2025-05-12,Organic,Tablet,Germany,Blog,13,532,Yes,Home,Yes
13154,S03155,2025-11-16,Referral,Desktop,Germany,Products,15,224,No,Pricing,No
13155,S03156,2025-11-22,Social,Desktop,UK,Home,14,1685,No,Home,Yes
13156,S03157,2025-12-09,Email,Tablet,India,Products,1,396,Yes,Blog,No
13157,S03158,2025-05-16,Direct,Desktop,Canada,Products,4,26,No,Products,No
13158,S03159,2025-09-18,Organic,Desktop,Germany,Services,15,1765,No,Blog,Yes
13159,S03160,2025-10-24,Direct,Tablet,UK,Checkout,2,1093,Yes,Home,No
13160,S03161,2025-10-22,Organic,Desktop,Canada,Blog,10,853,No,Contact,Yes
13161,S03162,2025-12-04,Email,Tablet,Germany,Home,13,1772,Yes,Products,Yes
13162,S03163,2025-05-23,Email,Tablet,Canada,Checkout,9,1108,No,Checkout,Yes
13163,S03164,2025-06-29,Organic,Tablet,USA,Checkout,6,1555,No,Pricing,Yes
13164,S03165,2025-03-11,Referral,Mobile,Canada,Services,12,939,Yes,Home,Yes
13165,S03166,2025-10-11,Email,Mobile,India,Checkout,11,880,No,Checkout,Yes
13166,S03167,2025-05-19,Organic,Mobile,UK,Products,14,1690,Yes,Pricing,Yes
13167,S03168,2025-10-08,Referral,Desktop,Germany,Contact,8,430,No,Pricing,Yes
13168,S03169,2025-04-30,Direct,Desktop,UK,Checkout,4,1509,No,Blog,No
13169,S03170,2025-05-09,Organic,Mobile,Germany,Home,1,1708,Yes,Pricing,No
13170,S03171,2025-02-27,Social,Mobile,Australia,Checkout,1,1285,Yes,Contact,No
13171,S03172,2025-01-12,Direct,Tablet,USA,Blog,14,868,Yes,Services,Yes
13172,S03173,2025-03-27,Organic,Desktop,India,Contact,5,1622,Yes,Checkout,No
13173,S03174,2025-02-13,Email,Mobile,Germany,Contact,14,486,No,Blog,Yes
13174,S03175,2025-01-04,Social,Desktop,India,Home,8,284,Yes,Contact,No
13175,S03176,2025-12-20,Email,Tablet,UK,Home,12,1023,Yes,Products,Yes
13176,S03177,2025-05-03,Email,Tablet,India,Home,5,770,No,Contact,No
13177,S03178,2025-02-20,Direct,Mobile,UK,Pricing,10,643,No,Home,Yes
13178,S03179,2025-10-13,Referral,Mobile,Germany,Blog,10,1505,No,Checkout,Yes
13179,S03180,2025-07-28,Direct,Mobile,USA,Services,15,1186,Yes,Blog,Yes
13180,S03181,2025-03-15,Direct,Desktop,India,Services,14,621,Yes,Products,Yes
13181,S03182,2025-02-25,Email,Tablet,India,Home,7,214,Yes,Services,No
13182,S03183,2025-08-09,Organic,Tablet,Canada,Products,7,1086,Yes,Blog,Yes
13183,S03184,2025-10-07,Referral,Desktop,Germany,Contact,1,315,Yes,Products,No
13184,S03185,2025-01-18,Organic,Tablet,UK,Checkout,1,320,Yes,Checkout,No
13185,S03186,2025-08-01,Direct,Mobile,Australia,Services,4,810,Yes,Blog,No
13186,S03187,2025-01-16,Organic,Desktop,Canada,Blog,9,1204,No,Home,Yes
13187,S03188,2025-09-11,Direct,Mobile,UK,Checkout,1,206,Yes,Pricing,No
13188,S03189,2025-08-25,Direct,Tablet,Canada,Home,1,63,Yes,Products,No
13189,S03190,2025-01-18,Referral,Mobile,USA,Home,13,1604,Yes,Products,Yes
13190,S03191,2025-07-14,Email,Mobile,Germany,Pricing,9,1675,No,Home,Yes
13191,S03192,2025-09-11,Direct,Mobile,India,Home,11,808,No,Services,Yes
13192,S03193,2025-05-24,Referral,Mobile,Canada,Home,14,1463,Yes,Pricing,Yes
13193,S03194,2025-08-31,Organic,Desktop,UK,Services,13,150,Yes,Blog,No
13194,S03195,2025-04-26,Social,Desktop,USA,Products,1,306,Yes,Services,No
13195,S03196,2025-11-28,Referral,Mobile,USA,Services,3,200,Yes,Products,No
13196,S03197,2025-05-19,Organic,Mobile,Germany,Contact,15,1213,Yes,Pricing,Yes
13197,S03198,2025-08-17,Referral,Mobile,Canada,Pricing,5,634,Yes,Products,No
13198,S03199,2025-08-04,Social,Desktop,India,Products,11,384,Yes,Blog,Yes
13199,S03200,2025-11-30,Referral,Tablet,UK,Contact,7,171,Yes,Contact,No
13200,S03201,2025-06-26,Social,Tablet,Australia,Services,3,563,Yes,Blog,No
13201,S03202,2025-02-24,Organic,Tablet,Germany,Home,1,279,Yes,Services,No
13202,S03203,2025-10-25,Organic,Mobile,Canada,Pricing,15,1109,No,Checkout,Yes
13203,S03204,2025-11-07,Email,Desktop,UK,Blog,12,594,No,Checkout,Yes
13204,S03205,2025-12-12,Referral,Mobile,USA,Blog,15,1062,No,Home,Yes
13205,S03206,2025-09-14,Email,Desktop,UK,Blog,15,29,No,Home,No
13206,S03207,2025-04-29,Referral,Tablet,Australia,Home,9,1544,Yes,Pricing,Yes
13207,S03208,2025-05-30,Email,Tablet,USA,Home,1,1014,Yes,Blog,No
13208,S03209,2025-01-26,Referral,Tablet,Germany,Contact,5,99,Yes,Blog,No
13209,S03210,2025-11-17,Direct,Mobile,UK,Products,10,1505,No,Pricing,Yes
13210,S03211,2025-08-12,Social,Desktop,India,Pricing,5,1054,Yes,Home,No
13211,S03212,2025-09-28,Referral,Desktop,UK,Blog,4,1185,Yes,Products,No
13212,S03213,2025-01-05,Direct,Mobile,USA,Products,12,1762,No,Contact,Yes
13213,S03214,2025-01-08,Social,Desktop,India,Products,12,313,Yes,Home,Yes
13214,S03215,2025-01-10,Email,Tablet,Canada,Products,1,52,Yes,Checkout,No
13215,S03216,2026-01-01,Referral,Desktop,USA,Pricing,5,1533,Yes,Pricing,No
13216,S03217,2025-09-22,Email,Tablet,Australia,Home,1,16,Yes,Home,No
13217,S03218,2025-07-27,Organic,Mobile,Australia,Checkout,5,253,Yes,Blog,No
13218,S03219,2025-11-18,Direct,Mobile,USA,Contact,10,1552,No,Products,Yes
13219,S03220,2025-10-25,Email,Tablet,Germany,Blog,15,945,Yes,Blog,Yes
13220,S03221,2025-06-22,Social,Tablet,India,Checkout,1,1119,Yes,Checkout,No
13221,S03222,2025-08-06,Referral,Desktop,Canada,Products,15,1131,Yes,Home,Yes
13222,S03223,2025-10-29,Email,Desktop,Germany,Products,1,1232,Yes,Products,No
13223,S03224,2025-02-19,Direct,Desktop,India,Home,7,253,Yes,Services,No
13224,S03225,2025-11-06,Email,Tablet,UK,Contact,2,1366,No,Services,No
13225,S03226,2025-10-21,Social,Mobile,India,Products,9,299,No,Checkout,No
13226,S03227,2025-01-07,Organic,Desktop,USA,Services,14,1371,Yes,Services,Yes
13227,S03228,2025-01-16,Referral,Desktop,Canada,Pricing,7,851,No,Services,Yes
13228,S03229,2025-05-20,Referral,Desktop,Canada,Products,10,1451,Yes,Home,Yes
13229,S03230,2025-03-12,Social,Tablet,Germany,Home,1,1137,Yes,Checkout,No
13230,S03231,2025-10-04,Organic,Tablet,Australia,Products,3,1456,Yes,Contact,No
13231,S03232,2025-08-17,Email,Desktop,India,Products,4,1061,No,Products,No
13232,S03233,2025-06-27,Email,Mobile,Canada,Services,1,1097,Yes,Contact,No
13233,S03234,2025-08-28,Direct,Desktop,Germany,Products,6,288,No,Services,No
13234,S03235,2025-06-26,Referral,Mobile,India,Services,3,465,Yes,Products,No
13235,S03236,2025-10-14,Direct,Tablet,Germany,Services,10,203,Yes,Pricing,No
13236,S03237,2025-08-03,Organic,Tablet,USA,Checkout,2,1416,No,Services,No
13237,S03238,2025-05-27,Referral,Mobile,India,Home,10,46,No,Pricing,No
13238,S03239,2025-01-29,Social,Desktop,Canada,Home,3,458,Yes,Home,No
13239,S03240,2025-05-05,Email,Mobile,Canada,Home,3,1160,Yes,Home,No
13240,S03241,2025-03-31,Direct,Mobile,Australia,Contact,12,1537,No,Home,Yes
13241,S03242,2025-03-06,Organic,Tablet,UK,Pricing,6,193,No,Home,No
13242,S03243,2025-08-08,Referral,Desktop,USA,Checkout,8,1516,No,Services,Yes
13243,S03244,2025-01-24,Social,Tablet,USA,Products,7,1495,No,Blog,Yes
13244,S03245,2025-11-21,Social,Desktop,India,Home,4,1755,Yes,Services,No
13245,S03246,2025-07-07,Referral,Tablet,Germany,Checkout,4,24,Yes,Contact,No
13246,S03247,2025-03-18,Social,Mobile,UK,Pricing,5,1017,No,Home,No
13247,S03248,2025-10-01,Direct,Mobile,UK,Checkout,8,849,Yes,Contact,Yes
13248,S03249,2025-08-23,Direct,Desktop,Canada,Home,11,268,No,Checkout,No
13249,S03250,2025-07-18,Social,Tablet,Canada,Products,7,1450,Yes,Services,Yes
13250,S03251,2025-08-15,Referral,Tablet,Canada,Pricing,2,1282,No,Checkout,No
13251,S03252,2025-08-31,Referral,Mobile,Germany,Products,10,610,Yes,Contact,Yes
13252,S03253,2025-01-08,Organic,Desktop,India,Checkout,4,750,No,Pricing,No
13253,S03254,2025-06-04,Direct,Mobile,USA,Services,10,999,No,Checkout,Yes
13254,S03255,2025-01-28,Social,Tablet,Canada,Contact,4,639,No,Pricing,No
13255,S03256,2025-03-19,Organic,Desktop,Germany,Blog,3,236,No,Pricing,No
13256,S03257,2025-07-02,Direct,Desktop,UK,Pricing,12,1548,Yes,Home,Yes
13257,S03258,2025-12-20,Social,Desktop,Germany,Checkout,7,1361,Yes,Checkout,Yes
13258,S03259,2025-12-10,Email,Desktop,USA,Pricing,2,217,Yes,Pricing,No
13259,S03260,2025-05-08,Organic,Tablet,Canada,Products,3,959,No,Products,No
13260,S03261,2025-10-28,Social,Tablet,Australia,Checkout,6,1396,Yes,Contact,Yes
13261,S03262,2025-09-22,Social,Tablet,Canada,Pricing,2,1091,Yes,Blog,No
13262,S03263,2025-01-10,Social,Mobile,India,Home,7,541,Yes,Home,Yes
13263,S03264,2025-07-09,Social,Mobile,Germany,Contact,3,1679,No,Home,No
13264,S03265,2025-04-06,Direct,Mobile,India,Contact,13,1497,No,Home,Yes
13265,S03266,2025-09-28,Referral,Mobile,USA,Blog,5,1261,Yes,Home,No
13266,S03267,2025-11-25,Email,Desktop,India,Home,12,1505,Yes,Products,Yes
13267,S03268,2025-04-14,Organic,Tablet,Canada,Pricing,1,1441,Yes,Checkout,No
13268,S03269,2025-11-06,Organic,Mobile,India,Checkout,10,1285,No,Home,Yes
13269,S03270,2025-06-02,Referral,Mobile,USA,Home,1,439,Yes,Checkout,No
13270,S03271,2025-02-20,Email,Desktop,Germany,Pricing,12,1026,No,Home,Yes
13271,S03272,2025-02-23,Referral,Mobile,UK,Contact,13,1544,Yes,Contact,Yes
13272,S03273,2025-02-20,Email,Tablet,UK,Checkout,9,539,No,Checkout,Yes
13273,S03274,2025-07-06,Organic,Tablet,India,Home,9,683,Yes,Blog,Yes
13274,S03275,2025-06-22,Email,Mobile,Germany,Home,6,467,Yes,Blog,Yes
13275,S03276,2025-10-13,Email,Tablet,Canada,Pricing,15,350,Yes,Blog,Yes
13276,S03277,2025-08-28,Email,Mobile,Germany,Products,3,1606,No,Home,No
13277,S03278,2025-08-07,Organic,Tablet,Germany,Pricing,7,226,Yes,Checkout,No
13278,S03279,2025-03-21,Direct,Mobile,Germany,Pricing,10,972,No,Services,Yes
13279,S03280,2025-03-03,Email,Mobile,Canada,Services,8,1014,Yes,Home,Yes
13280,S03281,2025-10-14,Organic,Mobile,USA,Checkout,8,868,No,Pricing,Yes
13281,S03282,2025-10-09,Social,Desktop,Canada,Checkout,1,1389,Yes,Pricing,No
13282,S03283,2025-03-28,Social,Tablet,UK,Products,1,40,Yes,Checkout,No
13283,S03284,2025-04-20,Referral,Mobile,USA,Checkout,13,286,Yes,Blog,No
13284,S03285,2025-07-16,Email,Tablet,Canada,Pricing,10,87,No,Checkout,No
13285,S03286,2025-07-23,Referral,Mobile,Canada,Checkout,8,541,No,Contact,Yes
13286,S03287,2025-02-03,Referral,Tablet,Germany,Home,11,740,Yes,Pricing,Yes
13287,S03288,2025-12-23,Direct,Mobile,UK,Home,14,756,Yes,Checkout,Yes
13288,S03289,2025-03-16,Referral,Mobile,India,Blog,7,620,Yes,Products,Yes
13289,S03290,2025-01-24,Email,Desktop,USA,Services,4,755,Yes,Contact,No
13290,S03291,2025-02-27,Email,Tablet,USA,Pricing,12,1433,Yes,Services,Yes
13291,S03292,2025-05-30,Email,Mobile,USA,Home,9,1761,Yes,Services,Yes
13292,S03293,2025-08-06,Email,Mobile,India,Services,15,229,Yes,Home,No
13293,S03294,2025-07-08,Organic,Desktop,Canada,Contact,3,216,No,Checkout,No
13294,S03295,2025-10-09,Referral,Tablet,UK,Blog,13,1472,Yes,Products,Yes
13295,S03296,2025-11-11,Social,Mobile,UK,Pricing,11,1787,Yes,Home,Yes
13296,S03297,2025-01-09,Organic,Desktop,Canada,Blog,1,677,Yes,Services,No
13297,S03298,2025-09-09,Email,Tablet,Canada,Checkout,13,328,Yes,Services,Yes
13298,S03299,2025-10-10,Social,Desktop,Germany,Checkout,8,515,Yes,Products,Yes
13299,S03300,2025-02-09,Referral,Desktop,UK,Checkout,9,1587,Yes,Products,Yes
13300,S03301,2025-07-10,Email,Desktop,Australia,Home,4,1222,No,Services,No
13301,S03302,2025-07-12,Organic,Tablet,Australia,Blog,5,326,Yes,Products,No
13302,S03303,2025-01-10,Direct,Desktop,UK,Blog,12,795,No,Checkout,Yes
13303,S03304,2025-08-25,Referral,Mobile,India,Services,5,875,Yes,Blog,No
13304,S03305,2025-08-24,Direct,Mobile,Australia,Blog,2,65,Yes,Services,No
13305,S03306,2025-05-15,Referral,Tablet,Germany,Checkout,7,1659,Yes,Blog,Yes
13306,S03307,2025-02-01,Direct,Mobile,Canada,Services,11,1490,No,Products,Yes
13307,S03308,2025-04-06,Referral,Desktop,India,Checkout,9,42,No,Pricing,No
13308,S03309,2025-12-28,Referral,Tablet,USA,Blog,14,674,Yes,Products,Yes
13309,S03310,2025-06-20,Social,Desktop,Germany,Pricing,10,363,No,Products,Yes
13310,S03311,2025-04-06,Email,Tablet,UK,Home,15,933,No,Blog,Yes
13311,S03312,2025-03-11,Organic,Desktop,Germany,Blog,7,523,Yes,Products,Yes
13312,S03313,2025-12-28,Direct,Desktop,USA,Contact,8,148,No,Blog,No
13313,S03314,2025-03-12,Social,Tablet,USA,Products,7,1426,No,Contact,Yes
13314,S03315,2025-09-01,Email,Mobile,Canada,Contact,9,1721,Yes,Checkout,Yes
13315,S03316,2025-09-25,Referral,Tablet,Germany,Products,5,1068,Yes,Home,No
13316,S03317,2025-07-09,Direct,Desktop,India,Services,12,695,Yes,Contact,Yes
13317,S03318,2025-11-06,Direct,Desktop,USA,Pricing,9,1718,No,Contact,Yes
13318,S03319,2025-11-02,Referral,Desktop,UK,Checkout,2,680,Yes,Services,No
13319,S03320,2025-12-02,Social,Desktop,Canada,Home,4,1406,No,Pricing,No
13320,S03321,2025-09-13,Social,Desktop,UK,Products,10,958,No,Checkout,Yes
13321,S03322,2025-12-27,Organic,Mobile,Australia,Services,2,1211,Yes,Checkout,No
13322,S03323,2025-04-18,Referral,Tablet,USA,Blog,3,986,Yes,Products,No
13323,S03324,2025-04-01,Direct,Tablet,USA,Blog,1,1456,Yes,Home,No
13324,S03325,2025-02-08,Referral,Desktop,Germany,Blog,2,1569,No,Pricing,No
13325,S03326,2025-02-24,Referral,Mobile,India,Checkout,2,1017,No,Products,No
13326,S03327,2025-07-10,Organic,Desktop,UK,Checkout,10,1122,No,Pricing,Yes
13327,S03328,2025-01-17,Social,Mobile,India,Checkout,9,486,No,Pricing,Yes
13328,S03329,2025-10-27,Direct,Mobile,India,Products,1,434,Yes,Contact,No
13329,S03330,2025-10-09,Organic,Mobile,UK,Products,7,1174,No,Services,Yes
13330,S03331,2025-02-09,Organic,Desktop,Australia,Home,8,1707,Yes,Blog,Yes
13331,S03332,2025-01-10,Direct,Mobile,Canada,Products,8,1565,No,Checkout,Yes
13332,S03333,2025-12-17,Organic,Mobile,UK,Pricing,1,711,Yes,Products,No
13333,S03334,2025-07-31,Referral,Mobile,UK,Services,4,388,No,Pricing,No
13334,S03335,2025-02-27,Referral,Mobile,Australia,Services,4,1756,No,Blog,No
13335,S03336,2025-01-03,Email,Mobile,Australia,Home,4,1147,No,Checkout,No
13336,S03337,2025-05-14,Organic,Mobile,UK,Pricing,15,675,No,Home,Yes
13337,S03338,2025-04-23,Email,Mobile,USA,Blog,12,1246,Yes,Checkout,Yes
13338,S03339,2025-10-04,Organic,Mobile,Australia,Home,8,379,No,Products,Yes
13339,S03340,2025-01-25,Social,Tablet,Canada,Home,6,1345,Yes,Checkout,Yes
13340,S03341,2025-08-03,Referral,Desktop,Germany,Services,7,1481,Yes,Blog,Yes
13341,S03342,2025-10-11,Social,Desktop,USA,Pricing,14,350,No,Services,Yes
13342,S03343,2025-11-17,Email,Desktop,India,Blog,10,1543,Yes,Pricing,Yes
13343,S03344,2025-08-11,Social,Mobile,Canada,Contact,14,1128,No,Services,Yes
13344,S03345,2025-01-12,Direct,Mobile,Australia,Home,13,855,Yes,Pricing,Yes
13345,S03346,2025-03-29,Email,Mobile,USA,Products,14,1739,Yes,Services,Yes
13346,S03347,2025-06-03,Direct,Tablet,India,Services,13,1700,No,Pricing,Yes
13347,S03348,2025-10-27,Direct,Mobile,USA,Services,10,80,Yes,Products,No
13348,S03349,2025-01-04,Direct,Mobile,UK,Home,4,364,Yes,Products,No
13349,S03350,2025-11-30,Social,Desktop,India,Home,13,776,Yes,Services,Yes
13350,S03351,2025-12-16,Organic,Mobile,Canada,Pricing,5,682,No,Contact,No
13351,S03352,2025-11-16,Direct,Mobile,USA,Products,13,436,No,Checkout,Yes
13352,S03353,2025-03-25,Email,Desktop,USA,Home,4,817,Yes,Services,No
13353,S03354,2025-10-03,Direct,Mobile,USA,Checkout,10,1539,No,Checkout,Yes
13354,S03355,2025-03-24,Email,Mobile,Canada,Checkout,5,195,No,Checkout,No
13355,S03356,2025-06-10,Email,Tablet,Australia,Products,10,814,Yes,Home,Yes
13356,S03357,2025-09-12,Referral,Mobile,India,Blog,3,507,No,Services,No
13357,S03358,2025-05-23,Direct,Mobile,India,Blog,10,771,Yes,Pricing,Yes
13358,S03359,2025-05-18,Organic,Tablet,USA,Blog,13,1785,No,Pricing,Yes
13359,S03360,2025-10-28,Direct,Mobile,Canada,Blog,13,210,Yes,Contact,No
13360,S03361,2025-09-04,Social,Mobile,Germany,Blog,4,214,Yes,Blog,No
13361,S03362,2025-08-31,Social,Mobile,Germany,Checkout,14,571,No,Services,Yes
13362,S03363,2025-03-14,Organic,Tablet,Canada,Home,7,220,No,Checkout,No
13363,S03364,2025-01-14,Organic,Tablet,Australia,Products,13,478,No,Services,Yes
13364,S03365,2025-05-19,Organic,Mobile,USA,Contact,14,291,Yes,Home,No
13365,S03366,2025-04-28,Social,Desktop,India,Services,6,1425,Yes,Services,Yes
13366,S03367,2025-03-13,Organic,Tablet,Germany,Home,4,1484,No,Products,No
13367,S03368,2025-01-26,Email,Desktop,Canada,Pricing,11,1733,No,Contact,Yes
13368,S03369,2025-08-27,Email,Mobile,UK,Contact,3,544,No,Checkout,No
13369,S03370,2025-02-17,Email,Tablet,USA,Contact,3,324,No,Contact,No
13370,S03371,2025-06-14,Email,Mobile,Australia,Products,13,1393,Yes,Services,Yes
13371,S03372,2025-09-05,Referral,Mobile,Canada,Blog,13,1121,No,Checkout,Yes
13372,S03373,2025-04-17,Direct,Mobile,Australia,Pricing,10,416,No,Services,Yes
13373,S03374,2025-11-13,Organic,Mobile,UK,Blog,2,743,No,Blog,No
13374,S03375,2025-09-24,Social,Tablet,Australia,Checkout,5,127,No,Contact,No
13375,S03376,2025-04-09,Email,Mobile,UK,Contact,9,1096,No,Contact,Yes
13376,S03377,2025-03-11,Referral,Mobile,India,Contact,13,988,No,Blog,Yes
13377,S03378,2025-12-04,Email,Mobile,UK,Services,8,266,Yes,Checkout,No
13378,S03379,2025-06-13,Social,Mobile,Australia,Blog,13,1315,Yes,Pricing,Yes
13379,S03380,2025-04-04,Social,Mobile,India,Pricing,3,363,Yes,Services,No
13380,S03381,2025-12-06,Referral,Mobile,UK,Blog,12,1639,Yes,Pricing,Yes
13381,S03382,2025-10-29,Social,Mobile,Germany,Home,7,396,Yes,Checkout,Yes
13382,S03383,2025-03-25,Direct,Desktop,India,Services,3,1633,Yes,Pricing,No
13383,S03384,2025-01-07,Email,Tablet,Germany,Blog,1,1623,Yes,Blog,No
13384,S03385,2025-12-22,Referral,Mobile,USA,Blog,3,1712,No,Home,No
13385,S03386,2025-06-25,Organic,Tablet,UK,Blog,5,1711,Yes,Products,No
13386,S03387,2025-05-26,Organic,Mobile,Germany,Products,2,987,Yes,Home,No
13387,S03388,2025-02-13,Email,Mobile,USA,Services,12,1567,Yes,Pricing,Yes
13388,S03389,2025-03-10,Direct,Desktop,Canada,Home,10,373,Yes,Pricing,Yes
13389,S03390,2025-01-03,Organic,Desktop,India,Pricing,4,792,Yes,Blog,No
13390,S03391,2025-01-20,Social,Desktop,UK,Blog,8,1359,Yes,Contact,Yes
13391,S03392,2025-01-29,Referral,Desktop,USA,Blog,12,866,No,Products,Yes
13392,S03393,2026-01-01,Social,Mobile,India,Pricing,12,1086,No,Products,Yes
13393,S03394,2025-04-13,Social,Desktop,India,Blog,8,365,No,Contact,Yes
13394,S03395,2025-04-25,Organic,Mobile,USA,Checkout,3,1765,No,Home,No
13395,S03396,2025-11-13,Social,Desktop,Germany,Home,1,1326,Yes,Blog,No
13396,S03397,2025-04-13,Organic,Desktop,UK,Services,5,291,No,Home,No
13397,S03398,2025-04-11,Referral,Mobile,Canada,Blog,15,1543,No,Pricing,Yes
13398,S03399,2025-08-04,Organic,Desktop,Germany,Products,6,986,No,Pricing,Yes
13399,S03400,2025-11-16,Organic,Desktop,Canada,Checkout,5,378,Yes,Blog,No
13400,S03401,2025-06-24,Organic,Tablet,Australia,Blog,6,1767,Yes,Home,Yes
13401,S03402,2025-09-11,Email,Tablet,Australia,Products,14,1743,Yes,Services,Yes
13402,S03403,2025-01-22,Direct,Desktop,Australia,Products,12,384,No,Services,Yes
13403,S03404,2025-05-17,Organic,Desktop,USA,Products,5,1590,No,Services,No
13404,S03405,2025-06-21,Direct,Tablet,Canada,Pricing,7,1609,No,Blog,Yes
13405,S03406,2025-01-06,Direct,Desktop,UK,Checkout,10,1568,No,Contact,Yes
13406,S03407,2025-03-12,Referral,Tablet,Australia,Home,4,785,No,Contact,No
13407,S03408,2025-04-12,Email,Desktop,Germany,Contact,8,364,No,Home,Yes
13408,S03409,2025-01-02,Email,Desktop,USA,Pricing,11,34,No,Contact,No
13409,S03410,2025-09-04,Social,Mobile,India,Blog,15,650,No,Products,Yes
13410,S03411,2025-10-30,Email,Mobile,India,Pricing,6,1607,Yes,Blog,Yes
13411,S03412,2025-05-15,Referral,Mobile,UK,Blog,9,169,No,Contact,No
13412,S03413,2025-04-24,Referral,Tablet,Australia,Services,2,611,No,Products,No
13413,S03414,2025-07-22,Referral,Mobile,Australia,Checkout,8,114,No,Checkout,No
13414,S03415,2025-06-29,Referral,Desktop,Canada,Checkout,11,1763,No,Products,Yes
13415,S03416,2025-04-30,Referral,Tablet,India,Services,11,804,No,Contact,Yes
13416,S03417,2025-07-10,Email,Tablet,Australia,Pricing,2,1073,Yes,Home,No
13417,S03418,2025-09-01,Direct,Tablet,India,Home,3,937,No,Services,No
13418,S03419,2025-08-21,Email,Desktop,India,Services,1,1438,Yes,Products,No
13419,S03420,2025-08-08,Organic,Desktop,India,Products,6,853,Yes,Blog,Yes
13420,S03421,2025-10-31,Email,Mobile,USA,Home,5,880,No,Blog,No
13421,S03422,2025-12-07,Direct,Mobile,Canada,Blog,11,911,Yes,Pricing,Yes
13422,S03423,2025-04-04,Direct,Desktop,Canada,Checkout,15,287,No,Pricing,No
13423,S03424,2025-02-11,Email,Mobile,Australia,Blog,11,585,No,Services,Yes
13424,S03425,2025-06-18,Email,Mobile,Canada,Blog,4,1038,Yes,Pricing,No
13425,S03426,2025-06-05,Direct,Tablet,Australia,Contact,7,428,No,Blog,Yes
13426,S03427,2025-06-11,Social,Mobile,Germany,Contact,1,1529,Yes,Services,No
13427,S03428,2025-03-13,Organic,Tablet,Canada,Home,10,292,No,Contact,No
13428,S03429,2025-08-05,Organic,Tablet,Canada,Contact,14,1158,No,Home,Yes
13429,S03430,2025-04-16,Direct,Mobile,India,Blog,7,810,Yes,Pricing,Yes
13430,S03431,2025-01-08,Referral,Mobile,Australia,Pricing,15,1394,Yes,Checkout,Yes
13431,S03432,2025-11-12,Organic,Tablet,Australia,Checkout,14,1052,Yes,Blog,Yes
13432,S03433,2025-03-20,Referral,Tablet,UK,Checkout,2,1160,Yes,Checkout,No
13433,S03434,2025-08-26,Organic,Desktop,Germany,Home,13,487,No,Checkout,Yes
13434,S03435,2025-11-09,Social,Mobile,Canada,Pricing,14,640,No,Products,Yes
13435,S03436,2025-12-23,Email,Tablet,Germany,Contact,1,432,Yes,Products,No
13436,S03437,2025-12-12,Direct,Desktop,UK,Contact,15,188,Yes,Home,No
13437,S03438,2025-10-17,Email,Desktop,Canada,Home,5,744,No,Pricing,No
13438,S03439,2025-11-12,Social,Tablet,Canada,Products,3,140,Yes,Services,No
13439,S03440,2025-09-29,Direct,Desktop,USA,Pricing,5,1253,No,Contact,No
13440,S03441,2025-01-28,Direct,Tablet,Germany,Checkout,13,512,Yes,Blog,Yes
13441,S03442,2025-02-27,Referral,Desktop,Australia,Checkout,12,1113,Yes,Blog,Yes
13442,S03443,2025-11-25,Social,Tablet,USA,Contact,11,781,Yes,Services,Yes
13443,S03444,2025-09-28,Email,Mobile,India,Blog,15,1331,No,Checkout,Yes
13444,S03445,2025-12-03,Direct,Tablet,Australia,Home,10,1490,No,Home,Yes
13445,S03446,2025-01-24,Organic,Desktop,India,Pricing,4,929,Yes,Blog,No
13446,S03447,2025-01-22,Referral,Mobile,USA,Home,11,621,Yes,Pricing,Yes
13447,S03448,2025-02-03,Referral,Mobile,Canada,Products,11,1783,Yes,Pricing,Yes
13448,S03449,2025-03-31,Social,Desktop,Australia,Services,7,1136,Yes,Contact,Yes
13449,S03450,2025-08-23,Direct,Tablet,Australia,Contact,14,49,No,Pricing,No
13450,S03451,2025-11-28,Referral,Tablet,UK,Home,3,1323,Yes,Blog,No
13451,S03452,2025-08-05,Email,Tablet,India,Contact,9,14,No,Checkout,No
13452,S03453,2025-08-30,Referral,Desktop,USA,Home,2,361,Yes,Pricing,No
13453,S03454,2025-01-09,Direct,Tablet,India,Blog,3,1731,Yes,Contact,No
13454,S03455,2025-03-31,Referral,Mobile,Germany,Services,13,1657,No,Services,Yes
13455,S03456,2025-11-01,Referral,Tablet,Germany,Products,4,677,No,Services,No
13456,S03457,2025-09-06,Organic,Mobile,USA,Home,9,1403,No,Checkout,Yes
13457,S03458,2025-03-15,Social,Mobile,Germany,Services,11,1357,Yes,Blog,Yes
13458,S03459,2025-10-27,Organic,Mobile,USA,Blog,10,48,No,Products,No
13459,S03460,2025-10-10,Social,Tablet,Canada,Blog,1,384,Yes,Checkout,No
13460,S03461,2025-01-31,Direct,Tablet,Canada,Contact,14,1452,No,Home,Yes
13461,S03462,2025-05-31,Direct,Desktop,UK,Products,3,1554,No,Home,No
13462,S03463,2025-04-24,Referral,Desktop,Australia,Checkout,6,736,Yes,Contact,Yes
13463,S03464,2025-08-14,Social,Desktop,Germany,Home,9,1679,Yes,Checkout,Yes
13464,S03465,2025-12-26,Social,Tablet,Australia,Products,7,1703,Yes,Services,Yes
13465,S03466,2025-10-19,Referral,Desktop,USA,Pricing,14,1478,No,Services,Yes
13466,S03467,2025-07-30,Direct,Mobile,USA,Products,12,829,No,Home,Yes
13467,S03468,2025-08-26,Email,Tablet,Australia,Blog,7,835,No,Pricing,Yes
13468,S03469,2025-07-10,Email,Desktop,Australia,Checkout,2,274,No,Checkout,No
13469,S03470,2025-03-31,Direct,Tablet,India,Services,15,1375,Yes,Pricing,Yes
13470,S03471,2025-04-05,Direct,Desktop,Australia,Pricing,9,802,Yes,Home,Yes
13471,S03472,2025-07-23,Organic,Desktop,Australia,Pricing,7,863,No,Products,Yes
13472,S03473,2025-07-13,Email,Tablet,Australia,Contact,4,716,Yes,Pricing,No
13473,S03474,2025-11-05,Email,Mobile,USA,Services,15,1519,No,Checkout,Yes
13474,S03475,2025-09-21,Referral,Tablet,Canada,Blog,7,1148,Yes,Services,Yes
13475,S03476,2025-08-11,Organic,Desktop,India,Products,15,1609,No,Pricing,Yes
13476,S03477,2025-09-25,Social,Tablet,USA,Home,3,110,No,Products,No
13477,S03478,2025-04-08,Email,Mobile,USA,Products,10,1091,No,Home,Yes
13478,S03479,2025-02-04,Social,Desktop,India,Contact,1,19,Yes,Contact,No
13479,S03480,2025-07-24,Direct,Tablet,Germany,Contact,12,965,Yes,Checkout,Yes
13480,S03481,2025-11-30,Direct,Mobile,UK,Contact,5,1527,Yes,Products,No
13481,S03482,2025-01-09,Direct,Tablet,Australia,Blog,5,252,No,Products,No
13482,S03483,2025-10-06,Referral,Mobile,India,Pricing,15,1311,No,Contact,Yes
13483,S03484,2025-12-10,Referral,Desktop,USA,Contact,6,1715,Yes,Services,Yes
13484,S03485,2025-06-18,Email,Tablet,Germany,Products,15,33,Yes,Pricing,No
13485,S03486,2025-06-22,Direct,Mobile,Australia,Blog,3,488,No,Blog,No
13486,S03487,2025-02-22,Email,Desktop,Australia,Pricing,10,1649,No,Products,Yes
13487,S03488,2025-10-07,Organic,Tablet,UK,Blog,15,1174,Yes,Home,Yes
13488,S03489,2025-12-04,Social,Mobile,Germany,Home,2,980,No,Pricing,No
13489,S03490,2025-02-21,Email,Desktop,Australia,Services,7,847,No,Products,Yes
13490,S03491,2025-11-30,Social,Mobile,UK,Products,13,1575,No,Blog,Yes
13491,S03492,2025-12-30,Direct,Desktop,USA,Home,5,256,Yes,Blog,No
13492,S03493,2025-06-11,Referral,Mobile,India,Home,11,1277,No,Blog,Yes
13493,S03494,2025-11-25,Direct,Mobile,Canada,Services,8,412,Yes,Products,Yes
13494,S03495,2025-10-22,Direct,Mobile,USA,Contact,7,186,No,Checkout,No
13495,S03496,2025-10-26,Email,Tablet,India,Pricing,10,1534,Yes,Pricing,Yes
13496,S03497,2025-04-18,Referral,Mobile,USA,Services,8,406,Yes,Checkout,Yes
13497,S03498,2025-06-08,Social,Desktop,UK,Pricing,5,1754,Yes,Checkout,No
13498,S03499,2025-08-09,Organic,Desktop,Germany,Pricing,5,1020,No,Checkout,No
13499,S03500,2025-04-26,Social,Mobile,India,Contact,3,1596,No,Blog,No
13500,S03501,2025-11-08,Organic,Desktop,Germany,Home,6,166,No,Home,No
13501,S03502,2025-05-03,Direct,Tablet,Australia,Services,8,1433,Yes,Services,Yes
13502,S03503,2025-04-09,Social,Mobile,Australia,Checkout,6,795,Yes,Pricing,Yes
13503,S03504,2025-09-18,Organic,Desktop,UK,Pricing,13,735,Yes,Contact,Yes
13504,S03505,2025-02-18,Social,Desktop,UK,Services,12,1664,No,Contact,Yes
13505,S03506,2025-11-05,Organic,Desktop,India,Contact,6,519,No,Checkout,Yes
13506,S03507,2025-01-26,Social,Mobile,Australia,Products,8,15,Yes,Contact,No
13507,S03508,2025-06-09,Organic,Tablet,UK,Home,5,663,Yes,Pricing,No
13508,S03509,2025-12-31,Email,Mobile,USA,Home,15,1624,Yes,Contact,Yes
13509,S03510,2025-07-15,Referral,Mobile,Germany,Contact,4,1215,Yes,Products,No
13510,S03511,2025-10-06,Email,Desktop,Germany,Services,9,771,Yes,Contact,Yes
13511,S03512,2025-10-04,Organic,Mobile,Canada,Services,8,1103,Yes,Pricing,Yes
13512,S03513,2025-02-16,Referral,Desktop,Germany,Blog,12,702,Yes,Checkout,Yes
13513,S03514,2025-05-02,Social,Tablet,Canada,Products,4,1489,Yes,Home,No
13514,S03515,2025-11-06,Referral,Desktop,UK,Checkout,15,398,Yes,Pricing,Yes
13515,S03516,2025-01-28,Referral,Desktop,India,Pricing,15,1048,No,Home,Yes
13516,S03517,2025-01-22,Organic,Tablet,Germany,Pricing,10,354,Yes,Pricing,Yes
13517,S03518,2025-12-21,Social,Mobile,India,Home,14,1490,Yes,Contact,Yes
13518,S03519,2025-07-19,Referral,Mobile,India,Services,14,307,No,Pricing,Yes
13519,S03520,2025-01-25,Social,Mobile,Canada,Products,6,1158,Yes,Contact,Yes
13520,S03521,2025-11-01,Referral,Mobile,UK,Blog,2,238,Yes,Products,No
13521,S03522,2025-04-26,Email,Desktop,Germany,Home,1,652,Yes,Blog,No
13522,S03523,2025-07-06,Social,Desktop,Canada,Contact,8,568,Yes,Checkout,Yes
13523,S03524,2025-12-14,Direct,Tablet,USA,Home,9,1400,No,Checkout,Yes
13524,S03525,2025-07-19,Organic,Tablet,Australia,Services,2,602,Yes,Pricing,No
13525,S03526,2025-09-06,Referral,Desktop,USA,Checkout,5,872,No,Products,No
13526,S03527,2025-12-26,Email,Desktop,India,Services,4,679,Yes,Home,No
13527,S03528,2025-07-16,Organic,Tablet,Australia,Services,3,1544,Yes,Products,No
13528,S03529,2025-10-12,Referral,Mobile,USA,Blog,6,1005,No,Home,Yes
13529,S03530,2025-01-27,Referral,Mobile,India,Blog,6,1674,No,Products,Yes
13530,S03531,2025-01-05,Social,Mobile,USA,Contact,7,1708,Yes,Contact,Yes
13531,S03532,2025-05-17,Organic,Tablet,Australia,Pricing,11,888,Yes,Home,Yes
13532,S03533,2025-10-28,Organic,Tablet,India,Products,14,453,Yes,Checkout,Yes
13533,S03534,2025-11-24,Organic,Mobile,UK,Products,12,495,Yes,Pricing,Yes
13534,S03535,2025-03-22,Direct,Desktop,UK,Pricing,5,704,No,Contact,No
13535,S03536,2025-04-29,Organic,Tablet,Germany,Checkout,10,760,Yes,Blog,Yes
13536,S03537,2025-11-16,Email,Desktop,India,Products,1,111,Yes,Checkout,No
13537,S03538,2025-09-10,Social,Tablet,UK,Services,8,724,No,Contact,Yes
13538,S03539,2025-01-23,Social,Desktop,Germany,Pricing,10,290,No,Contact,No
13539,S03540,2025-04-26,Email,Mobile,India,Pricing,5,684,Yes,Contact,No
13540,S03541,2025-10-08,Email,Desktop,UK,Contact,9,257,No,Pricing,No
13541,S03542,2025-05-25,Social,Desktop,Canada,Products,4,590,Yes,Pricing,No
13542,S03543,2025-07-09,Direct,Mobile,Canada,Pricing,13,1414,No,Home,Yes
13543,S03544,2025-07-28,Referral,Mobile,USA,Checkout,6,1442,No,Home,Yes
13544,S03545,2025-03-13,Social,Tablet,Canada,Home,13,870,No,Home,Yes
13545,S03546,2025-11-24,Direct,Desktop,Canada,Home,5,929,Yes,Products,No
13546,S03547,2025-02-02,Social,Tablet,UK,Home,6,1647,Yes,Services,Yes
13547,S03548,2025-01-03,Organic,Desktop,USA,Contact,4,1404,Yes,Blog,No
13548,S03549,2025-02-18,Social,Desktop,India,Services,8,1666,No,Pricing,Yes
13549,S03550,2025-03-08,Direct,Desktop,UK,Home,1,774,Yes,Products,No
13550,S03551,2025-06-17,Social,Desktop,Australia,Services,4,1219,Yes,Contact,No
13551,S03552,2025-07-07,Direct,Mobile,Germany,Checkout,7,551,No,Contact,Yes
13552,S03553,2025-10-26,Organic,Desktop,Germany,Blog,15,967,Yes,Pricing,Yes
13553,S03554,2025-02-10,Email,Tablet,Australia,Pricing,15,1515,No,Blog,Yes
13554,S03555,2025-07-27,Email,Mobile,Canada,Services,12,625,No,Home,Yes
13555,S03556,2025-04-10,Social,Tablet,Australia,Blog,9,491,No,Contact,Yes
13556,S03557,2025-08-24,Referral,Tablet,India,Services,11,1155,No,Home,Yes
13557,S03558,2025-05-05,Referral,Desktop,Germany,Home,13,390,No,Products,Yes
13558,S03559,2025-11-25,Organic,Tablet,USA,Products,14,22,Yes,Pricing,No
13559,S03560,2025-09-08,Direct,Mobile,USA,Checkout,6,895,Yes,Contact,Yes
13560,S03561,2025-12-24,Referral,Mobile,Germany,Products,12,1246,Yes,Pricing,Yes
13561,S03562,2025-05-29,Social,Mobile,USA,Checkout,14,839,Yes,Services,Yes
13562,S03563,2025-03-25,Referral,Desktop,Canada,Pricing,4,1572,Yes,Services,No
13563,S03564,2025-08-31,Direct,Tablet,Germany,Products,3,909,Yes,Contact,No
13564,S03565,2025-06-23,Direct,Mobile,USA,Products,9,1786,Yes,Home,Yes
13565,S03566,2025-05-09,Organic,Mobile,Canada,Pricing,10,202,Yes,Products,No
13566,S03567,2025-03-31,Email,Desktop,UK,Products,13,1645,Yes,Services,Yes
13567,S03568,2025-02-06,Email,Tablet,Australia,Products,8,1361,Yes,Checkout,Yes
13568,S03569,2025-06-19,Social,Mobile,UK,Checkout,11,999,No,Contact,Yes
13569,S03570,2025-07-19,Organic,Desktop,UK,Blog,6,269,Yes,Products,No
13570,S03571,2025-03-05,Organic,Mobile,Germany,Checkout,9,462,No,Checkout,Yes
13571,S03572,2025-04-20,Direct,Mobile,Canada,Contact,5,513,Yes,Products,No
13572,S03573,2025-08-28,Referral,Mobile,USA,Home,8,930,No,Contact,Yes
13573,S03574,2025-01-18,Referral,Desktop,UK,Contact,9,1443,No,Home,Yes
13574,S03575,2025-08-15,Organic,Mobile,Australia,Services,15,1653,Yes,Products,Yes
13575,S03576,2025-01-18,Social,Tablet,UK,Products,7,1643,No,Products,Yes
13576,S03577,2025-02-13,Organic,Tablet,Canada,Checkout,11,599,No,Contact,Yes
13577,S03578,2025-09-11,Social,Mobile,Germany,Contact,1,280,Yes,Checkout,No
13578,S03579,2025-07-07,Email,Mobile,Canada,Blog,7,979,No,Products,Yes
13579,S03580,2025-01-02,Referral,Mobile,India,Checkout,6,1175,Yes,Products,Yes
13580,S03581,2025-04-08,Email,Tablet,UK,Contact,12,839,No,Checkout,Yes
13581,S03582,2025-02-06,Social,Tablet,Canada,Services,5,853,No,Pricing,No
13582,S03583,2025-10-28,Direct,Mobile,Australia,Products,8,1332,No,Contact,Yes
13583,S03584,2025-10-05,Social,Tablet,India,Services,10,1727,No,Home,Yes
13584,S03585,2025-11-14,Social,Desktop,India,Checkout,10,1525,No,Pricing,Yes
13585,S03586,2025-12-05,Direct,Mobile,Canada,Checkout,12,1649,No,Services,Yes
13586,S03587,2025-03-09,Direct,Tablet,UK,Blog,4,271,Yes,Products,No
13587,S03588,2025-10-08,Email,Tablet,Australia,Checkout,2,331,Yes,Contact,No
13588,S03589,2025-06-18,Email,Desktop,Australia,Services,14,223,Yes,Services,No
13589,S03590,2025-12-25,Organic,Mobile,Germany,Blog,1,18,Yes,Blog,No
13590,S03591,2025-03-25,Direct,Mobile,Australia,Pricing,12,1441,No,Blog,Yes
13591,S03592,2025-11-23,Direct,Desktop,Canada,Contact,5,363,No,Contact,No
13592,S03593,2025-09-09,Organic,Tablet,Australia,Pricing,9,1435,Yes,Products,Yes
13593,S03594,2025-09-27,Email,Tablet,Canada,Home,4,932,No,Contact,No
13594,S03595,2025-05-29,Organic,Desktop,Australia,Home,9,1746,No,Contact,Yes
13595,S03596,2025-04-13,Social,Tablet,Germany,Services,2,1507,No,Services,No
13596,S03597,2025-10-22,Email,Tablet,UK,Blog,8,1541,Yes,Checkout,Yes
13597,S03598,2025-09-21,Referral,Tablet,Canada,Pricing,11,674,No,Pricing,Yes
13598,S03599,2025-07-18,Direct,Tablet,Australia,Products,13,1641,Yes,Checkout,Yes
13599,S03600,2025-08-16,Direct,Mobile,Canada,Checkout,10,1767,Yes,Home,Yes
13600,S03601,2025-01-31,Email,Mobile,Canada,Home,14,1122,No,Blog,Yes
13601,S03602,2025-02-20,Referral,Desktop,UK,Services,3,25,No,Contact,No
13602,S03603,2025-05-23,Social,Desktop,Germany,Pricing,9,842,No,Services,Yes
13603,S03604,2025-07-03,Referral,Desktop,India,Products,6,1549,No,Blog,Yes
13604,S03605,2025-01-03,Organic,Mobile,Canada,Pricing,7,572,No,Services,Yes
13605,S03606,2025-08-01,Email,Mobile,UK,Contact,9,1621,Yes,Services,Yes
13606,S03607,2025-07-15,Social,Desktop,UK,Home,2,859,Yes,Products,No
13607,S03608,2025-06-04,Social,Mobile,Australia,Pricing,15,535,No,Services,Yes
13608,S03609,2025-04-14,Direct,Tablet,Canada,Pricing,1,304,Yes,Blog,No
13609,S03610,2025-04-30,Social,Desktop,India,Contact,1,1059,Yes,Home,No
13610,S03611,2025-05-06,Referral,Mobile,India,Pricing,8,50,No,Checkout,No
13611,S03612,2025-03-20,Direct,Tablet,Germany,Blog,15,558,Yes,Products,Yes
13612,S03613,2025-12-22,Social,Tablet,India,Pricing,1,1642,Yes,Pricing,No
13613,S03614,2025-04-25,Organic,Tablet,UK,Contact,12,1105,Yes,Products,Yes
13614,S03615,2025-10-24,Organic,Tablet,Canada,Contact,5,1378,Yes,Checkout,No
13615,S03616,2025-11-02,Referral,Tablet,Canada,Products,10,984,No,Services,Yes
13616,S03617,2025-05-18,Organic,Mobile,UK,Blog,3,1147,No,Pricing,No
13617,S03618,2025-06-12,Organic,Desktop,USA,Services,1,621,Yes,Checkout,No
13618,S03619,2025-12-20,Referral,Desktop,Australia,Home,13,783,No,Blog,Yes
13619,S03620,2025-04-25,Email,Desktop,Germany,Home,11,1318,No,Pricing,Yes
13620,S03621,2025-10-08,Organic,Mobile,Germany,Blog,14,1296,Yes,Products,Yes
13621,S03622,2025-05-09,Social,Mobile,Germany,Checkout,12,1273,Yes,Checkout,Yes
13622,S03623,2025-07-01,Email,Tablet,USA,Services,4,194,No,Pricing,No
13623,S03624,2025-01-09,Referral,Mobile,UK,Products,14,1793,Yes,Products,Yes
13624,S03625,2025-08-14,Referral,Desktop,UK,Pricing,2,1164,No,Blog,No
13625,S03626,2025-07-07,Organic,Tablet,UK,Home,6,1258,No,Contact,Yes
13626,S03627,2025-09-25,Direct,Mobile,India,Pricing,5,1416,Yes,Checkout,No
13627,S03628,2025-11-25,Email,Desktop,Germany,Pricing,10,665,No,Home,Yes
13628,S03629,2025-03-23,Direct,Tablet,USA,Products,10,870,No,Home,Yes
13629,S03630,2025-07-04,Email,Desktop,Germany,Pricing,12,1326,No,Products,Yes
13630,S03631,2025-09-04,Social,Tablet,USA,Home,8,870,No,Products,Yes
13631,S03632,2025-07-16,Referral,Mobile,Australia,Products,12,15,Yes,Services,No
13632,S03633,2025-09-29,Organic,Desktop,Australia,Pricing,2,1672,Yes,Services,No
13633,S03634,2025-07-15,Social,Desktop,Australia,Services,13,310,No,Pricing,Yes
13634,S03635,2025-01-12,Referral,Mobile,USA,Products,9,1225,No,Contact,Yes
13635,S03636,2025-12-01,Referral,Mobile,Canada,Pricing,3,460,Yes,Products,No
13636,S03637,2025-04-27,Referral,Tablet,Australia,Home,15,360,Yes,Contact,Yes
13637,S03638,2025-08-08,Social,Desktop,Germany,Pricing,14,1641,No,Home,Yes
13638,S03639,2025-05-24,Referral,Desktop,Australia,Services,11,1140,No,Home,Yes
13639,S03640,2025-08-16,Referral,Desktop,UK,Services,11,1630,Yes,Pricing,Yes
13640,S03641,2025-10-06,Email,Tablet,Germany,Home,9,168,No,Contact,No
13641,S03642,2025-09-21,Organic,Desktop,Australia,Home,4,957,No,Blog,No
13642,S03643,2025-10-13,Email,Desktop,UK,Pricing,10,128,No,Products,No
13643,S03644,2025-10-09,Direct,Tablet,UK,Pricing,7,1703,No,Blog,Yes
13644,S03645,2025-01-12,Direct,Mobile,Germany,Blog,4,1085,No,Home,No
13645,S03646,2025-10-31,Referral,Tablet,India,Products,3,497,Yes,Contact,No
13646,S03647,2025-11-05,Organic,Tablet,UK,Contact,13,1377,Yes,Pricing,Yes
13647,S03648,2025-10-07,Organic,Mobile,Australia,Contact,15,1663,No,Checkout,Yes
13648,S03649,2025-02-20,Email,Mobile,India,Contact,11,1615,No,Home,Yes
13649,S03650,2025-07-18,Email,Mobile,India,Home,15,832,No,Pricing,Yes
13650,S03651,2025-09-04,Direct,Tablet,Australia,Products,3,459,No,Pricing,No
13651,S03652,2025-04-25,Social,Tablet,Australia,Contact,10,483,No,Contact,Yes
13652,S03653,2025-08-21,Organic,Mobile,Germany,Services,5,1254,Yes,Blog,No
13653,S03654,2025-08-24,Email,Tablet,Canada,Checkout,8,681,Yes,Products,Yes
13654,S03655,2025-12-20,Referral,Mobile,Canada,Blog,6,735,Yes,Contact,Yes
13655,S03656,2025-03-29,Direct,Mobile,UK,Services,2,1578,No,Contact,No
13656,S03657,2025-06-12,Referral,Tablet,India,Services,1,1405,Yes,Products,No
13657,S03658,2025-09-26,Referral,Tablet,Australia,Contact,11,201,Yes,Pricing,No
13658,S03659,2025-05-24,Social,Mobile,UK,Services,5,1465,Yes,Home,No
13659,S03660,2025-02-02,Social,Desktop,India,Contact,2,647,Yes,Checkout,No
13660,S03661,2025-11-28,Social,Mobile,USA,Blog,3,474,No,Home,No
13661,S03662,2025-07-21,Email,Tablet,India,Contact,6,1295,Yes,Pricing,Yes
13662,S03663,2025-08-19,Email,Desktop,Australia,Home,11,906,Yes,Products,Yes
13663,S03664,2025-11-18,Social,Desktop,Canada,Pricing,11,629,No,Services,Yes
13664,S03665,2025-10-22,Social,Mobile,USA,Checkout,7,978,No,Contact,Yes
13665,S03666,2025-06-02,Organic,Mobile,Canada,Products,14,885,Yes,Pricing,Yes
13666,S03667,2025-04-22,Referral,Tablet,Germany,Products,6,992,Yes,Services,Yes
13667,S03668,2025-07-07,Referral,Tablet,USA,Pricing,10,1030,Yes,Contact,Yes
13668,S03669,2025-02-23,Email,Desktop,Australia,Checkout,8,488,Yes,Contact,Yes
13669,S03670,2025-10-17,Organic,Desktop,Australia,Services,1,289,Yes,Contact,No
13670,S03671,2025-11-25,Direct,Mobile,USA,Products,11,633,No,Home,Yes
13671,S03672,2025-07-10,Organic,Tablet,UK,Contact,7,1760,No,Pricing,Yes
13672,S03673,2025-08-10,Referral,Mobile,Canada,Products,4,1204,No,Services,No
13673,S03674,2025-08-30,Social,Desktop,USA,Contact,13,797,Yes,Services,Yes
13674,S03675,2025-10-21,Social,Tablet,UK,Contact,12,1304,Yes,Contact,Yes
13675,S03676,2025-11-09,Organic,Desktop,India,Blog,8,558,Yes,Services,Yes
13676,S03677,2025-03-26,Organic,Tablet,Germany,Home,1,340,Yes,Blog,No
13677,S03678,2025-02-06,Social,Mobile,USA,Checkout,10,1140,No,Checkout,Yes
13678,S03679,2025-09-03,Referral,Tablet,India,Contact,5,1377,No,Checkout,No
13679,S03680,2025-12-22,Referral,Desktop,UK,Home,9,426,Yes,Pricing,Yes
13680,S03681,2025-03-06,Email,Desktop,UK,Contact,13,1482,Yes,Products,Yes
13681,S03682,2025-03-19,Referral,Tablet,UK,Contact,13,68,Yes,Pricing,No
13682,S03683,2025-10-27,Referral,Tablet,USA,Home,12,1332,Yes,Blog,Yes
13683,S03684,2025-08-24,Organic,Tablet,Germany,Blog,7,936,No,Blog,Yes
13684,S03685,2025-01-01,Direct,Desktop,Germany,Blog,7,169,Yes,Services,No
13685,S03686,2025-01-17,Direct,Mobile,USA,Contact,3,1671,Yes,Services,No
13686,S03687,2025-10-06,Organic,Mobile,USA,Contact,10,1215,No,Blog,Yes
13687,S03688,2025-08-04,Referral,Desktop,Australia,Contact,9,462,Yes,Home,Yes
13688,S03689,2025-08-20,Email,Mobile,UK,Products,8,1779,No,Services,Yes
13689,S03690,2025-03-03,Social,Desktop,India,Pricing,14,836,Yes,Products,Yes
13690,S03691,2025-06-29,Organic,Desktop,UK,Checkout,4,1601,No,Services,No
13691,S03692,2025-03-13,Referral,Mobile,India,Pricing,7,639,No,Products,Yes
13692,S03693,2025-03-07,Referral,Mobile,India,Pricing,8,1549,No,Contact,Yes
13693,S03694,2025-07-15,Email,Tablet,UK,Services,15,1326,Yes,Contact,Yes
13694,S03695,2025-12-17,Referral,Desktop,UK,Checkout,3,1005,Yes,Services,No
13695,S03696,2025-01-14,Direct,Tablet,UK,Home,10,102,Yes,Contact,No
13696,S03697,2025-06-25,Organic,Tablet,Germany,Products,13,695,No,Checkout,Yes
13697,S03698,2025-05-11,Email,Desktop,Canada,Products,5,1409,Yes,Pricing,No
13698,S03699,2025-04-28,Email,Mobile,UK,Blog,15,1107,Yes,Products,Yes
13699,S03700,2025-07-04,Social,Desktop,Germany,Contact,2,527,Yes,Services,No
13700,S03701,2025-05-30,Email,Mobile,USA,Services,11,997,Yes,Home,Yes
13701,S03702,2025-10-29,Referral,Tablet,Australia,Blog,5,1436,No,Products,No
13702,S03703,2025-12-19,Organic,Desktop,India,Pricing,2,284,No,Services,No
13703,S03704,2025-09-11,Referral,Desktop,India,Pricing,4,912,Yes,Home,No
13704,S03705,2025-07-11,Email,Mobile,India,Home,12,1092,No,Products,Yes
13705,S03706,2025-04-16,Email,Mobile,UK,Home,2,649,Yes,Services,No
13706,S03707,2025-09-04,Email,Desktop,USA,Contact,4,897,Yes,Checkout,No
13707,S03708,2025-10-08,Organic,Tablet,Canada,Home,1,1005,Yes,Home,No
13708,S03709,2025-07-27,Email,Desktop,Canada,Services,10,1385,Yes,Services,Yes
13709,S03710,2025-01-28,Referral,Tablet,Australia,Contact,13,940,Yes,Products,Yes
13710,S03711,2025-10-24,Direct,Mobile,Germany,Home,14,886,No,Services,Yes
13711,S03712,2025-04-11,Organic,Desktop,India,Home,3,1457,Yes,Products,No
13712,S03713,2025-09-15,Referral,Desktop,Germany,Contact,1,388,Yes,Services,No
13713,S03714,2025-01-10,Social,Mobile,USA,Services,15,1434,Yes,Home,Yes
13714,S03715,2025-03-20,Organic,Desktop,Canada,Blog,5,1624,Yes,Home,No
13715,S03716,2025-05-12,Social,Tablet,Australia,Pricing,6,164,Yes,Home,No
13716,S03717,2025-07-25,Referral,Mobile,USA,Checkout,2,1771,Yes,Products,No
13717,S03718,2025-03-11,Social,Mobile,India,Services,3,1756,Yes,Checkout,No
13718,S03719,2025-04-05,Direct,Mobile,UK,Blog,10,277,Yes,Contact,No
13719,S03720,2025-12-06,Email,Mobile,India,Home,1,205,Yes,Checkout,No
13720,S03721,2025-10-01,Social,Mobile,USA,Pricing,4,534,Yes,Products,No
13721,S03722,2025-03-31,Social,Mobile,Australia,Blog,4,1324,Yes,Checkout,No
13722,S03723,2025-05-05,Email,Desktop,UK,Checkout,4,334,No,Contact,No
13723,S03724,2025-03-06,Direct,Desktop,USA,Pricing,5,692,No,Services,No
13724,S03725,2025-06-02,Email,Desktop,Canada,Checkout,13,1656,Yes,Products,Yes
13725,S03726,2025-09-20,Referral,Desktop,USA,Services,5,1205,Yes,Contact,No
13726,S03727,2025-10-26,Social,Mobile,Canada,Checkout,1,1504,Yes,Blog,No
13727,S03728,2025-08-31,Direct,Desktop,Germany,Pricing,11,1382,No,Products,Yes
13728,S03729,2025-04-29,Social,Desktop,India,Services,10,976,Yes,Blog,Yes
13729,S03730,2025-06-20,Email,Mobile,UK,Blog,7,769,No,Products,Yes
13730,S03731,2025-05-07,Email,Mobile,Australia,Blog,6,1622,No,Services,Yes
13731,S03732,2025-08-31,Social,Mobile,USA,Blog,2,555,No,Products,No
13732,S03733,2025-05-19,Referral,Desktop,Germany,Services,5,914,Yes,Services,No
13733,S03734,2025-10-25,Referral,Mobile,Germany,Checkout,4,1159,No,Contact,No
13734,S03735,2025-05-29,Direct,Tablet,Canada,Blog,4,325,Yes,Services,No
13735,S03736,2025-09-01,Organic,Mobile,Germany,Blog,2,703,No,Products,No
13736,S03737,2025-10-08,Direct,Desktop,UK,Products,12,1290,No,Blog,Yes
13737,S03738,2025-09-14,Referral,Mobile,Germany,Pricing,9,682,Yes,Blog,Yes
13738,S03739,2025-07-21,Email,Mobile,UK,Pricing,13,217,No,Pricing,No
13739,S03740,2025-11-12,Email,Tablet,Germany,Home,11,494,No,Home,Yes
13740,S03741,2025-04-25,Email,Mobile,India,Blog,6,1772,Yes,Contact,Yes
13741,S03742,2025-01-15,Direct,Mobile,Canada,Checkout,8,191,Yes,Blog,No
13742,S03743,2025-01-31,Referral,Tablet,USA,Checkout,3,787,Yes,Home,No
13743,S03744,2025-11-11,Referral,Desktop,Australia,Contact,5,1108,Yes,Pricing,No
13744,S03745,2025-07-17,Social,Tablet,USA,Home,15,296,Yes,Home,No
13745,S03746,2025-04-11,Email,Desktop,Canada,Blog,5,825,Yes,Services,No
13746,S03747,2025-03-15,Email,Tablet,USA,Blog,11,579,No,Services,Yes
13747,S03748,2025-04-16,Direct,Tablet,India,Blog,13,840,Yes,Contact,Yes
13748,S03749,2025-10-29,Social,Mobile,USA,Blog,15,1208,No,Pricing,Yes
13749,S03750,2025-02-10,Organic,Mobile,Germany,Blog,14,1371,No,Contact,Yes
13750,S03751,2025-08-24,Organic,Tablet,Canada,Blog,5,1171,Yes,Blog,No
13751,S03752,2025-04-25,Direct,Desktop,USA,Pricing,11,1137,Yes,Home,Yes
13752,S03753,2025-02-25,Direct,Desktop,Australia,Home,2,807,Yes,Blog,No
13753,S03754,2025-05-07,Email,Tablet,UK,Contact,13,1481,Yes,Checkout,Yes
13754,S03755,2025-04-10,Direct,Mobile,UK,Services,13,176,Yes,Blog,No
13755,S03756,2025-08-03,Referral,Tablet,USA,Contact,15,1373,No,Pricing,Yes
13756,S03757,2025-05-25,Organic,Tablet,Australia,Checkout,13,215,No,Home,No
13757,S03758,2025-02-06,Referral,Desktop,Australia,Products,12,137,Yes,Home,No
13758,S03759,2025-02-16,Organic,Desktop,India,Services,5,1124,Yes,Checkout,No
13759,S03760,2025-06-09,Direct,Mobile,USA,Pricing,1,107,Yes,Pricing,No
13760,S03761,2025-08-02,Organic,Desktop,Australia,Home,14,864,Yes,Pricing,Yes
13761,S03762,2025-05-07,Social,Mobile,India,Checkout,10,91,Yes,Services,No
13762,S03763,2025-06-18,Social,Tablet,UK,Products,9,1531,Yes,Products,Yes
13763,S03764,2025-02-08,Referral,Mobile,Germany,Blog,6,414,Yes,Blog,Yes
13764,S03765,2025-02-21,Direct,Tablet,Canada,Home,14,1221,Yes,Services,Yes
13765,S03766,2025-02-20,Organic,Desktop,India,Products,13,994,Yes,Checkout,Yes
13766,S03767,2025-10-26,Social,Mobile,USA,Services,12,210,No,Contact,No
13767,S03768,2025-03-24,Email,Tablet,Germany,Home,14,18,No,Home,No
13768,S03769,2025-10-01,Referral,Tablet,UK,Services,2,281,Yes,Blog,No
13769,S03770,2025-02-08,Email,Mobile,Canada,Blog,15,1437,No,Blog,Yes
13770,S03771,2025-08-08,Direct,Tablet,India,Products,7,613,Yes,Home,Yes
13771,S03772,2025-09-13,Social,Tablet,India,Contact,15,1314,No,Home,Yes
13772,S03773,2025-05-27,Direct,Mobile,Germany,Products,13,1192,Yes,Services,Yes
13773,S03774,2025-02-08,Direct,Mobile,UK,Products,5,108,No,Home,No
13774,S03775,2025-12-06,Referral,Tablet,USA,Blog,7,1232,Yes,Blog,Yes
13775,S03776,2025-06-26,Social,Mobile,UK,Products,9,528,No,Contact,Yes
13776,S03777,2025-01-02,Direct,Tablet,UK,Services,5,163,No,Contact,No
13777,S03778,2025-12-29,Referral,Tablet,Australia,Pricing,13,143,No,Pricing,No
13778,S03779,2025-08-07,Referral,Tablet,UK,Pricing,9,745,Yes,Home,Yes
13779,S03780,2025-02-24,Email,Tablet,Germany,Contact,1,766,Yes,Services,No
13780,S03781,2025-06-28,Referral,Mobile,UK,Services,7,934,No,Products,Yes
13781,S03782,2025-08-18,Organic,Desktop,USA,Blog,14,387,No,Products,Yes
13782,S03783,2025-07-05,Referral,Desktop,India,Services,13,1348,No,Checkout,Yes
13783,S03784,2025-01-12,Organic,Mobile,UK,Checkout,1,985,Yes,Contact,No
13784,S03785,2025-02-26,Direct,Mobile,Canada,Pricing,15,572,No,Checkout,Yes
13785,S03786,2025-01-21,Email,Desktop,India,Home,3,543,Yes,Contact,No
13786,S03787,2025-07-29,Email,Tablet,India,Contact,14,853,No,Checkout,Yes
13787,S03788,2025-09-06,Direct,Tablet,USA,Home,13,215,No,Blog,No
13788,S03789,2025-09-14,Organic,Mobile,UK,Checkout,3,403,Yes,Products,No
13789,S03790,2025-10-10,Direct,Mobile,USA,Pricing,4,302,Yes,Services,No
13790,S03791,2025-05-23,Referral,Desktop,USA,Pricing,1,1107,Yes,Products,No
13791,S03792,2025-10-30,Email,Desktop,India,Home,6,1251,No,Home,Yes
13792,S03793,2025-10-11,Social,Desktop,Australia,Checkout,1,1497,Yes,Home,No
13793,S03794,2025-02-22,Organic,Mobile,UK,Contact,4,773,Yes,Checkout,No
13794,S03795,2025-06-10,Direct,Desktop,Canada,Products,14,1595,Yes,Checkout,Yes
13795,S03796,2025-10-31,Direct,Mobile,Canada,Services,11,1096,Yes,Contact,Yes
13796,S03797,2025-07-04,Referral,Tablet,India,Pricing,12,1371,No,Pricing,Yes
13797,S03798,2025-03-07,Email,Mobile,India,Home,4,69,No,Home,No
13798,S03799,2025-12-31,Social,Mobile,UK,Home,10,599,No,Checkout,Yes
13799,S03800,2025-09-19,Organic,Tablet,UK,Services,13,268,No,Pricing,No
13800,S03801,2025-08-21,Social,Tablet,Germany,Products,7,1648,Yes,Products,Yes
13801,S03802,2025-09-19,Email,Tablet,USA,Home,2,1323,No,Products,No
13802,S03803,2025-09-12,Email,Tablet,Germany,Home,13,715,Yes,Blog,Yes
13803,S03804,2025-03-01,Direct,Mobile,USA,Checkout,9,1208,No,Services,Yes
13804,S03805,2025-07-26,Email,Tablet,India,Services,15,500,No,Pricing,Yes
13805,S03806,2025-09-10,Social,Tablet,Australia,Services,6,715,Yes,Pricing,Yes
13806,S03807,2025-04-06,Email,Tablet,India,Checkout,13,579,No,Pricing,Yes
13807,S03808,2025-11-23,Organic,Tablet,UK,Services,7,1170,Yes,Pricing,Yes
13808,S03809,2025-10-06,Referral,Mobile,Canada,Home,10,1650,Yes,Blog,Yes
13809,S03810,2025-08-24,Direct,Mobile,Canada,Checkout,6,870,No,Services,Yes
13810,S03811,2025-02-12,Referral,Desktop,USA,Blog,8,98,No,Home,No
13811,S03812,2025-08-03,Email,Mobile,UK,Pricing,15,466,Yes,Products,Yes
13812,S03813,2025-11-22,Organic,Tablet,UK,Products,6,460,No,Contact,Yes
13813,S03814,2025-11-11,Direct,Tablet,Australia,Checkout,7,1271,No,Services,Yes
13814,S03815,2025-08-24,Referral,Mobile,UK,Checkout,5,627,Yes,Pricing,No
13815,S03816,2025-04-05,Direct,Tablet,USA,Services,5,1393,Yes,Products,No
13816,S03817,2025-01-03,Organic,Desktop,India,Blog,5,1059,Yes,Services,No
13817,S03818,2025-06-19,Social,Mobile,Canada,Pricing,2,1484,Yes,Services,No
13818,S03819,2025-06-11,Referral,Desktop,Australia,Home,9,702,No,Products,Yes
13819,S03820,2025-10-16,Referral,Mobile,USA,Services,14,1031,Yes,Services,Yes
13820,S03821,2025-05-03,Direct,Mobile,Germany,Products,8,135,No,Contact,No
13821,S03822,2025-07-03,Direct,Mobile,India,Services,10,606,Yes,Pricing,Yes
13822,S03823,2025-01-24,Social,Mobile,USA,Pricing,7,473,No,Blog,Yes
13823,S03824,2025-11-13,Email,Mobile,Canada,Products,3,1423,Yes,Blog,No
13824,S03825,2025-11-04,Direct,Mobile,India,Services,5,331,Yes,Blog,No
13825,S03826,2025-04-01,Organic,Desktop,Germany,Products,8,1119,Yes,Blog,Yes
13826,S03827,2025-04-18,Referral,Mobile,Canada,Products,7,1247,Yes,Checkout,Yes
13827,S03828,2025-01-17,Direct,Mobile,USA,Pricing,6,1549,Yes,Pricing,Yes
13828,S03829,2025-09-30,Social,Mobile,USA,Products,1,628,Yes,Home,No
13829,S03830,2025-12-10,Email,Mobile,India,Pricing,7,205,Yes,Contact,No
13830,S03831,2025-07-11,Email,Mobile,Canada,Pricing,4,443,No,Home,No
13831,S03832,2025-01-02,Organic,Tablet,India,Products,10,136,No,Blog,No
13832,S03833,2025-03-16,Direct,Desktop,Canada,Contact,2,781,No,Contact,No
13833,S03834,2025-09-21,Social,Desktop,Australia,Services,8,141,Yes,Contact,No
13834,S03835,2025-11-15,Direct,Mobile,India,Services,8,1196,No,Contact,Yes
13835,S03836,2025-03-11,Direct,Mobile,Canada,Contact,13,454,No,Blog,Yes
13836,S03837,2025-10-01,Organic,Desktop,UK,Blog,15,1611,No,Blog,Yes
13837,S03838,2025-05-06,Referral,Mobile,Germany,Home,12,599,No,Checkout,Yes
13838,S03839,2025-12-13,Email,Tablet,India,Home,6,411,No,Blog,Yes
13839,S03840,2025-12-31,Referral,Desktop,India,Services,7,871,Yes,Contact,Yes
13840,S03841,2025-08-03,Organic,Mobile,India,Checkout,8,1337,Yes,Pricing,Yes
13841,S03842,2025-12-25,Social,Desktop,Australia,Home,2,1692,No,Contact,No
13842,S03843,2025-11-16,Organic,Mobile,USA,Products,2,1642,Yes,Contact,No
13843,S03844,2025-09-02,Email,Tablet,Canada,Home,2,810,No,Contact,No
13844,S03845,2025-11-20,Referral,Mobile,UK,Products,14,988,Yes,Products,Yes
13845,S03846,2025-09-06,Organic,Tablet,UK,Pricing,4,1410,Yes,Home,No
13846,S03847,2025-07-13,Email,Tablet,UK,Contact,14,292,No,Blog,No
13847,S03848,2025-02-12,Organic,Desktop,USA,Pricing,4,1029,No,Products,No
13848,S03849,2025-01-15,Direct,Desktop,UK,Checkout,1,92,Yes,Products,No
13849,S03850,2025-10-03,Email,Tablet,USA,Checkout,10,1550,Yes,Contact,Yes
13850,S03851,2025-04-17,Direct,Desktop,Canada,Services,12,159,No,Blog,No
13851,S03852,2025-03-06,Referral,Tablet,Germany,Services,10,437,Yes,Blog,Yes
13852,S03853,2025-04-14,Referral,Desktop,UK,Pricing,11,1144,Yes,Services,Yes
13853,S03854,2025-09-26,Direct,Mobile,India,Home,15,440,No,Contact,Yes
13854,S03855,2025-07-18,Social,Mobile,Germany,Blog,14,72,No,Services,No
13855,S03856,2025-08-16,Direct,Desktop,India,Checkout,3,892,Yes,Blog,No
13856,S03857,2025-06-11,Social,Mobile,USA,Blog,3,582,No,Contact,No
13857,S03858,2025-07-17,Email,Desktop,Canada,Services,7,653,No,Pricing,Yes
13858,S03859,2025-08-07,Direct,Mobile,UK,Checkout,5,1215,No,Contact,No
13859,S03860,2025-03-03,Organic,Desktop,Canada,Contact,6,1710,Yes,Services,Yes
13860,S03861,2025-10-24,Direct,Tablet,Canada,Services,1,856,Yes,Blog,No
13861,S03862,2025-02-26,Direct,Tablet,India,Checkout,9,693,No,Checkout,Yes
13862,S03863,2025-08-18,Referral,Tablet,Canada,Products,3,1547,Yes,Contact,No
13863,S03864,2025-01-12,Email,Desktop,Australia,Checkout,6,1448,Yes,Services,Yes
13864,S03865,2025-03-12,Organic,Mobile,Australia,Home,11,561,No,Blog,Yes
13865,S03866,2025-12-03,Social,Mobile,USA,Products,14,1612,Yes,Services,Yes
13866,S03867,2025-08-25,Email,Tablet,Germany,Contact,15,1020,Yes,Services,Yes
13867,S03868,2025-09-10,Email,Desktop,USA,Services,15,716,Yes,Checkout,Yes
13868,S03869,2025-12-24,Organic,Desktop,India,Products,9,606,Yes,Contact,Yes
13869,S03870,2025-03-10,Organic,Desktop,Canada,Pricing,10,1094,Yes,Checkout,Yes
13870,S03871,2025-08-16,Direct,Tablet,India,Pricing,4,405,No,Services,No
13871,S03872,2025-07-22,Referral,Desktop,Germany,Blog,2,1479,Yes,Blog,No
13872,S03873,2025-11-19,Direct,Tablet,USA,Checkout,4,843,No,Products,No
13873,S03874,2025-02-04,Direct,Mobile,India,Checkout,1,241,Yes,Checkout,No
13874,S03875,2025-12-13,Email,Desktop,Australia,Services,1,1484,Yes,Products,No
13875,S03876,2025-05-10,Email,Mobile,USA,Checkout,7,1683,Yes,Blog,Yes
13876,S03877,2025-12-12,Email,Desktop,India,Checkout,14,934,Yes,Contact,Yes
13877,S03878,2025-07-27,Referral,Tablet,Germany,Contact,9,1249,Yes,Contact,Yes
13878,S03879,2025-01-05,Social,Tablet,Germany,Services,4,790,No,Blog,No
13879,S03880,2025-03-10,Organic,Tablet,UK,Blog,15,1237,No,Pricing,Yes
13880,S03881,2025-01-27,Organic,Mobile,USA,Services,12,1717,No,Checkout,Yes
13881,S03882,2025-10-16,Direct,Desktop,India,Checkout,14,201,Yes,Home,No
13882,S03883,2025-05-30,Referral,Mobile,Canada,Services,2,689,Yes,Pricing,No
13883,S03884,2025-04-21,Email,Tablet,Australia,Pricing,15,109,Yes,Services,No
13884,S03885,2025-02-04,Organic,Desktop,India,Services,5,1316,Yes,Home,No
13885,S03886,2025-07-17,Email,Desktop,India,Contact,6,840,Yes,Checkout,Yes
13886,S03887,2025-09-25,Organic,Desktop,Australia,Contact,6,401,Yes,Blog,Yes
13887,S03888,2025-06-13,Social,Tablet,India,Products,5,948,Yes,Pricing,No
13888,S03889,2025-02-22,Referral,Tablet,UK,Blog,11,34,No,Blog,No
13889,S03890,2025-08-19,Email,Desktop,India,Home,2,1007,Yes,Products,No
13890,S03891,2025-12-03,Organic,Desktop,Australia,Pricing,15,957,Yes,Blog,Yes
13891,S03892,2025-08-12,Organic,Mobile,UK,Pricing,12,220,No,Blog,No
13892,S03893,2025-08-05,Organic,Mobile,Australia,Pricing,13,1069,No,Checkout,Yes
13893,S03894,2025-08-13,Social,Tablet,Germany,Contact,14,799,Yes,Contact,Yes
13894,S03895,2025-07-31,Organic,Desktop,India,Contact,4,337,No,Checkout,No
13895,S03896,2025-10-02,Direct,Desktop,USA,Services,1,691,Yes,Services,No
13896,S03897,2025-02-04,Email,Desktop,Canada,Services,11,1114,No,Contact,Yes
13897,S03898,2025-07-09,Direct,Desktop,USA,Products,3,1127,Yes,Services,No
13898,S03899,2025-07-24,Direct,Mobile,Canada,Checkout,3,804,No,Services,No
13899,S03900,2025-02-04,Social,Tablet,UK,Blog,9,98,No,Pricing,No
13900,S03901,2025-04-17,Organic,Mobile,India,Products,8,1248,No,Products,Yes
13901,S03902,2025-08-25,Direct,Desktop,Canada,Blog,3,1701,Yes,Services,No
13902,S03903,2025-11-23,Social,Tablet,Germany,Home,6,152,Yes,Services,No
13903,S03904,2025-07-09,Social,Desktop,India,Products,3,1070,Yes,Checkout,No
13904,S03905,2025-04-08,Organic,Tablet,Australia,Blog,9,966,Yes,Contact,Yes
13905,S03906,2025-11-24,Referral,Mobile,Australia,Checkout,14,26,Yes,Blog,No
13906,S03907,2025-08-29,Referral,Tablet,India,Home,13,983,No,Products,Yes
13907,S03908,2025-12-21,Referral,Tablet,Australia,Blog,6,272,Yes,Home,No
13908,S03909,2025-02-01,Organic,Desktop,India,Products,13,1244,Yes,Home,Yes
13909,S03910,2025-05-23,Direct,Mobile,UK,Contact,14,299,No,Blog,No
13910,S03911,2025-01-27,Social,Tablet,Germany,Blog,4,1398,No,Blog,No
13911,S03912,2025-11-13,Referral,Mobile,Germany,Pricing,2,1561,No,Home,No
13912,S03913,2025-12-30,Email,Desktop,UK,Checkout,7,757,No,Blog,Yes
13913,S03914,2025-07-28,Social,Mobile,Australia,Pricing,13,942,No,Pricing,Yes
13914,S03915,2025-04-10,Social,Desktop,India,Home,14,490,No,Products,Yes
13915,S03916,2025-05-25,Direct,Tablet,Canada,Contact,3,1697,No,Products,No
13916,S03917,2025-11-16,Direct,Tablet,USA,Products,13,949,Yes,Pricing,Yes
13917,S03918,2025-05-13,Direct,Tablet,Germany,Home,2,1566,No,Home,No
13918,S03919,2025-05-26,Referral,Tablet,USA,Blog,6,1429,Yes,Checkout,Yes
13919,S03920,2025-09-10,Email,Mobile,India,Services,2,695,Yes,Contact,No
13920,S03921,2025-01-23,Organic,Desktop,Germany,Checkout,12,206,Yes,Blog,No
13921,S03922,2025-09-16,Organic,Mobile,Canada,Services,1,72,Yes,Pricing,No
13922,S03923,2025-04-17,Social,Desktop,UK,Pricing,10,1479,No,Checkout,Yes
13923,S03924,2025-04-15,Direct,Desktop,UK,Pricing,9,1758,Yes,Services,Yes
13924,S03925,2025-11-04,Direct,Mobile,UK,Pricing,8,192,No,Blog,No
13925,S03926,2025-05-10,Referral,Mobile,Germany,Pricing,10,196,No,Contact,No
13926,S03927,2025-05-26,Direct,Mobile,India,Products,7,1757,Yes,Blog,Yes
13927,S03928,2025-12-03,Referral,Desktop,UK,Products,12,294,Yes,Services,No
13928,S03929,2025-06-20,Social,Tablet,USA,Contact,7,1113,No,Contact,Yes
13929,S03930,2025-01-02,Organic,Mobile,Germany,Contact,3,604,Yes,Home,No
13930,S03931,2025-12-07,Organic,Mobile,UK,Contact,9,811,No,Checkout,Yes
13931,S03932,2025-02-14,Email,Mobile,Australia,Checkout,1,664,Yes,Services,No
13932,S03933,2025-03-15,Referral,Mobile,Canada,Contact,5,436,Yes,Contact,No
13933,S03934,2025-12-23,Direct,Mobile,UK,Blog,1,1330,Yes,Checkout,No
13934,S03935,2025-07-15,Email,Tablet,USA,Checkout,11,454,Yes,Home,Yes
13935,S03936,2025-01-30,Organic,Tablet,India,Pricing,15,129,Yes,Home,No
13936,S03937,2025-09-24,Organic,Tablet,India,Checkout,9,918,No,Checkout,Yes
13937,S03938,2025-01-23,Direct,Tablet,Germany,Products,14,1098,No,Contact,Yes
13938,S03939,2025-06-21,Email,Tablet,USA,Pricing,5,142,Yes,Pricing,No
13939,S03940,2025-01-26,Social,Tablet,USA,Contact,12,481,No,Blog,Yes
13940,S03941,2025-05-05,Referral,Desktop,USA,Pricing,7,191,Yes,Pricing,No
13941,S03942,2025-02-12,Direct,Mobile,Germany,Contact,13,1670,No,Pricing,Yes
13942,S03943,2025-10-20,Social,Desktop,Germany,Services,2,724,No,Checkout,No
13943,S03944,2025-06-27,Direct,Mobile,India,Home,1,1795,Yes,Services,No
13944,S03945,2025-04-19,Direct,Mobile,Australia,Blog,11,1133,No,Products,Yes
13945,S03946,2025-11-13,Email,Desktop,USA,Home,10,927,Yes,Contact,Yes
13946,S03947,2025-12-08,Referral,Tablet,USA,Blog,5,296,No,Contact,No
13947,S03948,2025-11-28,Organic,Tablet,India,Blog,14,739,No,Blog,Yes
13948,S03949,2025-02-20,Email,Desktop,Canada,Blog,8,1423,Yes,Contact,Yes
13949,S03950,2025-04-21,Referral,Mobile,Canada,Pricing,9,1121,No,Home,Yes
13950,S03951,2025-12-02,Referral,Tablet,USA,Blog,2,1502,No,Products,No
13951,S03952,2025-04-05,Referral,Desktop,Canada,Blog,10,335,Yes,Pricing,Yes
13952,S03953,2025-04-10,Referral,Tablet,Canada,Home,12,1418,No,Checkout,Yes
13953,S03954,2025-04-06,Email,Tablet,Australia,Contact,6,356,Yes,Blog,Yes
13954,S03955,2025-10-26,Direct,Desktop,Australia,Pricing,5,1199,Yes,Products,No
13955,S03956,2025-11-15,Referral,Desktop,Canada,Products,6,709,No,Services,Yes
13956,S03957,2025-09-11,Referral,Desktop,India,Pricing,10,1722,Yes,Pricing,Yes
13957,S03958,2025-09-30,Organic,Desktop,India,Home,6,1529,No,Home,Yes
13958,S03959,2025-02-25,Referral,Desktop,Canada,Pricing,13,912,Yes,Pricing,Yes
13959,S03960,2025-03-13,Email,Desktop,Canada,Services,2,1695,Yes,Pricing,No
13960,S03961,2025-02-11,Organic,Desktop,Australia,Blog,9,913,Yes,Home,Yes
13961,S03962,2025-07-04,Organic,Mobile,Germany,Pricing,14,1344,Yes,Services,Yes
13962,S03963,2025-12-27,Direct,Tablet,Canada,Pricing,5,1227,No,Services,No
13963,S03964,2025-01-26,Direct,Tablet,India,Checkout,11,958,Yes,Pricing,Yes
13964,S03965,2025-03-05,Organic,Tablet,USA,Services,4,46,Yes,Home,No
13965,S03966,2025-07-20,Organic,Desktop,UK,Products,11,1048,Yes,Blog,Yes
13966,S03967,2025-11-04,Social,Mobile,USA,Products,11,1327,Yes,Checkout,Yes
13967,S03968,2025-11-06,Direct,Mobile,Germany,Pricing,4,845,Yes,Blog,No
13968,S03969,2025-01-07,Referral,Tablet,USA,Home,3,95,Yes,Checkout,No
13969,S03970,2025-03-30,Referral,Tablet,Germany,Blog,5,1618,Yes,Services,No
13970,S03971,2025-10-21,Referral,Desktop,USA,Blog,12,1658,No,Home,Yes
13971,S03972,2025-06-17,Referral,Tablet,India,Checkout,12,1666,No,Services,Yes
13972,S03973,2025-11-02,Social,Desktop,Germany,Checkout,7,1368,No,Services,Yes
13973,S03974,2025-07-14,Email,Desktop,USA,Services,1,1485,Yes,Contact,No
13974,S03975,2025-07-10,Direct,Desktop,UK,Contact,5,528,Yes,Services,No
13975,S03976,2025-08-08,Email,Tablet,Germany,Checkout,7,1352,No,Services,Yes
13976,S03977,2025-09-21,Direct,Tablet,Germany,Checkout,15,1799,No,Pricing,Yes
13977,S03978,2025-06-01,Email,Tablet,USA,Contact,4,1620,No,Contact,No
13978,S03979,2025-11-19,Direct,Desktop,Canada,Products,9,888,No,Blog,Yes
13979,S03980,2025-09-23,Social,Mobile,USA,Home,14,623,No,Blog,Yes
13980,S03981,2025-08-30,Organic,Tablet,Australia,Services,6,1084,Yes,Products,Yes
13981,S03982,2025-07-29,Email,Tablet,USA,Contact,13,1342,No,Services,Yes
13982,S03983,2025-08-09,Email,Tablet,UK,Checkout,4,1794,Yes,Services,No
13983,S03984,2025-06-06,Social,Mobile,UK,Contact,1,1572,Yes,Home,No
13984,S03985,2025-09-30,Social,Desktop,Canada,Products,10,368,Yes,Home,Yes
13985,S03986,2025-05-24,Direct,Tablet,USA,Pricing,8,413,Yes,Contact,Yes
13986,S03987,2025-04-27,Referral,Mobile,Australia,Services,8,925,No,Contact,Yes
13987,S03988,2025-12-08,Organic,Mobile,Australia,Home,13,717,Yes,Blog,Yes
13988,S03989,2025-10-14,Social,Mobile,UK,Home,3,696,Yes,Contact,No
13989,S03990,2025-01-03,Social,Desktop,India,Contact,12,1312,Yes,Pricing,Yes
13990,S03991,2025-04-18,Social,Mobile,India,Products,2,648,No,Pricing,No
13991,S03992,2025-12-17,Direct,Mobile,Canada,Pricing,5,1590,No,Products,No
13992,S03993,2025-02-21,Organic,Mobile,USA,Contact,2,1643,No,Pricing,No
13993,S03994,2025-03-27,Referral,Desktop,USA,Blog,1,572,Yes,Checkout,No
13994,S03995,2025-10-10,Referral,Tablet,Canada,Products,5,315,No,Home,No
13995,S03996,2025-09-26,Social,Desktop,USA,Pricing,12,114,Yes,Pricing,No
13996,S03997,2025-06-29,Social,Desktop,UK,Home,12,1396,No,Contact,Yes
13997,S03998,2025-01-21,Email,Tablet,India,Pricing,13,893,Yes,Services,Yes
13998,S03999,2025-09-02,Social,Desktop,UK,Services,2,170,Yes,Contact,No
13999,S04000,2025-01-17,Referral,Mobile,Canada,Products,8,1440,Yes,Blog,Yes
14000,S04001,2025-05-07,Referral,Desktop,Canada,Home,8,419,Yes,Checkout,Yes
14001,S04002,2025-06-12,Referral,Desktop,Canada,Contact,2,1377,Yes,Checkout,No
14002,S04003,2025-02-21,Direct,Desktop,India,Pricing,7,537,No,Pricing,Yes
14003,S04004,2025-12-02,Referral,Desktop,USA,Home,2,1056,Yes,Blog,No
14004,S04005,2025-02-12,Email,Desktop,USA,Home,10,489,Yes,Pricing,Yes
14005,S04006,2025-02-07,Referral,Tablet,Canada,Home,10,698,No,Services,Yes
14006,S04007,2025-06-18,Email,Tablet,Australia,Products,1,1468,Yes,Checkout,No
14007,S04008,2025-12-27,Referral,Desktop,USA,Contact,3,1396,Yes,Products,No
14008,S04009,2025-05-24,Direct,Tablet,Australia,Pricing,13,450,Yes,Services,Yes
14009,S04010,2025-02-16,Social,Tablet,USA,Home,9,714,Yes,Services,Yes
14010,S04011,2025-05-05,Referral,Desktop,UK,Home,10,1680,Yes,Pricing,Yes
14011,S04012,2025-05-02,Organic,Mobile,UK,Products,3,1618,No,Services,No
14012,S04013,2025-08-15,Referral,Desktop,USA,Pricing,13,769,Yes,Home,Yes
14013,S04014,2025-05-30,Email,Mobile,Germany,Services,12,688,No,Products,Yes
14014,S04015,2025-09-24,Direct,Tablet,UK,Products,15,184,No,Pricing,No
14015,S04016,2025-02-13,Organic,Tablet,Germany,Checkout,6,470,Yes,Contact,Yes
14016,S04017,2025-09-05,Organic,Tablet,Germany,Home,10,1000,No,Home,Yes
14017,S04018,2025-12-16,Email,Mobile,Germany,Blog,7,311,Yes,Blog,Yes
14018,S04019,2025-06-23,Organic,Desktop,USA,Checkout,15,1612,Yes,Pricing,Yes
14019,S04020,2025-08-07,Direct,Tablet,Australia,Home,2,1734,Yes,Contact,No
14020,S04021,2025-04-28,Email,Mobile,USA,Home,9,1011,Yes,Blog,Yes
14021,S04022,2025-06-14,Referral,Mobile,Germany,Blog,10,164,No,Checkout,No
14022,S04023,2025-01-14,Social,Mobile,Australia,Pricing,8,243,No,Blog,No
14023,S04024,2025-11-26,Social,Desktop,Australia,Contact,1,915,Yes,Pricing,No
14024,S04025,2025-02-11,Social,Mobile,India,Services,14,1502,No,Services,Yes
14025,S04026,2025-04-01,Organic,Mobile,Germany,Blog,1,31,Yes,Contact,No
14026,S04027,2025-05-05,Email,Desktop,Australia,Pricing,13,1076,Yes,Products,Yes
14027,S04028,2025-11-23,Social,Mobile,USA,Pricing,12,644,No,Pricing,Yes
14028,S04029,2025-07-23,Organic,Mobile,Germany,Checkout,7,936,Yes,Services,Yes
14029,S04030,2025-04-16,Social,Desktop,Germany,Contact,1,1248,Yes,Blog,No
14030,S04031,2025-06-02,Organic,Tablet,Germany,Contact,11,722,Yes,Products,Yes
14031,S04032,2025-10-05,Email,Mobile,India,Home,13,878,Yes,Checkout,Yes
14032,S04033,2025-03-09,Referral,Mobile,India,Home,9,1371,No,Home,Yes
14033,S04034,2025-05-24,Referral,Mobile,India,Pricing,4,510,No,Products,No
14034,S04035,2025-02-20,Direct,Tablet,Germany,Pricing,3,15,Yes,Services,No
14035,S04036,2025-03-30,Organic,Tablet,Germany,Products,13,493,Yes,Checkout,Yes
14036,S04037,2025-09-25,Organic,Tablet,Germany,Blog,11,802,Yes,Blog,Yes
14037,S04038,2025-05-02,Email,Tablet,Germany,Contact,14,28,Yes,Contact,No
14038,S04039,2025-05-06,Referral,Tablet,India,Blog,12,990,No,Contact,Yes
14039,S04040,2025-09-04,Direct,Mobile,India,Home,8,887,No,Products,Yes
14040,S04041,2025-12-24,Organic,Mobile,Canada,Home,2,536,No,Home,No
14041,S04042,2025-05-18,Email,Desktop,India,Checkout,7,504,No,Home,Yes
14042,S04043,2025-08-23,Organic,Tablet,UK,Home,3,453,Yes,Checkout,No
14043,S04044,2025-02-11,Email,Desktop,Germany,Services,10,1553,No,Services,Yes
14044,S04045,2025-08-04,Email,Desktop,USA,Pricing,15,754,No,Services,Yes
14045,S04046,2025-02-28,Email,Mobile,Canada,Blog,6,807,No,Home,Yes
14046,S04047,2025-08-17,Organic,Tablet,Germany,Pricing,4,909,No,Checkout,No
14047,S04048,2025-08-06,Direct,Tablet,UK,Blog,3,1743,Yes,Products,No
14048,S04049,2025-07-15,Referral,Tablet,USA,Home,12,832,No,Services,Yes
14049,S04050,2025-08-23,Organic,Mobile,Australia,Checkout,8,434,No,Contact,Yes
14050,S04051,2025-01-24,Direct,Tablet,USA,Products,5,1695,No,Contact,No
14051,S04052,2025-06-04,Social,Desktop,Canada,Products,7,150,No,Blog,No
14052,S04053,2025-04-22,Organic,Desktop,Germany,Home,4,1499,Yes,Checkout,No
14053,S04054,2025-02-19,Social,Mobile,Germany,Contact,8,862,Yes,Services,Yes
14054,S04055,2025-09-19,Direct,Mobile,Australia,Blog,3,615,No,Products,No
14055,S04056,2025-05-15,Referral,Mobile,UK,Blog,15,861,No,Blog,Yes
14056,S04057,2025-07-18,Email,Tablet,Canada,Home,9,1167,Yes,Blog,Yes
14057,S04058,2025-04-29,Organic,Mobile,UK,Pricing,9,1154,Yes,Blog,Yes
14058,S04059,2025-11-25,Direct,Desktop,Germany,Products,11,1245,Yes,Checkout,Yes
14059,S04060,2025-04-03,Direct,Tablet,Australia,Home,6,1190,Yes,Blog,Yes
14060,S04061,2025-07-16,Social,Tablet,USA,Services,15,128,Yes,Home,No
14061,S04062,2025-01-26,Referral,Tablet,Germany,Products,15,551,Yes,Home,Yes
14062,S04063,2025-03-29,Direct,Tablet,USA,Services,9,935,No,Home,Yes
14063,S04064,2025-01-11,Organic,Tablet,India,Blog,9,404,No,Contact,Yes
14064,S04065,2025-09-03,Social,Tablet,Canada,Pricing,1,1746,Yes,Pricing,No
14065,S04066,2025-09-24,Social,Tablet,Canada,Services,12,1628,No,Pricing,Yes
14066,S04067,2025-06-11,Direct,Mobile,India,Blog,10,126,Yes,Home,No
14067,S04068,2025-07-29,Social,Desktop,UK,Pricing,5,1128,Yes,Pricing,No
14068,S04069,2025-12-06,Organic,Mobile,Canada,Home,10,1104,No,Products,Yes
14069,S04070,2025-12-17,Social,Desktop,USA,Home,11,1650,No,Products,Yes
14070,S04071,2025-03-28,Email,Desktop,UK,Checkout,14,202,No,Blog,No
14071,S04072,2025-08-01,Organic,Desktop,Australia,Services,14,374,No,Products,Yes
14072,S04073,2025-09-17,Organic,Mobile,Australia,Checkout,8,1158,Yes,Pricing,Yes
14073,S04074,2025-12-30,Email,Tablet,Australia,Pricing,14,1422,Yes,Blog,Yes
14074,S04075,2025-12-24,Organic,Mobile,USA,Contact,9,351,Yes,Blog,Yes
14075,S04076,2025-09-10,Social,Mobile,Germany,Contact,2,882,Yes,Home,No
14076,S04077,2025-12-20,Direct,Desktop,India,Checkout,7,464,Yes,Home,Yes
14077,S04078,2025-09-27,Social,Desktop,Australia,Home,8,1267,Yes,Services,Yes
14078,S04079,2025-01-29,Direct,Desktop,Germany,Products,12,1243,No,Contact,Yes
14079,S04080,2025-09-22,Social,Tablet,USA,Services,5,770,No,Checkout,No
14080,S04081,2025-12-15,Email,Tablet,Australia,Checkout,14,490,Yes,Products,Yes
14081,S04082,2025-05-23,Direct,Tablet,Germany,Products,8,1752,Yes,Services,Yes
14082,S04083,2025-02-24,Referral,Desktop,India,Checkout,13,710,Yes,Services,Yes
14083,S04084,2025-11-19,Social,Desktop,Canada,Products,9,146,Yes,Checkout,No
14084,S04085,2025-12-28,Direct,Desktop,India,Home,12,383,No,Products,Yes
14085,S04086,2025-05-14,Social,Desktop,India,Checkout,10,1235,Yes,Contact,Yes
14086,S04087,2025-05-09,Social,Mobile,India,Services,13,1146,No,Products,Yes
14087,S04088,2025-11-05,Direct,Mobile,Canada,Pricing,13,117,No,Pricing,No
14088,S04089,2025-06-22,Email,Mobile,Germany,Pricing,11,1519,No,Contact,Yes
14089,S04090,2025-07-05,Email,Tablet,Canada,Products,11,636,No,Contact,Yes
14090,S04091,2025-11-09,Email,Mobile,Germany,Home,1,1161,Yes,Blog,No
14091,S04092,2025-04-07,Social,Tablet,India,Blog,8,1312,No,Pricing,Yes
14092,S04093,2025-04-16,Direct,Tablet,Canada,Products,2,146,No,Blog,No
14093,S04094,2025-12-21,Direct,Mobile,Canada,Contact,1,989,Yes,Products,No
14094,S04095,2025-01-06,Direct,Desktop,USA,Contact,12,611,Yes,Contact,Yes
14095,S04096,2025-05-19,Organic,Tablet,Australia,Pricing,3,1515,Yes,Checkout,No
14096,S04097,2025-07-30,Direct,Mobile,Germany,Products,13,135,No,Services,No
14097,S04098,2025-02-18,Email,Mobile,Germany,Checkout,5,39,No,Services,No
14098,S04099,2025-06-01,Email,Desktop,USA,Contact,5,354,Yes,Products,No
14099,S04100,2025-05-06,Social,Mobile,Germany,Pricing,12,582,No,Blog,Yes
14100,S04101,2025-12-26,Organic,Mobile,Germany,Contact,7,728,No,Contact,Yes
14101,S04102,2025-08-02,Social,Mobile,Australia,Checkout,2,698,No,Home,No
14102,S04103,2025-06-29,Direct,Tablet,Australia,Pricing,5,1023,Yes,Products,No
14103,S04104,2025-06-13,Social,Tablet,USA,Services,8,89,No,Home,No
14104,S04105,2025-11-16,Organic,Tablet,USA,Blog,11,1307,Yes,Contact,Yes
14105,S04106,2025-02-06,Organic,Tablet,USA,Services,15,1693,No,Services,Yes
14106,S04107,2025-04-03,Email,Tablet,USA,Home,10,557,Yes,Products,Yes
14107,S04108,2025-12-31,Referral,Desktop,Australia,Contact,8,792,No,Pricing,Yes
14108,S04109,2025-03-27,Email,Desktop,USA,Products,3,1597,No,Home,No
14109,S04110,2025-02-17,Organic,Tablet,Australia,Checkout,10,522,Yes,Pricing,Yes
14110,S04111,2025-11-15,Direct,Desktop,USA,Services,11,43,Yes,Services,No
14111,S04112,2025-08-06,Direct,Tablet,Germany,Products,1,785,Yes,Services,No
14112,S04113,2025-04-14,Social,Tablet,Australia,Pricing,7,401,Yes,Products,Yes
14113,S04114,2025-08-30,Social,Mobile,Germany,Pricing,5,437,No,Blog,No
14114,S04115,2025-05-11,Organic,Tablet,Canada,Checkout,15,1263,No,Checkout,Yes
14115,S04116,2025-05-26,Direct,Tablet,Australia,Products,5,369,No,Pricing,No
14116,S04117,2025-06-18,Social,Mobile,Canada,Services,3,1145,Yes,Services,No
14117,S04118,2025-01-12,Email,Desktop,USA,Checkout,14,1715,No,Pricing,Yes
14118,S04119,2025-11-20,Organic,Mobile,Australia,Blog,5,992,No,Services,No
14119,S04120,2025-06-15,Email,Mobile,Canada,Blog,6,439,No,Home,Yes
14120,S04121,2025-03-05,Email,Tablet,USA,Home,5,947,Yes,Checkout,No
14121,S04122,2025-10-29,Social,Desktop,USA,Pricing,10,1644,No,Products,Yes
14122,S04123,2025-05-26,Email,Tablet,Canada,Contact,15,572,No,Pricing,Yes
14123,S04124,2025-08-19,Email,Tablet,Australia,Pricing,7,890,No,Blog,Yes
14124,S04125,2025-12-25,Organic,Desktop,Germany,Checkout,1,846,Yes,Checkout,No
14125,S04126,2025-08-10,Email,Mobile,India,Checkout,11,55,No,Pricing,No
14126,S04127,2025-02-11,Organic,Mobile,Australia,Services,8,178,No,Home,No
14127,S04128,2025-09-03,Social,Desktop,Canada,Contact,6,813,No,Home,Yes
14128,S04129,2025-02-09,Email,Tablet,Australia,Blog,11,703,Yes,Contact,Yes
14129,S04130,2025-09-09,Social,Desktop,Australia,Contact,2,797,Yes,Products,No
14130,S04131,2025-04-17,Social,Tablet,Germany,Blog,5,1431,No,Home,No
14131,S04132,2025-06-15,Organic,Tablet,UK,Checkout,15,579,No,Blog,Yes
14132,S04133,2025-10-23,Direct,Desktop,UK,Services,14,1458,Yes,Products,Yes
14133,S04134,2025-05-16,Direct,Tablet,Canada,Home,14,1468,No,Checkout,Yes
14134,S04135,2025-10-28,Direct,Desktop,Canada,Home,12,1109,No,Home,Yes
14135,S04136,2025-06-19,Organic,Tablet,USA,Pricing,14,276,No,Checkout,No
14136,S04137,2025-08-08,Direct,Desktop,UK,Pricing,12,1014,Yes,Contact,Yes
14137,S04138,2025-05-08,Email,Tablet,UK,Pricing,7,1567,Yes,Checkout,Yes
14138,S04139,2025-10-14,Organic,Tablet,Canada,Products,12,843,No,Pricing,Yes
14139,S04140,2025-01-10,Organic,Mobile,India,Checkout,6,462,Yes,Blog,Yes
14140,S04141,2025-07-13,Email,Desktop,India,Checkout,9,1193,Yes,Home,Yes
14141,S04142,2025-11-26,Email,Desktop,USA,Checkout,13,612,No,Blog,Yes
14142,S04143,2025-07-12,Referral,Mobile,USA,Blog,6,1083,No,Blog,Yes
14143,S04144,2025-04-10,Referral,Mobile,UK,Services,3,115,No,Products,No
14144,S04145,2025-05-13,Referral,Tablet,Australia,Blog,11,1228,Yes,Products,Yes
14145,S04146,2025-02-06,Direct,Mobile,USA,Services,2,1110,No,Contact,No
14146,S04147,2025-09-02,Organic,Desktop,USA,Checkout,7,191,Yes,Blog,No
14147,S04148,2025-07-02,Referral,Desktop,Canada,Products,5,583,No,Products,No
14148,S04149,2025-07-20,Referral,Tablet,UK,Contact,7,511,Yes,Pricing,Yes
14149,S04150,2025-11-06,Referral,Desktop,UK,Checkout,10,1145,No,Checkout,Yes
14150,S04151,2025-11-10,Social,Tablet,UK,Contact,14,776,Yes,Services,Yes
14151,S04152,2025-12-31,Social,Mobile,Australia,Services,14,1038,Yes,Blog,Yes
14152,S04153,2025-05-10,Organic,Mobile,Canada,Blog,12,951,No,Blog,Yes
14153,S04154,2025-05-25,Organic,Desktop,USA,Home,9,983,No,Blog,Yes
14154,S04155,2025-02-11,Social,Tablet,Canada,Services,8,736,Yes,Services,Yes
14155,S04156,2025-06-12,Referral,Mobile,Germany,Checkout,2,165,Yes,Home,No
14156,S04157,2025-01-30,Organic,Tablet,Germany,Home,10,1214,No,Contact,Yes
14157,S04158,2025-07-29,Social,Desktop,UK,Contact,1,1640,Yes,Pricing,No
14158,S04159,2025-05-29,Social,Desktop,USA,Pricing,3,505,No,Contact,No
14159,S04160,2025-07-07,Direct,Desktop,USA,Products,11,875,Yes,Blog,Yes
14160,S04161,2025-11-20,Organic,Mobile,UK,Blog,7,75,Yes,Checkout,No
14161,S04162,2025-02-10,Organic,Mobile,Germany,Products,10,1519,No,Pricing,Yes
14162,S04163,2025-07-05,Referral,Mobile,India,Pricing,13,1373,No,Checkout,Yes
14163,S04164,2025-02-14,Email,Mobile,Germany,Services,6,174,Yes,Contact,No
14164,S04165,2025-05-22,Referral,Desktop,India,Services,8,1622,No,Blog,Yes
14165,S04166,2025-02-17,Email,Tablet,Germany,Blog,8,880,No,Contact,Yes
14166,S04167,2025-08-25,Email,Desktop,Canada,Contact,1,584,Yes,Contact,No
14167,S04168,2025-07-16,Email,Mobile,Germany,Pricing,14,1611,Yes,Contact,Yes
14168,S04169,2025-03-10,Social,Desktop,UK,Pricing,6,1468,No,Home,Yes
14169,S04170,2025-11-13,Organic,Desktop,Germany,Products,9,1324,Yes,Contact,Yes
14170,S04171,2025-04-03,Email,Tablet,USA,Blog,4,17,No,Services,No
14171,S04172,2025-06-11,Social,Desktop,Germany,Products,14,45,No,Products,No
14172,S04173,2025-02-04,Social,Mobile,UK,Home,15,328,Yes,Home,Yes
14173,S04174,2025-07-12,Organic,Desktop,Canada,Services,9,805,No,Checkout,Yes
14174,S04175,2025-10-10,Email,Mobile,UK,Blog,4,446,No,Products,No
14175,S04176,2025-06-03,Social,Mobile,India,Products,5,942,No,Pricing,No
14176,S04177,2025-02-22,Organic,Tablet,Germany,Products,5,587,Yes,Checkout,No
14177,S04178,2025-11-27,Direct,Desktop,India,Pricing,9,994,No,Blog,Yes
14178,S04179,2025-09-12,Referral,Desktop,India,Products,5,1785,Yes,Products,No
14179,S04180,2025-02-09,Email,Tablet,USA,Home,15,760,Yes,Services,Yes
14180,S04181,2025-04-11,Social,Desktop,UK,Pricing,9,775,Yes,Services,Yes
14181,S04182,2025-09-27,Email,Desktop,Germany,Products,4,1283,Yes,Blog,No
14182,S04183,2025-06-17,Social,Tablet,Australia,Home,9,1243,No,Contact,Yes
14183,S04184,2025-02-08,Direct,Tablet,Canada,Services,15,1397,No,Checkout,Yes
14184,S04185,2025-02-26,Referral,Desktop,UK,Checkout,9,1729,Yes,Products,Yes
14185,S04186,2025-02-19,Email,Mobile,UK,Pricing,9,430,Yes,Pricing,Yes
14186,S04187,2025-01-22,Organic,Mobile,Australia,Home,15,1477,No,Checkout,Yes
14187,S04188,2025-05-13,Direct,Tablet,Australia,Checkout,7,397,Yes,Services,Yes
14188,S04189,2025-02-22,Email,Desktop,Australia,Blog,15,331,Yes,Checkout,Yes
14189,S04190,2025-10-28,Organic,Mobile,India,Pricing,14,116,No,Products,No
14190,S04191,2025-06-01,Organic,Mobile,UK,Contact,8,405,No,Home,Yes
14191,S04192,2025-02-12,Social,Tablet,UK,Services,4,520,Yes,Checkout,No
14192,S04193,2025-06-14,Direct,Mobile,USA,Home,1,138,Yes,Checkout,No
14193,S04194,2025-01-06,Referral,Desktop,Australia,Home,5,617,Yes,Home,No
14194,S04195,2025-07-28,Social,Tablet,Australia,Services,10,1526,No,Services,Yes
14195,S04196,2025-12-29,Referral,Mobile,Germany,Checkout,8,843,No,Services,Yes
14196,S04197,2025-03-03,Email,Tablet,USA,Pricing,15,631,Yes,Products,Yes
14197,S04198,2025-11-03,Social,Desktop,USA,Home,7,1267,No,Services,Yes
14198,S04199,2025-11-13,Organic,Mobile,Canada,Home,11,178,No,Contact,No
14199,S04200,2025-11-12,Organic,Mobile,India,Checkout,7,1423,Yes,Products,Yes
14200,S04201,2025-03-10,Organic,Desktop,Australia,Products,11,522,No,Checkout,Yes
14201,S04202,2025-03-19,Organic,Tablet,Canada,Services,9,267,No,Products,No
14202,S04203,2025-07-15,Email,Tablet,Canada,Products,11,1611,Yes,Pricing,Yes
14203,S04204,2025-05-19,Referral,Tablet,Germany,Home,4,1303,Yes,Home,No
14204,S04205,2025-04-28,Direct,Tablet,Germany,Contact,6,1174,No,Blog,Yes
14205,S04206,2025-03-09,Email,Tablet,Canada,Home,3,1566,Yes,Products,No
14206,S04207,2025-01-24,Referral,Desktop,Australia,Services,3,72,No,Contact,No
14207,S04208,2025-04-08,Email,Desktop,India,Products,3,530,No,Home,No
14208,S04209,2025-04-06,Organic,Desktop,Germany,Pricing,5,695,Yes,Contact,No
14209,S04210,2025-11-20,Email,Desktop,India,Checkout,15,311,No,Home,Yes
14210,S04211,2025-01-15,Direct,Mobile,UK,Home,5,1141,No,Checkout,No
14211,S04212,2025-06-03,Referral,Desktop,Canada,Checkout,6,1745,No,Contact,Yes
14212,S04213,2025-01-22,Email,Mobile,UK,Checkout,10,708,Yes,Contact,Yes
14213,S04214,2025-10-27,Email,Desktop,Canada,Blog,9,1502,No,Products,Yes
14214,S04215,2025-07-19,Social,Tablet,UK,Blog,1,202,Yes,Checkout,No
14215,S04216,2025-09-21,Email,Desktop,Australia,Pricing,3,461,No,Contact,No
14216,S04217,2025-06-27,Referral,Tablet,Australia,Pricing,15,790,Yes,Home,Yes
14217,S04218,2025-12-04,Organic,Desktop,Germany,Products,4,807,Yes,Checkout,No
14218,S04219,2025-02-15,Organic,Tablet,USA,Pricing,10,57,No,Home,No
14219,S04220,2025-09-04,Email,Desktop,Germany,Checkout,15,582,No,Home,Yes
14220,S04221,2025-11-12,Organic,Mobile,Australia,Home,13,1192,Yes,Services,Yes
14221,S04222,2025-05-12,Email,Tablet,UK,Contact,2,1566,Yes,Pricing,No
14222,S04223,2025-10-19,Social,Desktop,India,Pricing,3,1480,Yes,Services,No
14223,S04224,2025-10-16,Organic,Desktop,USA,Services,8,1666,No,Products,Yes
14224,S04225,2025-10-29,Social,Mobile,Germany,Blog,9,500,No,Products,Yes
14225,S04226,2025-10-16,Social,Tablet,USA,Products,11,125,No,Blog,No
14226,S04227,2025-10-12,Social,Tablet,Australia,Blog,1,1664,Yes,Checkout,No
14227,S04228,2025-07-31,Social,Desktop,Germany,Contact,11,1092,Yes,Pricing,Yes
14228,S04229,2025-07-08,Email,Tablet,USA,Checkout,15,351,Yes,Pricing,Yes
14229,S04230,2025-10-02,Organic,Mobile,Australia,Products,15,347,Yes,Products,Yes
14230,S04231,2025-01-22,Referral,Tablet,Australia,Services,6,439,No,Pricing,Yes
14231,S04232,2025-12-15,Referral,Desktop,Canada,Contact,12,620,No,Pricing,Yes
14232,S04233,2025-07-24,Social,Desktop,Australia,Products,1,1260,Yes,Blog,No
14233,S04234,2025-05-24,Email,Desktop,Australia,Blog,5,1513,No,Products,No
14234,S04235,2025-07-02,Direct,Mobile,Canada,Services,2,483,No,Contact,No
14235,S04236,2025-06-18,Email,Tablet,USA,Pricing,13,1462,No,Services,Yes
14236,S04237,2025-08-23,Social,Mobile,Germany,Home,9,1461,No,Pricing,Yes
14237,S04238,2025-03-22,Referral,Desktop,UK,Checkout,7,1410,Yes,Checkout,Yes
14238,S04239,2025-03-02,Email,Tablet,Canada,Blog,12,1345,No,Services,Yes
14239,S04240,2025-11-10,Referral,Desktop,UK,Home,4,559,No,Checkout,No
14240,S04241,2025-06-09,Organic,Tablet,Canada,Blog,11,902,No,Products,Yes
14241,S04242,2025-01-05,Organic,Tablet,USA,Services,15,1489,Yes,Home,Yes
14242,S04243,2025-07-22,Direct,Mobile,India,Checkout,14,235,No,Pricing,No
14243,S04244,2025-11-24,Direct,Mobile,UK,Products,8,1345,Yes,Pricing,Yes
14244,S04245,2025-10-05,Direct,Desktop,Germany,Pricing,5,1565,Yes,Blog,No
14245,S04246,2025-10-11,Organic,Tablet,Germany,Pricing,7,850,No,Blog,Yes
14246,S04247,2025-01-26,Organic,Tablet,Australia,Home,11,1431,No,Home,Yes
14247,S04248,2025-04-11,Social,Tablet,India,Home,13,427,No,Checkout,Yes
14248,S04249,2025-05-04,Social,Tablet,Canada,Blog,4,908,No,Home,No
14249,S04250,2025-06-17,Social,Desktop,Canada,Home,15,718,No,Products,Yes
14250,S04251,2025-07-21,Organic,Tablet,Canada,Blog,10,325,No,Contact,Yes
14251,S04252,2025-11-21,Direct,Desktop,USA,Home,14,835,No,Contact,Yes
14252,S04253,2025-12-23,Social,Tablet,Australia,Home,4,819,Yes,Pricing,No
14253,S04254,2025-12-30,Email,Desktop,Canada,Blog,12,323,Yes,Checkout,Yes
14254,S04255,2025-01-22,Direct,Mobile,UK,Services,9,756,Yes,Pricing,Yes
14255,S04256,2025-01-11,Referral,Desktop,UK,Checkout,4,1773,No,Pricing,No
14256,S04257,2025-03-23,Referral,Mobile,Canada,Services,3,192,Yes,Pricing,No
14257,S04258,2025-09-02,Email,Desktop,UK,Contact,6,824,No,Home,Yes
14258,S04259,2025-11-09,Organic,Desktop,UK,Home,8,1159,Yes,Pricing,Yes
14259,S04260,2025-08-22,Referral,Desktop,UK,Home,9,142,Yes,Pricing,No
14260,S04261,2025-05-22,Social,Mobile,UK,Pricing,11,1419,Yes,Services,Yes
14261,S04262,2025-02-21,Referral,Desktop,Australia,Pricing,4,1386,Yes,Pricing,No
14262,S04263,2025-05-06,Email,Tablet,UK,Contact,13,1388,No,Services,Yes
14263,S04264,2025-08-11,Social,Desktop,UK,Pricing,8,921,Yes,Blog,Yes
14264,S04265,2025-06-16,Social,Tablet,Australia,Services,1,750,Yes,Contact,No
14265,S04266,2025-04-18,Social,Mobile,Canada,Pricing,13,1460,No,Contact,Yes
14266,S04267,2025-06-22,Referral,Tablet,USA,Products,8,218,Yes,Checkout,No
14267,S04268,2025-11-10,Organic,Desktop,Canada,Contact,10,554,Yes,Services,Yes
14268,S04269,2025-06-27,Direct,Desktop,Australia,Blog,14,240,No,Home,No
14269,S04270,2025-01-25,Organic,Mobile,UK,Contact,1,1369,Yes,Services,No
14270,S04271,2025-04-28,Social,Tablet,UK,Products,8,941,Yes,Checkout,Yes
14271,S04272,2025-05-15,Email,Desktop,USA,Products,15,1360,No,Services,Yes
14272,S04273,2025-06-22,Referral,Desktop,India,Products,8,1034,No,Services,Yes
14273,S04274,2025-11-21,Referral,Desktop,India,Blog,11,1507,No,Contact,Yes
14274,S04275,2025-04-20,Email,Tablet,UK,Products,6,967,Yes,Checkout,Yes
14275,S04276,2025-07-07,Social,Desktop,Australia,Home,3,1108,No,Blog,No
14276,S04277,2025-06-04,Referral,Desktop,Australia,Home,12,1234,No,Blog,Yes
14277,S04278,2025-09-29,Social,Tablet,Germany,Home,1,328,Yes,Checkout,No
14278,S04279,2025-03-27,Direct,Mobile,Germany,Contact,4,850,No,Blog,No
14279,S04280,2025-01-10,Referral,Mobile,UK,Blog,1,625,Yes,Checkout,No
14280,S04281,2025-11-21,Organic,Desktop,Germany,Blog,10,920,No,Contact,Yes
14281,S04282,2025-12-22,Direct,Desktop,India,Pricing,13,1661,No,Contact,Yes
14282,S04283,2025-06-24,Organic,Tablet,Germany,Products,6,1181,No,Services,Yes
14283,S04284,2025-07-26,Organic,Mobile,Canada,Home,6,1472,Yes,Pricing,Yes
14284,S04285,2025-02-21,Organic,Mobile,Canada,Services,14,805,Yes,Contact,Yes
14285,S04286,2025-02-23,Referral,Tablet,India,Blog,14,90,No,Pricing,No
14286,S04287,2025-05-19,Email,Mobile,Canada,Pricing,13,1333,No,Contact,Yes
14287,S04288,2025-09-28,Social,Desktop,Germany,Home,10,374,No,Contact,Yes
14288,S04289,2025-07-06,Email,Mobile,Germany,Pricing,3,234,No,Blog,No
14289,S04290,2025-05-08,Social,Mobile,Canada,Blog,7,1396,Yes,Services,Yes
14290,S04291,2025-07-02,Email,Tablet,Canada,Home,15,1389,No,Home,Yes
14291,S04292,2025-03-10,Email,Tablet,USA,Services,8,272,Yes,Products,No
14292,S04293,2025-06-26,Organic,Mobile,Australia,Home,4,1650,Yes,Services,No
14293,S04294,2025-11-06,Referral,Desktop,USA,Blog,4,106,No,Pricing,No
14294,S04295,2025-07-27,Direct,Desktop,Canada,Contact,4,895,No,Blog,No
14295,S04296,2025-02-02,Social,Tablet,India,Products,13,1689,Yes,Contact,Yes
14296,S04297,2025-12-11,Direct,Desktop,Germany,Blog,1,944,Yes,Checkout,No
14297,S04298,2025-03-20,Referral,Mobile,Australia,Products,6,1158,No,Products,Yes
14298,S04299,2025-05-02,Referral,Tablet,UK,Contact,11,860,Yes,Products,Yes
14299,S04300,2025-09-25,Referral,Desktop,Australia,Home,15,1047,Yes,Checkout,Yes
14300,S04301,2025-03-07,Direct,Mobile,India,Services,3,1386,Yes,Services,No
14301,S04302,2025-07-13,Organic,Mobile,Australia,Blog,14,335,Yes,Checkout,Yes
14302,S04303,2025-11-13,Social,Desktop,UK,Blog,6,1668,No,Contact,Yes
14303,S04304,2025-07-13,Social,Tablet,USA,Products,11,568,No,Contact,Yes
14304,S04305,2025-05-24,Social,Mobile,India,Pricing,14,659,Yes,Checkout,Yes
14305,S04306,2025-09-30,Social,Mobile,USA,Blog,13,1418,No,Products,Yes
14306,S04307,2025-12-18,Social,Mobile,India,Products,9,47,Yes,Contact,No
14307,S04308,2025-08-16,Referral,Tablet,UK,Checkout,10,453,Yes,Pricing,Yes
14308,S04309,2025-09-12,Organic,Desktop,Canada,Contact,13,582,Yes,Products,Yes
14309,S04310,2025-05-14,Email,Mobile,USA,Products,1,162,Yes,Services,No
14310,S04311,2025-02-19,Organic,Mobile,Canada,Products,5,132,Yes,Blog,No
14311,S04312,2025-01-01,Email,Desktop,Canada,Services,1,410,Yes,Blog,No
14312,S04313,2025-01-24,Email,Mobile,Canada,Contact,15,998,No,Blog,Yes
14313,S04314,2025-05-02,Referral,Desktop,USA,Contact,2,1123,No,Home,No
14314,S04315,2025-12-01,Referral,Tablet,India,Contact,8,872,No,Products,Yes
14315,S04316,2025-03-17,Organic,Desktop,Australia,Pricing,2,1031,No,Pricing,No
14316,S04317,2025-06-03,Organic,Tablet,Canada,Checkout,1,1355,Yes,Pricing,No
14317,S04318,2025-04-26,Direct,Desktop,UK,Contact,4,101,No,Checkout,No
14318,S04319,2025-11-11,Referral,Desktop,UK,Home,7,535,Yes,Blog,Yes
14319,S04320,2025-12-17,Direct,Tablet,Germany,Home,1,671,Yes,Blog,No
14320,S04321,2025-10-19,Organic,Tablet,Germany,Contact,13,522,No,Contact,Yes
14321,S04322,2025-06-02,Direct,Desktop,Germany,Home,1,479,Yes,Contact,No
14322,S04323,2025-12-16,Organic,Mobile,Australia,Home,10,932,No,Pricing,Yes
14323,S04324,2025-04-07,Referral,Tablet,USA,Pricing,10,214,No,Blog,No
14324,S04325,2025-05-22,Direct,Mobile,UK,Products,1,956,Yes,Home,No
14325,S04326,2025-11-23,Referral,Tablet,USA,Checkout,10,519,No,Products,Yes
14326,S04327,2025-01-02,Direct,Mobile,India,Blog,7,1639,Yes,Pricing,Yes
14327,S04328,2025-08-22,Social,Desktop,Australia,Home,12,1054,Yes,Checkout,Yes
14328,S04329,2025-04-29,Direct,Desktop,Australia,Products,14,1245,No,Products,Yes
14329,S04330,2025-11-15,Organic,Mobile,Canada,Services,11,1728,No,Products,Yes
14330,S04331,2025-06-17,Organic,Desktop,UK,Services,15,1655,No,Blog,Yes
14331,S04332,2025-12-20,Social,Mobile,India,Products,10,455,Yes,Services,Yes
14332,S04333,2025-02-15,Direct,Tablet,USA,Products,1,1664,Yes,Home,No
14333,S04334,2025-07-08,Email,Tablet,Australia,Contact,10,686,No,Pricing,Yes
14334,S04335,2025-04-23,Social,Tablet,Canada,Home,10,34,No,Blog,No
14335,S04336,2025-09-06,Organic,Mobile,India,Services,2,1765,No,Pricing,No
14336,S04337,2025-10-21,Social,Mobile,USA,Services,8,126,No,Home,No
14337,S04338,2025-07-20,Social,Tablet,USA,Checkout,6,200,No,Products,No
14338,S04339,2025-07-17,Email,Desktop,India,Checkout,4,927,No,Checkout,No
14339,S04340,2025-08-23,Referral,Tablet,Canada,Checkout,14,836,Yes,Home,Yes
14340,S04341,2025-04-25,Social,Desktop,Germany,Checkout,7,583,No,Contact,Yes
14341,S04342,2025-04-30,Organic,Tablet,Canada,Checkout,11,1378,Yes,Home,Yes
14342,S04343,2025-04-01,Social,Tablet,Canada,Contact,4,472,No,Services,No
14343,S04344,2025-09-13,Social,Desktop,India,Checkout,15,1556,Yes,Services,Yes
14344,S04345,2025-10-01,Organic,Tablet,UK,Contact,9,585,No,Contact,Yes
14345,S04346,2025-03-01,Email,Mobile,UK,Blog,13,454,Yes,Checkout,Yes
14346,S04347,2025-05-29,Direct,Desktop,India,Blog,6,1740,No,Checkout,Yes
14347,S04348,2025-06-03,Referral,Desktop,India,Home,10,1480,Yes,Home,Yes
14348,S04349,2025-08-31,Referral,Desktop,Canada,Services,8,1189,No,Contact,Yes
14349,S04350,2025-08-03,Social,Desktop,USA,Pricing,12,729,No,Products,Yes
14350,S04351,2025-12-16,Email,Mobile,UK,Pricing,3,803,No,Services,No
14351,S04352,2025-04-15,Email,Mobile,Australia,Pricing,11,60,No,Contact,No
14352,S04353,2025-06-28,Referral,Mobile,Canada,Blog,7,1092,Yes,Checkout,Yes
14353,S04354,2025-07-28,Organic,Mobile,Australia,Products,11,1480,No,Checkout,Yes
14354,S04355,2025-01-18,Email,Desktop,Canada,Blog,9,985,No,Pricing,Yes
14355,S04356,2025-01-21,Direct,Tablet,Australia,Checkout,6,969,No,Products,Yes
14356,S04357,2025-09-12,Referral,Tablet,USA,Contact,7,466,No,Home,Yes
14357,S04358,2025-02-13,Organic,Desktop,USA,Services,11,1618,Yes,Products,Yes
14358,S04359,2025-08-03,Direct,Mobile,Germany,Checkout,9,1232,Yes,Blog,Yes
14359,S04360,2025-03-27,Social,Mobile,USA,Products,9,1347,Yes,Contact,Yes
14360,S04361,2025-01-27,Direct,Mobile,Australia,Pricing,13,505,Yes,Services,Yes
14361,S04362,2025-01-12,Referral,Tablet,India,Checkout,5,786,No,Pricing,No
14362,S04363,2025-04-27,Organic,Desktop,Australia,Services,5,1459,Yes,Products,No
14363,S04364,2025-10-03,Referral,Desktop,USA,Pricing,6,906,No,Home,Yes
14364,S04365,2025-06-25,Direct,Desktop,Germany,Checkout,3,1045,Yes,Home,No
14365,S04366,2025-05-16,Social,Tablet,Australia,Services,13,793,No,Pricing,Yes
14366,S04367,2025-06-24,Direct,Mobile,India,Pricing,8,1607,Yes,Services,Yes
14367,S04368,2025-06-29,Social,Mobile,Australia,Checkout,3,751,Yes,Services,No
14368,S04369,2025-07-30,Social,Mobile,UK,Services,4,919,Yes,Blog,No
14369,S04370,2025-08-06,Email,Tablet,Germany,Blog,9,1770,No,Home,Yes
14370,S04371,2025-01-22,Direct,Tablet,Australia,Products,11,379,Yes,Home,Yes
14371,S04372,2025-09-04,Organic,Mobile,Australia,Contact,4,163,No,Pricing,No
14372,S04373,2025-04-17,Email,Tablet,Germany,Products,7,859,No,Pricing,Yes
14373,S04374,2025-09-05,Direct,Tablet,Canada,Products,9,1600,Yes,Services,Yes
14374,S04375,2025-06-08,Email,Desktop,Canada,Products,13,332,Yes,Blog,Yes
14375,S04376,2025-10-23,Referral,Desktop,UK,Home,15,1375,No,Home,Yes
14376,S04377,2025-04-04,Email,Tablet,Australia,Home,4,408,No,Home,No
14377,S04378,2025-02-10,Organic,Mobile,Australia,Blog,1,673,Yes,Services,No
14378,S04379,2025-02-10,Direct,Mobile,USA,Contact,6,1412,Yes,Contact,Yes
14379,S04380,2025-01-02,Organic,Tablet,Canada,Services,12,1353,No,Services,Yes
14380,S04381,2025-07-23,Social,Tablet,Canada,Pricing,5,146,Yes,Contact,No
14381,S04382,2025-02-04,Organic,Desktop,Canada,Blog,14,1435,Yes,Checkout,Yes
14382,S04383,2025-11-29,Organic,Mobile,UK,Products,8,664,No,Contact,Yes
14383,S04384,2025-08-18,Social,Desktop,USA,Checkout,11,1179,Yes,Products,Yes
14384,S04385,2025-07-23,Organic,Desktop,Australia,Checkout,14,1487,No,Services,Yes
14385,S04386,2025-04-07,Direct,Mobile,Australia,Services,12,1121,No,Products,Yes
14386,S04387,2025-12-19,Email,Mobile,Canada,Pricing,15,497,Yes,Blog,Yes
14387,S04388,2025-02-15,Social,Desktop,Canada,Pricing,1,1639,Yes,Products,No
14388,S04389,2025-07-25,Referral,Mobile,UK,Contact,4,285,No,Pricing,No
14389,S04390,2025-11-14,Referral,Mobile,India,Services,12,214,Yes,Contact,No
14390,S04391,2025-08-10,Referral,Tablet,Canada,Contact,2,1168,Yes,Home,No
14391,S04392,2025-06-29,Organic,Tablet,USA,Home,10,274,Yes,Checkout,No
14392,S04393,2025-10-09,Social,Mobile,USA,Products,9,326,Yes,Pricing,Yes
14393,S04394,2025-01-02,Social,Tablet,Germany,Checkout,8,1733,Yes,Checkout,Yes
14394,S04395,2025-06-24,Email,Mobile,Australia,Home,8,1209,No,Pricing,Yes
14395,S04396,2025-06-15,Organic,Mobile,Canada,Checkout,11,771,Yes,Checkout,Yes
14396,S04397,2025-08-16,Organic,Desktop,Australia,Products,10,1332,Yes,Checkout,Yes
14397,S04398,2025-08-24,Social,Tablet,India,Checkout,8,694,No,Products,Yes
14398,S04399,2025-08-28,Direct,Tablet,Canada,Products,5,1159,No,Products,No
14399,S04400,2025-02-10,Email,Tablet,USA,Contact,6,1241,Yes,Products,Yes
14400,S04401,2025-10-22,Referral,Tablet,Canada,Products,5,1347,No,Contact,No
14401,S04402,2025-09-03,Direct,Desktop,UK,Products,13,954,No,Products,Yes
14402,S04403,2025-06-05,Email,Desktop,Australia,Blog,11,711,Yes,Pricing,Yes
14403,S04404,2025-07-05,Referral,Mobile,UK,Blog,14,780,No,Products,Yes
14404,S04405,2025-12-13,Organic,Mobile,Australia,Pricing,15,1071,Yes,Checkout,Yes
14405,S04406,2025-05-19,Email,Tablet,India,Contact,13,473,No,Products,Yes
14406,S04407,2025-10-25,Referral,Mobile,Germany,Home,5,974,Yes,Pricing,No
14407,S04408,2025-11-04,Organic,Desktop,Germany,Services,5,29,No,Products,No
14408,S04409,2025-03-07,Social,Mobile,Canada,Blog,8,860,Yes,Products,Yes
14409,S04410,2025-11-01,Direct,Mobile,USA,Blog,6,545,Yes,Home,Yes
14410,S04411,2025-02-13,Social,Tablet,India,Home,10,1567,No,Products,Yes
14411,S04412,2025-02-25,Organic,Desktop,USA,Checkout,8,505,Yes,Blog,Yes
14412,S04413,2025-05-13,Referral,Desktop,Canada,Pricing,5,144,Yes,Home,No
14413,S04414,2025-09-25,Social,Mobile,Australia,Checkout,11,144,Yes,Products,No
14414,S04415,2025-09-28,Social,Desktop,UK,Products,6,1260,Yes,Pricing,Yes
14415,S04416,2025-05-05,Social,Tablet,Canada,Contact,9,1315,No,Contact,Yes
14416,S04417,2025-09-02,Organic,Desktop,USA,Checkout,8,1622,Yes,Checkout,Yes
14417,S04418,2025-08-09,Direct,Tablet,UK,Blog,3,350,Yes,Blog,No
14418,S04419,2025-01-22,Direct,Mobile,Australia,Pricing,6,31,Yes,Pricing,No
14419,S04420,2025-11-22,Organic,Desktop,UK,Checkout,1,1450,Yes,Blog,No
14420,S04421,2025-11-27,Social,Desktop,USA,Blog,7,148,No,Products,No
14421,S04422,2025-12-28,Social,Desktop,UK,Contact,14,1520,Yes,Contact,Yes
14422,S04423,2025-04-01,Direct,Mobile,Canada,Pricing,15,591,No,Pricing,Yes
14423,S04424,2025-12-28,Organic,Tablet,Canada,Blog,3,1492,No,Checkout,No
14424,S04425,2025-10-20,Direct,Tablet,USA,Services,14,558,Yes,Contact,Yes
14425,S04426,2025-10-28,Organic,Desktop,UK,Checkout,10,829,Yes,Contact,Yes
14426,S04427,2025-10-30,Direct,Tablet,UK,Products,13,1385,No,Pricing,Yes
14427,S04428,2025-06-21,Referral,Mobile,USA,Checkout,12,465,Yes,Products,Yes
14428,S04429,2025-09-04,Direct,Desktop,UK,Products,4,50,Yes,Home,No
14429,S04430,2025-08-05,Social,Mobile,USA,Products,3,481,No,Checkout,No
14430,S04431,2025-01-12,Email,Tablet,UK,Products,8,529,No,Products,Yes
14431,S04432,2025-04-28,Social,Mobile,UK,Home,1,505,Yes,Blog,No
14432,S04433,2025-05-08,Direct,Desktop,India,Checkout,1,267,Yes,Home,No
14433,S04434,2025-02-15,Social,Desktop,UK,Pricing,8,1461,No,Home,Yes
14434,S04435,2025-05-17,Organic,Desktop,USA,Products,13,1213,No,Services,Yes
14435,S04436,2025-02-06,Organic,Tablet,Australia,Products,7,635,No,Checkout,Yes
14436,S04437,2025-02-14,Direct,Desktop,USA,Pricing,6,1762,Yes,Blog,Yes
14437,S04438,2025-02-08,Email,Mobile,USA,Checkout,13,1068,No,Home,Yes
14438,S04439,2025-04-25,Social,Tablet,UK,Checkout,6,1475,Yes,Pricing,Yes
14439,S04440,2025-08-29,Organic,Desktop,Germany,Blog,12,1800,No,Services,Yes
14440,S04441,2025-07-20,Referral,Mobile,USA,Pricing,8,258,Yes,Services,No
14441,S04442,2025-01-09,Referral,Mobile,Germany,Blog,7,513,Yes,Checkout,Yes
14442,S04443,2025-12-10,Email,Tablet,UK,Contact,14,162,No,Products,No
14443,S04444,2025-01-05,Organic,Desktop,Canada,Home,6,279,No,Home,No
14444,S04445,2025-01-29,Social,Tablet,Australia,Contact,5,325,No,Pricing,No
14445,S04446,2025-12-08,Referral,Tablet,Canada,Blog,13,744,Yes,Services,Yes
14446,S04447,2025-04-21,Referral,Mobile,Australia,Home,4,1414,Yes,Home,No
14447,S04448,2025-05-26,Referral,Tablet,India,Checkout,1,171,Yes,Home,No
14448,S04449,2025-11-04,Direct,Desktop,Australia,Pricing,12,453,Yes,Pricing,Yes
14449,S04450,2025-01-20,Social,Desktop,Germany,Home,10,434,No,Products,Yes
14450,S04451,2025-02-28,Referral,Tablet,Canada,Contact,9,1081,No,Home,Yes
14451,S04452,2025-12-17,Social,Desktop,Australia,Home,9,1683,No,Contact,Yes
14452,S04453,2025-10-30,Referral,Desktop,Canada,Checkout,1,1363,Yes,Pricing,No
14453,S04454,2025-03-24,Referral,Desktop,USA,Pricing,9,1563,Yes,Home,Yes
14454,S04455,2026-01-01,Referral,Mobile,India,Contact,8,329,Yes,Contact,Yes
14455,S04456,2025-05-29,Referral,Mobile,Germany,Products,11,1781,No,Products,Yes
14456,S04457,2025-05-25,Organic,Desktop,Australia,Products,6,870,Yes,Pricing,Yes
14457,S04458,2025-07-24,Email,Desktop,Australia,Checkout,4,111,No,Home,No
14458,S04459,2025-06-27,Social,Tablet,Australia,Products,11,532,No,Blog,Yes
14459,S04460,2025-05-14,Referral,Desktop,UK,Pricing,15,172,Yes,Blog,No
14460,S04461,2025-09-21,Referral,Desktop,UK,Home,7,1088,No,Checkout,Yes
14461,S04462,2025-02-13,Referral,Desktop,UK,Blog,8,216,Yes,Services,No
14462,S04463,2025-07-07,Referral,Mobile,UK,Products,11,1254,Yes,Pricing,Yes
14463,S04464,2025-12-02,Referral,Mobile,Australia,Products,1,1291,Yes,Home,No
14464,S04465,2025-03-10,Social,Tablet,UK,Blog,12,76,No,Checkout,No
14465,S04466,2025-05-03,Referral,Tablet,Canada,Blog,13,448,Yes,Home,Yes
14466,S04467,2025-02-20,Referral,Desktop,Germany,Pricing,11,419,No,Home,Yes
14467,S04468,2025-03-24,Referral,Mobile,UK,Services,10,1613,No,Contact,Yes
14468,S04469,2025-02-22,Direct,Desktop,Germany,Home,3,35,Yes,Services,No
14469,S04470,2025-06-22,Social,Mobile,Germany,Home,14,604,No,Services,Yes
14470,S04471,2025-09-17,Organic,Tablet,Australia,Pricing,10,74,Yes,Pricing,No
14471,S04472,2025-07-25,Referral,Mobile,Australia,Pricing,14,1025,No,Products,Yes
14472,S04473,2025-02-19,Referral,Mobile,India,Products,5,783,No,Products,No
14473,S04474,2025-12-10,Organic,Mobile,India,Pricing,9,460,Yes,Services,Yes
14474,S04475,2025-03-22,Email,Desktop,Australia,Products,4,650,Yes,Blog,No
14475,S04476,2025-05-23,Organic,Desktop,Australia,Pricing,12,1472,No,Services,Yes
14476,S04477,2025-07-18,Direct,Tablet,Australia,Blog,5,856,Yes,Services,No
14477,S04478,2025-11-07,Referral,Mobile,USA,Services,2,1078,Yes,Blog,No
14478,S04479,2025-11-20,Referral,Mobile,India,Products,13,680,Yes,Products,Yes
14479,S04480,2025-04-25,Social,Mobile,UK,Blog,1,275,Yes,Contact,No
14480,S04481,2025-02-22,Direct,Desktop,India,Contact,8,934,No,Pricing,Yes
14481,S04482,2025-01-23,Social,Mobile,Australia,Checkout,10,1518,Yes,Checkout,Yes
14482,S04483,2025-01-07,Social,Mobile,Canada,Blog,14,1048,No,Home,Yes
14483,S04484,2025-02-28,Direct,Mobile,Australia,Products,12,1120,No,Pricing,Yes
14484,S04485,2025-05-22,Referral,Tablet,Australia,Home,9,611,No,Checkout,Yes
14485,S04486,2025-02-12,Social,Mobile,Canada,Blog,4,862,No,Checkout,No
14486,S04487,2025-05-25,Social,Desktop,USA,Home,9,1669,Yes,Products,Yes
14487,S04488,2025-12-22,Email,Mobile,UK,Pricing,13,541,No,Products,Yes
14488,S04489,2025-05-06,Referral,Mobile,Canada,Home,12,154,No,Services,No
14489,S04490,2025-02-07,Organic,Tablet,India,Contact,1,473,Yes,Products,No
14490,S04491,2025-07-14,Email,Mobile,UK,Checkout,7,1400,Yes,Pricing,Yes
14491,S04492,2025-12-09,Email,Desktop,India,Blog,13,519,Yes,Home,Yes
14492,S04493,2025-02-17,Email,Tablet,Germany,Home,5,940,Yes,Checkout,No
14493,S04494,2025-11-12,Direct,Tablet,UK,Checkout,10,1657,No,Contact,Yes
14494,S04495,2025-03-15,Social,Tablet,Canada,Blog,11,1237,Yes,Services,Yes
14495,S04496,2025-04-23,Social,Mobile,UK,Home,2,102,Yes,Checkout,No
14496,S04497,2025-02-23,Organic,Tablet,Germany,Home,2,1066,No,Home,No
14497,S04498,2025-12-24,Direct,Mobile,UK,Contact,6,185,Yes,Blog,No
14498,S04499,2025-12-09,Organic,Desktop,UK,Blog,14,1212,Yes,Pricing,Yes
14499,S04500,2025-01-01,Email,Tablet,UK,Checkout,6,858,Yes,Checkout,Yes
14500,S04501,2025-08-21,Organic,Desktop,Germany,Checkout,15,801,No,Pricing,Yes
14501,S04502,2025-01-12,Direct,Mobile,UK,Checkout,4,151,No,Checkout,No
14502,S04503,2025-05-20,Social,Desktop,USA,Checkout,15,808,Yes,Blog,Yes
14503,S04504,2025-08-30,Email,Desktop,India,Blog,6,1364,No,Home,Yes
14504,S04505,2025-08-19,Social,Desktop,Australia,Contact,4,449,No,Home,No
14505,S04506,2025-05-07,Email,Mobile,Germany,Products,10,480,No,Contact,Yes
14506,S04507,2025-02-15,Direct,Tablet,Canada,Services,10,601,Yes,Home,Yes
14507,S04508,2025-01-09,Direct,Mobile,Canada,Checkout,14,799,No,Services,Yes
14508,S04509,2025-12-26,Email,Mobile,UK,Blog,4,143,No,Products,No
14509,S04510,2025-01-19,Organic,Mobile,Australia,Pricing,2,1413,No,Contact,No
14510,S04511,2025-07-28,Organic,Mobile,UK,Products,6,614,No,Home,Yes
14511,S04512,2025-01-11,Organic,Desktop,Canada,Services,7,601,No,Blog,Yes
14512,S04513,2025-10-15,Referral,Tablet,Germany,Pricing,10,625,No,Pricing,Yes
14513,S04514,2025-02-05,Referral,Mobile,Germany,Products,5,1068,No,Checkout,No
14514,S04515,2025-01-28,Referral,Desktop,India,Checkout,2,61,Yes,Blog,No
14515,S04516,2025-04-24,Referral,Desktop,Australia,Services,8,1577,Yes,Checkout,Yes
14516,S04517,2025-01-19,Referral,Tablet,India,Home,4,1680,Yes,Blog,No
14517,S04518,2025-12-27,Referral,Mobile,India,Services,2,1185,Yes,Products,No
14518,S04519,2025-05-18,Social,Desktop,India,Checkout,15,200,No,Services,No
14519,S04520,2025-08-05,Referral,Desktop,USA,Products,14,1222,Yes,Contact,Yes
14520,S04521,2025-06-05,Email,Tablet,Canada,Contact,11,1072,No,Services,Yes
14521,S04522,2025-10-18,Organic,Desktop,Germany,Home,3,478,Yes,Contact,No
14522,S04523,2025-05-05,Organic,Mobile,UK,Pricing,4,747,Yes,Blog,No
14523,S04524,2025-06-28,Direct,Tablet,Canada,Contact,11,837,Yes,Contact,Yes
14524,S04525,2025-11-28,Referral,Mobile,India,Blog,10,988,Yes,Pricing,Yes
14525,S04526,2025-08-07,Direct,Desktop,Australia,Blog,14,631,Yes,Products,Yes
14526,S04527,2025-10-14,Social,Tablet,Canada,Checkout,13,1538,No,Contact,Yes
14527,S04528,2025-11-15,Direct,Desktop,Germany,Checkout,4,1721,No,Pricing,No
14528,S04529,2025-02-17,Social,Tablet,India,Products,8,1369,No,Pricing,Yes
14529,S04530,2025-03-05,Referral,Tablet,Canada,Blog,4,1630,Yes,Blog,No
14530,S04531,2025-07-06,Email,Tablet,India,Blog,1,758,Yes,Checkout,No
14531,S04532,2025-06-13,Referral,Tablet,USA,Home,4,1699,Yes,Blog,No
14532,S04533,2025-01-13,Referral,Tablet,Australia,Pricing,3,704,Yes,Services,No
14533,S04534,2025-07-21,Social,Desktop,USA,Checkout,13,548,No,Home,Yes
14534,S04535,2025-12-06,Social,Desktop,Canada,Home,2,616,Yes,Pricing,No
14535,S04536,2025-05-09,Direct,Desktop,Germany,Checkout,12,496,Yes,Contact,Yes
14536,S04537,2025-07-23,Email,Mobile,UK,Services,9,819,Yes,Pricing,Yes
14537,S04538,2025-11-29,Organic,Desktop,India,Pricing,14,1755,Yes,Blog,Yes
14538,S04539,2025-01-25,Organic,Mobile,Germany,Checkout,1,24,Yes,Contact,No
14539,S04540,2025-06-17,Referral,Mobile,Canada,Home,1,180,Yes,Checkout,No
14540,S04541,2025-04-09,Email,Desktop,UK,Checkout,10,951,Yes,Products,Yes
14541,S04542,2025-04-29,Organic,Mobile,Germany,Contact,2,1761,Yes,Contact,No
14542,S04543,2025-09-29,Social,Tablet,Canada,Checkout,13,405,Yes,Checkout,Yes
14543,S04544,2025-12-29,Email,Desktop,Canada,Products,11,1416,Yes,Contact,Yes
14544,S04545,2025-02-07,Organic,Desktop,Germany,Services,15,456,Yes,Blog,Yes
14545,S04546,2025-11-18,Direct,Tablet,Canada,Checkout,11,964,No,Services,Yes
14546,S04547,2025-02-05,Email,Mobile,USA,Home,12,868,Yes,Products,Yes
14547,S04548,2025-04-20,Organic,Tablet,Germany,Blog,1,851,Yes,Checkout,No
14548,S04549,2025-09-04,Referral,Mobile,Germany,Contact,5,258,Yes,Checkout,No
14549,S04550,2025-04-08,Referral,Desktop,India,Contact,1,328,Yes,Contact,No
14550,S04551,2025-05-03,Referral,Tablet,USA,Services,7,1254,Yes,Blog,Yes
14551,S04552,2025-08-11,Social,Mobile,USA,Products,14,957,Yes,Checkout,Yes
14552,S04553,2025-02-04,Email,Tablet,USA,Contact,10,1374,Yes,Services,Yes
14553,S04554,2025-10-01,Direct,Tablet,Canada,Checkout,3,1624,No,Home,No
14554,S04555,2025-11-05,Direct,Desktop,Australia,Services,3,789,No,Checkout,No
14555,S04556,2025-04-06,Social,Mobile,Australia,Blog,14,348,No,Services,Yes
14556,S04557,2025-09-24,Social,Mobile,Germany,Contact,5,1410,No,Checkout,No
14557,S04558,2025-10-05,Referral,Tablet,India,Checkout,12,1504,Yes,Home,Yes
14558,S04559,2025-04-24,Direct,Mobile,Canada,Services,5,1613,Yes,Pricing,No
14559,S04560,2025-01-13,Social,Tablet,Canada,Blog,12,1074,Yes,Checkout,Yes
14560,S04561,2025-12-26,Social,Tablet,Germany,Contact,6,659,Yes,Checkout,Yes
14561,S04562,2025-12-24,Direct,Desktop,Australia,Blog,11,805,Yes,Products,Yes
14562,S04563,2025-10-23,Organic,Tablet,USA,Home,15,739,No,Blog,Yes
14563,S04564,2025-03-28,Organic,Desktop,USA,Contact,4,968,No,Blog,No
14564,S04565,2025-04-21,Direct,Mobile,UK,Pricing,12,56,No,Home,No
14565,S04566,2025-01-04,Direct,Tablet,UK,Services,9,1640,No,Blog,Yes
14566,S04567,2025-08-22,Email,Mobile,Australia,Checkout,13,475,No,Blog,Yes
14567,S04568,2025-06-11,Social,Mobile,Australia,Contact,14,1195,Yes,Services,Yes
14568,S04569,2025-05-18,Organic,Mobile,India,Blog,12,934,Yes,Blog,Yes
14569,S04570,2025-01-07,Direct,Tablet,Australia,Blog,15,943,Yes,Services,Yes
14570,S04571,2025-08-26,Referral,Mobile,India,Products,7,1347,No,Pricing,Yes
14571,S04572,2025-03-24,Direct,Mobile,India,Checkout,5,1505,Yes,Pricing,No
14572,S04573,2025-07-23,Direct,Mobile,Germany,Pricing,1,750,Yes,Contact,No
14573,S04574,2025-03-27,Social,Tablet,Australia,Products,3,1193,No,Products,No
14574,S04575,2025-03-29,Organic,Mobile,Canada,Contact,15,1727,Yes,Home,Yes
14575,S04576,2025-08-14,Direct,Tablet,Canada,Services,3,1313,No,Pricing,No
14576,S04577,2025-04-05,Organic,Desktop,USA,Home,6,315,Yes,Pricing,Yes
14577,S04578,2025-01-12,Email,Desktop,USA,Pricing,8,1740,No,Services,Yes
14578,S04579,2025-02-05,Referral,Tablet,Germany,Products,14,1389,No,Pricing,Yes
14579,S04580,2025-04-18,Referral,Desktop,India,Products,12,890,No,Services,Yes
14580,S04581,2025-12-17,Organic,Mobile,UK,Home,6,197,Yes,Pricing,No
14581,S04582,2025-06-05,Email,Desktop,Germany,Products,2,1276,Yes,Blog,No
14582,S04583,2025-04-17,Organic,Mobile,USA,Blog,15,364,Yes,Blog,Yes
14583,S04584,2025-05-04,Social,Mobile,USA,Contact,3,274,Yes,Home,No
14584,S04585,2025-12-09,Social,Tablet,USA,Checkout,12,399,No,Products,Yes
14585,S04586,2025-04-15,Email,Mobile,Canada,Checkout,8,687,Yes,Checkout,Yes
14586,S04587,2025-11-07,Organic,Desktop,Germany,Blog,9,71,Yes,Home,No
14587,S04588,2025-08-07,Email,Desktop,Australia,Blog,7,1730,No,Home,Yes
14588,S04589,2025-01-01,Social,Desktop,UK,Services,4,432,Yes,Home,No
14589,S04590,2025-08-12,Referral,Desktop,Australia,Blog,7,213,Yes,Home,No
14590,S04591,2025-05-28,Social,Tablet,UK,Pricing,11,1129,Yes,Home,Yes
14591,S04592,2025-12-02,Organic,Desktop,Canada,Services,6,1502,Yes,Pricing,Yes
14592,S04593,2025-12-21,Direct,Tablet,India,Pricing,7,1710,Yes,Services,Yes
14593,S04594,2025-07-03,Organic,Desktop,India,Contact,2,253,No,Pricing,No
14594,S04595,2025-08-01,Organic,Tablet,Germany,Checkout,10,1454,Yes,Home,Yes
14595,S04596,2025-03-25,Social,Desktop,USA,Contact,6,1723,Yes,Contact,Yes
14596,S04597,2025-12-05,Email,Mobile,UK,Pricing,3,282,Yes,Blog,No
14597,S04598,2025-11-22,Social,Mobile,UK,Services,11,921,Yes,Contact,Yes
14598,S04599,2025-06-06,Referral,Desktop,USA,Services,14,1470,Yes,Pricing,Yes
14599,S04600,2025-02-24,Organic,Mobile,UK,Checkout,6,105,Yes,Checkout,No
14600,S04601,2025-09-17,Referral,Mobile,Canada,Blog,6,664,Yes,Blog,Yes
14601,S04602,2025-02-12,Referral,Desktop,Australia,Pricing,1,462,Yes,Home,No
14602,S04603,2025-05-11,Social,Tablet,Australia,Home,4,50,No,Home,No
14603,S04604,2025-08-10,Organic,Desktop,USA,Products,14,1123,Yes,Services,Yes
14604,S04605,2025-12-21,Social,Tablet,Germany,Services,12,682,Yes,Home,Yes
14605,S04606,2025-06-30,Email,Desktop,Canada,Services,6,1518,No,Blog,Yes
14606,S04607,2025-02-15,Organic,Tablet,USA,Checkout,10,1253,No,Pricing,Yes
14607,S04608,2025-04-25,Organic,Tablet,UK,Checkout,13,1132,No,Blog,Yes
14608,S04609,2025-08-15,Social,Desktop,Germany,Home,7,302,Yes,Blog,Yes
14609,S04610,2025-10-19,Social,Tablet,Australia,Blog,1,1135,Yes,Home,No
14610,S04611,2025-02-25,Social,Tablet,USA,Products,13,1559,Yes,Checkout,Yes
14611,S04612,2025-07-14,Email,Tablet,Canada,Home,4,422,Yes,Pricing,No
14612,S04613,2025-08-23,Referral,Tablet,Germany,Home,4,567,Yes,Contact,No
14613,S04614,2025-10-23,Email,Tablet,Australia,Contact,9,1311,Yes,Home,Yes
14614,S04615,2025-05-24,Referral,Mobile,Germany,Home,11,1025,Yes,Contact,Yes
14615,S04616,2025-11-06,Referral,Tablet,Australia,Products,14,1181,No,Home,Yes
14616,S04617,2025-12-23,Referral,Mobile,USA,Products,11,682,No,Contact,Yes
14617,S04618,2025-12-13,Social,Mobile,Australia,Services,9,1073,No,Pricing,Yes
14618,S04619,2025-10-07,Social,Mobile,Australia,Blog,11,224,No,Contact,No
14619,S04620,2025-12-31,Email,Mobile,Germany,Home,4,114,No,Products,No
14620,S04621,2025-05-26,Email,Tablet,Australia,Checkout,8,1212,No,Checkout,Yes
14621,S04622,2025-08-25,Social,Desktop,UK,Home,5,650,Yes,Blog,No
14622,S04623,2025-03-29,Referral,Mobile,Canada,Contact,7,1200,No,Services,Yes
14623,S04624,2025-06-02,Referral,Desktop,Australia,Home,11,485,No,Home,Yes
14624,S04625,2025-05-13,Direct,Desktop,Australia,Contact,15,1649,Yes,Pricing,Yes
14625,S04626,2025-11-17,Email,Tablet,India,Blog,9,684,No,Services,Yes
14626,S04627,2025-06-10,Referral,Tablet,USA,Contact,9,1761,No,Services,Yes
14627,S04628,2025-10-10,Organic,Desktop,Canada,Pricing,7,1373,No,Checkout,Yes
14628,S04629,2025-12-13,Organic,Desktop,Germany,Products,4,637,Yes,Blog,No
14629,S04630,2025-02-20,Referral,Desktop,Canada,Home,11,1382,Yes,Services,Yes
14630,S04631,2025-11-25,Organic,Desktop,Australia,Pricing,11,62,Yes,Blog,No
14631,S04632,2025-03-18,Direct,Mobile,Germany,Contact,10,330,No,Services,Yes
14632,S04633,2025-04-07,Referral,Tablet,Australia,Pricing,1,493,Yes,Services,No
14633,S04634,2025-06-20,Organic,Tablet,USA,Products,3,1145,Yes,Checkout,No
14634,S04635,2025-12-16,Referral,Desktop,USA,Products,3,1692,No,Products,No
14635,S04636,2025-12-10,Social,Mobile,UK,Pricing,6,1432,No,Products,Yes
14636,S04637,2025-12-20,Organic,Mobile,USA,Products,5,1226,Yes,Services,No
14637,S04638,2025-02-08,Social,Desktop,Australia,Services,8,1007,Yes,Pricing,Yes
14638,S04639,2025-07-02,Social,Desktop,UK,Contact,4,1464,No,Home,No
14639,S04640,2025-01-19,Organic,Desktop,India,Blog,15,314,No,Home,Yes
14640,S04641,2025-06-08,Social,Desktop,Australia,Services,4,866,No,Checkout,No
14641,S04642,2025-03-23,Organic,Tablet,Australia,Products,7,237,Yes,Contact,No
14642,S04643,2025-12-13,Organic,Desktop,UK,Home,3,988,No,Contact,No
14643,S04644,2025-03-20,Direct,Mobile,Australia,Contact,7,221,Yes,Contact,No
14644,S04645,2025-01-14,Social,Desktop,UK,Services,12,1304,No,Pricing,Yes
14645,S04646,2025-05-08,Organic,Desktop,UK,Services,12,732,No,Checkout,Yes
14646,S04647,2025-06-20,Organic,Mobile,Canada,Products,6,1199,No,Blog,Yes
14647,S04648,2025-09-13,Referral,Tablet,Australia,Checkout,1,1033,Yes,Contact,No
14648,S04649,2025-04-21,Direct,Tablet,USA,Blog,5,1635,No,Checkout,No
14649,S04650,2025-11-04,Organic,Desktop,Germany,Checkout,4,1190,No,Home,No
14650,S04651,2025-04-02,Direct,Desktop,Australia,Blog,1,1074,Yes,Contact,No
14651,S04652,2025-03-14,Referral,Tablet,India,Products,11,1688,Yes,Products,Yes
14652,S04653,2025-08-16,Social,Desktop,Germany,Home,1,1165,Yes,Blog,No
14653,S04654,2025-11-07,Organic,Desktop,Germany,Blog,2,947,Yes,Contact,No
14654,S04655,2025-12-14,Organic,Mobile,India,Home,2,707,Yes,Pricing,No
14655,S04656,2025-05-10,Social,Tablet,India,Blog,14,437,No,Pricing,Yes
14656,S04657,2025-02-28,Referral,Mobile,Germany,Home,8,345,Yes,Contact,Yes
14657,S04658,2025-12-18,Direct,Tablet,Germany,Contact,4,1556,Yes,Contact,No
14658,S04659,2025-10-23,Referral,Tablet,Australia,Products,10,332,Yes,Home,Yes
14659,S04660,2025-04-25,Organic,Desktop,India,Products,14,700,Yes,Blog,Yes
14660,S04661,2025-01-29,Email,Mobile,USA,Pricing,1,1783,Yes,Products,No
14661,S04662,2025-08-16,Social,Mobile,Canada,Checkout,11,958,Yes,Services,Yes
14662,S04663,2025-10-14,Social,Desktop,Germany,Pricing,5,1280,No,Checkout,No
14663,S04664,2025-03-16,Organic,Desktop,USA,Products,3,1131,Yes,Contact,No
14664,S04665,2025-12-22,Organic,Mobile,USA,Blog,11,1071,Yes,Services,Yes
14665,S04666,2025-12-27,Referral,Desktop,Australia,Pricing,5,861,No,Products,No
14666,S04667,2025-09-09,Referral,Mobile,Australia,Blog,12,564,Yes,Contact,Yes
14667,S04668,2025-05-16,Referral,Mobile,Germany,Contact,7,1710,No,Checkout,Yes
14668,S04669,2025-07-05,Referral,Mobile,Canada,Pricing,6,372,No,Contact,Yes
14669,S04670,2025-09-11,Email,Tablet,UK,Home,5,971,No,Home,No
14670,S04671,2025-12-24,Email,Desktop,Canada,Services,13,1437,No,Blog,Yes
14671,S04672,2025-01-28,Referral,Mobile,USA,Pricing,8,1598,No,Products,Yes
14672,S04673,2025-03-21,Referral,Tablet,India,Checkout,9,637,Yes,Pricing,Yes
14673,S04674,2025-07-25,Organic,Tablet,Germany,Checkout,13,310,No,Services,Yes
14674,S04675,2025-01-14,Organic,Desktop,USA,Checkout,2,906,No,Home,No
14675,S04676,2025-08-06,Organic,Desktop,Canada,Contact,11,1066,No,Pricing,Yes
14676,S04677,2025-04-14,Organic,Tablet,Germany,Blog,9,31,No,Services,No
14677,S04678,2025-10-23,Social,Tablet,India,Products,8,1791,No,Pricing,Yes
14678,S04679,2025-03-05,Direct,Desktop,USA,Pricing,9,400,No,Products,Yes
14679,S04680,2025-12-18,Social,Mobile,Canada,Checkout,6,1386,Yes,Home,Yes
14680,S04681,2025-02-13,Email,Tablet,Germany,Services,10,1246,Yes,Pricing,Yes
14681,S04682,2025-12-26,Organic,Desktop,India,Contact,8,15,No,Blog,No
14682,S04683,2025-07-07,Direct,Mobile,Canada,Blog,14,220,Yes,Contact,No
14683,S04684,2025-05-27,Organic,Desktop,USA,Products,1,975,Yes,Blog,No
14684,S04685,2025-07-10,Referral,Tablet,Canada,Blog,9,1195,Yes,Contact,Yes
14685,S04686,2025-07-31,Organic,Tablet,India,Services,15,611,Yes,Home,Yes
14686,S04687,2025-10-20,Organic,Mobile,Germany,Blog,1,1707,Yes,Home,No
14687,S04688,2025-09-12,Email,Tablet,UK,Home,14,227,Yes,Home,No
14688,S04689,2025-03-18,Social,Tablet,UK,Pricing,6,108,No,Products,No
14689,S04690,2025-11-17,Direct,Tablet,Germany,Pricing,11,1571,Yes,Home,Yes
14690,S04691,2025-12-12,Direct,Tablet,Canada,Services,2,34,No,Services,No
14691,S04692,2025-12-12,Social,Tablet,USA,Checkout,11,953,No,Services,Yes
14692,S04693,2025-08-20,Social,Desktop,USA,Services,10,1785,Yes,Blog,Yes
14693,S04694,2025-12-15,Email,Tablet,UK,Contact,11,1398,Yes,Home,Yes
14694,S04695,2025-07-27,Social,Mobile,UK,Checkout,5,180,Yes,Blog,No
14695,S04696,2025-12-15,Social,Mobile,USA,Products,5,90,No,Checkout,No
14696,S04697,2025-04-28,Referral,Desktop,Canada,Contact,10,1581,No,Blog,Yes
14697,S04698,2025-12-13,Referral,Mobile,Australia,Services,9,245,No,Blog,No
14698,S04699,2025-08-23,Social,Tablet,Germany,Home,13,191,No,Pricing,No
14699,S04700,2025-07-20,Email,Tablet,India,Services,5,1270,No,Pricing,No
14700,S04701,2025-09-21,Organic,Mobile,UK,Pricing,10,81,No,Products,No
14701,S04702,2025-01-24,Social,Desktop,UK,Services,5,1514,No,Home,No
14702,S04703,2025-10-23,Email,Desktop,USA,Products,10,1274,No,Services,Yes
14703,S04704,2025-06-12,Direct,Desktop,Germany,Pricing,13,508,Yes,Home,Yes
14704,S04705,2025-02-16,Organic,Tablet,Australia,Services,15,248,Yes,Pricing,No
14705,S04706,2025-12-13,Referral,Tablet,Australia,Pricing,5,850,No,Pricing,No
14706,S04707,2025-03-26,Organic,Mobile,UK,Checkout,4,1686,No,Home,No
14707,S04708,2025-04-18,Organic,Tablet,Canada,Contact,9,1373,Yes,Contact,Yes
14708,S04709,2025-09-30,Organic,Mobile,USA,Products,5,1429,No,Services,No
14709,S04710,2025-11-12,Referral,Tablet,USA,Home,3,718,No,Checkout,No
14710,S04711,2025-10-07,Direct,Tablet,Australia,Checkout,6,617,No,Checkout,Yes
14711,S04712,2025-02-22,Email,Mobile,India,Checkout,9,1780,No,Blog,Yes
14712,S04713,2025-11-08,Email,Desktop,Canada,Services,11,533,No,Home,Yes
14713,S04714,2025-10-26,Direct,Desktop,India,Blog,5,367,No,Contact,No
14714,S04715,2025-04-03,Organic,Desktop,Canada,Home,8,1636,No,Products,Yes
14715,S04716,2025-10-02,Organic,Desktop,UK,Checkout,8,698,Yes,Pricing,Yes
14716,S04717,2025-08-05,Referral,Desktop,Australia,Pricing,14,380,No,Pricing,Yes
14717,S04718,2025-08-25,Referral,Desktop,UK,Services,9,1084,No,Pricing,Yes
14718,S04719,2025-05-31,Organic,Mobile,UK,Home,5,935,Yes,Pricing,No
14719,S04720,2025-10-25,Direct,Desktop,India,Contact,15,288,No,Pricing,No
14720,S04721,2025-12-23,Referral,Desktop,Germany,Home,7,382,Yes,Services,Yes
14721,S04722,2025-09-22,Email,Mobile,India,Products,7,520,No,Checkout,Yes
14722,S04723,2025-05-31,Referral,Tablet,USA,Blog,9,596,No,Blog,Yes
14723,S04724,2025-07-04,Referral,Tablet,Canada,Products,2,153,Yes,Contact,No
14724,S04725,2025-02-01,Referral,Mobile,Germany,Blog,15,501,No,Pricing,Yes
14725,S04726,2025-01-16,Social,Mobile,India,Blog,5,1071,Yes,Products,No
14726,S04727,2025-08-19,Social,Mobile,USA,Home,12,277,Yes,Checkout,No
14727,S04728,2025-04-01,Referral,Mobile,Australia,Blog,8,1392,Yes,Services,Yes
14728,S04729,2025-06-30,Referral,Mobile,India,Checkout,5,945,Yes,Products,No
14729,S04730,2025-04-18,Email,Tablet,India,Blog,11,166,Yes,Pricing,No
14730,S04731,2025-10-04,Organic,Desktop,Canada,Home,15,1009,No,Contact,Yes
14731,S04732,2025-06-27,Email,Tablet,UK,Pricing,15,621,No,Blog,Yes
14732,S04733,2025-08-10,Social,Tablet,UK,Home,4,734,Yes,Products,No
14733,S04734,2025-10-10,Email,Mobile,UK,Products,11,1760,Yes,Products,Yes
14734,S04735,2025-09-25,Email,Desktop,Canada,Pricing,15,1367,Yes,Services,Yes
14735,S04736,2025-05-20,Referral,Tablet,Germany,Pricing,14,1266,No,Products,Yes
14736,S04737,2025-03-22,Email,Desktop,Canada,Home,9,1037,No,Products,Yes
14737,S04738,2025-02-10,Direct,Tablet,USA,Checkout,1,506,Yes,Pricing,No
14738,S04739,2025-08-24,Organic,Tablet,USA,Products,9,1147,Yes,Home,Yes
14739,S04740,2025-08-10,Referral,Tablet,Canada,Services,4,1786,Yes,Checkout,No
14740,S04741,2025-09-04,Email,Desktop,USA,Blog,8,1797,No,Products,Yes
14741,S04742,2025-09-28,Referral,Tablet,Canada,Home,8,304,Yes,Products,Yes
14742,S04743,2025-09-05,Referral,Tablet,USA,Checkout,1,1045,Yes,Services,No
14743,S04744,2025-01-04,Referral,Mobile,Germany,Pricing,8,173,Yes,Checkout,No
14744,S04745,2025-11-23,Social,Tablet,Germany,Services,4,554,No,Products,No
14745,S04746,2025-03-30,Direct,Tablet,USA,Checkout,6,880,No,Blog,Yes
14746,S04747,2025-01-19,Organic,Desktop,UK,Products,11,1471,No,Pricing,Yes
14747,S04748,2025-10-27,Referral,Mobile,India,Products,6,1455,No,Products,Yes
14748,S04749,2025-12-09,Direct,Mobile,Australia,Services,12,1312,No,Home,Yes
14749,S04750,2025-03-25,Social,Mobile,Germany,Products,5,1462,No,Services,No
14750,S04751,2025-07-30,Email,Tablet,Germany,Checkout,6,604,Yes,Pricing,Yes
14751,S04752,2025-08-23,Organic,Desktop,India,Home,13,931,No,Blog,Yes
14752,S04753,2025-02-05,Social,Tablet,Canada,Contact,9,1110,No,Blog,Yes
14753,S04754,2025-08-24,Direct,Tablet,Canada,Checkout,14,1330,No,Blog,Yes
14754,S04755,2025-06-02,Social,Tablet,Germany,Services,10,30,No,Blog,No
14755,S04756,2025-04-17,Direct,Tablet,USA,Pricing,12,477,Yes,Contact,Yes
14756,S04757,2025-10-06,Email,Desktop,UK,Pricing,3,590,No,Contact,No
14757,S04758,2025-01-06,Referral,Mobile,USA,Contact,8,69,No,Services,No
14758,S04759,2025-10-31,Social,Mobile,Canada,Services,10,1730,Yes,Blog,Yes
14759,S04760,2025-11-22,Email,Tablet,UK,Products,7,59,Yes,Home,No
14760,S04761,2025-01-25,Direct,Mobile,Australia,Pricing,3,1481,Yes,Contact,No
14761,S04762,2025-09-16,Referral,Mobile,Canada,Products,2,504,Yes,Products,No
14762,S04763,2025-10-09,Email,Mobile,UK,Pricing,6,878,Yes,Home,Yes
14763,S04764,2025-01-09,Organic,Desktop,USA,Products,9,1389,No,Services,Yes
14764,S04765,2025-04-12,Social,Desktop,Canada,Home,14,1665,Yes,Contact,Yes
14765,S04766,2025-09-09,Direct,Tablet,Canada,Home,11,931,No,Blog,Yes
14766,S04767,2025-08-09,Email,Desktop,Canada,Contact,6,1255,No,Services,Yes
14767,S04768,2025-10-18,Social,Tablet,Australia,Services,8,707,No,Home,Yes
14768,S04769,2025-06-15,Direct,Tablet,Germany,Blog,15,711,Yes,Pricing,Yes
14769,S04770,2025-02-12,Referral,Mobile,UK,Pricing,12,1303,No,Checkout,Yes
14770,S04771,2025-10-14,Direct,Tablet,UK,Products,5,162,No,Products,No
14771,S04772,2025-12-06,Social,Mobile,India,Blog,12,1757,Yes,Checkout,Yes
14772,S04773,2025-07-21,Social,Mobile,India,Pricing,13,162,Yes,Home,No
14773,S04774,2025-07-11,Referral,Desktop,Germany,Services,5,1714,No,Products,No
14774,S04775,2025-04-15,Organic,Tablet,USA,Blog,1,1656,Yes,Contact,No
14775,S04776,2025-11-15,Social,Desktop,USA,Home,7,1576,Yes,Services,Yes
14776,S04777,2025-07-05,Direct,Mobile,Germany,Home,1,396,Yes,Checkout,No
14777,S04778,2025-05-26,Social,Mobile,Germany,Contact,3,1521,Yes,Pricing,No
14778,S04779,2025-08-12,Direct,Desktop,Germany,Checkout,4,1592,Yes,Pricing,No
14779,S04780,2025-04-01,Organic,Tablet,India,Services,5,194,Yes,Services,No
14780,S04781,2025-06-12,Email,Tablet,India,Contact,8,1180,Yes,Services,Yes
14781,S04782,2025-09-02,Email,Desktop,India,Products,15,1683,Yes,Products,Yes
14782,S04783,2025-07-28,Organic,Mobile,Australia,Pricing,6,629,Yes,Checkout,Yes
14783,S04784,2025-06-04,Direct,Desktop,Australia,Contact,2,427,No,Blog,No
14784,S04785,2025-04-20,Email,Tablet,Australia,Blog,2,423,Yes,Blog,No
14785,S04786,2025-08-01,Organic,Mobile,Canada,Products,7,1129,No,Checkout,Yes
14786,S04787,2025-03-01,Direct,Mobile,USA,Pricing,3,247,Yes,Contact,No
14787,S04788,2025-09-15,Organic,Mobile,India,Home,12,427,No,Pricing,Yes
14788,S04789,2025-10-14,Organic,Mobile,Australia,Pricing,14,635,Yes,Pricing,Yes
14789,S04790,2025-09-28,Organic,Tablet,Canada,Contact,9,1330,No,Services,Yes
14790,S04791,2025-03-22,Direct,Mobile,Australia,Home,13,748,Yes,Pricing,Yes
14791,S04792,2025-12-10,Direct,Mobile,UK,Blog,3,153,Yes,Home,No
14792,S04793,2025-04-30,Referral,Tablet,Canada,Blog,8,320,Yes,Services,Yes
14793,S04794,2025-12-23,Organic,Desktop,India,Home,15,1467,Yes,Contact,Yes
14794,S04795,2025-02-17,Email,Mobile,Australia,Checkout,9,1163,No,Services,Yes
14795,S04796,2025-01-16,Organic,Mobile,Germany,Products,1,667,Yes,Checkout,No
14796,S04797,2025-05-08,Social,Desktop,Australia,Services,3,56,No,Home,No
14797,S04798,2025-05-12,Email,Desktop,Canada,Services,8,166,Yes,Checkout,No
14798,S04799,2025-08-21,Social,Tablet,USA,Services,12,1025,No,Products,Yes
14799,S04800,2025-07-13,Direct,Mobile,Canada,Home,4,164,Yes,Contact,No
14800,S04801,2025-09-15,Organic,Mobile,Germany,Checkout,8,1325,Yes,Services,Yes
14801,S04802,2025-08-14,Organic,Mobile,Australia,Pricing,13,1423,No,Checkout,Yes
14802,S04803,2025-01-31,Referral,Desktop,Canada,Home,13,431,Yes,Services,Yes
14803,S04804,2025-05-24,Referral,Tablet,Canada,Blog,10,1254,Yes,Checkout,Yes
14804,S04805,2025-05-07,Direct,Tablet,Canada,Home,12,290,Yes,Blog,No
14805,S04806,2025-12-15,Social,Tablet,India,Checkout,2,1530,Yes,Pricing,No
14806,S04807,2025-02-03,Social,Tablet,India,Pricing,8,1784,No,Products,Yes
14807,S04808,2025-04-21,Social,Mobile,India,Checkout,4,383,No,Services,No
14808,S04809,2025-09-09,Social,Desktop,Germany,Pricing,15,1104,Yes,Pricing,Yes
14809,S04810,2025-03-29,Direct,Desktop,UK,Pricing,15,1343,Yes,Checkout,Yes
14810,S04811,2025-04-06,Direct,Tablet,UK,Pricing,10,1019,Yes,Contact,Yes
14811,S04812,2025-06-22,Social,Desktop,UK,Checkout,6,1137,Yes,Products,Yes
14812,S04813,2025-02-28,Email,Desktop,India,Products,10,1585,No,Pricing,Yes
14813,S04814,2025-05-01,Referral,Desktop,Australia,Pricing,14,348,Yes,Pricing,Yes
14814,S04815,2025-04-11,Referral,Tablet,Germany,Products,12,1011,Yes,Products,Yes
14815,S04816,2025-01-17,Social,Tablet,USA,Blog,9,44,No,Blog,No
14816,S04817,2025-06-09,Referral,Desktop,UK,Pricing,6,1072,No,Contact,Yes
14817,S04818,2025-05-17,Organic,Desktop,USA,Blog,8,1467,Yes,Products,Yes
14818,S04819,2025-04-27,Organic,Desktop,UK,Services,1,829,Yes,Products,No
14819,S04820,2025-09-04,Referral,Mobile,India,Services,10,915,No,Pricing,Yes
14820,S04821,2025-09-20,Organic,Mobile,Germany,Checkout,5,19,No,Services,No
14821,S04822,2025-07-09,Referral,Mobile,Australia,Home,13,172,No,Contact,No
14822,S04823,2025-07-14,Organic,Mobile,Canada,Pricing,4,1449,No,Home,No
14823,S04824,2025-07-17,Organic,Mobile,Canada,Home,2,638,Yes,Pricing,No
14824,S04825,2025-07-24,Organic,Desktop,UK,Services,10,350,No,Blog,Yes
14825,S04826,2025-03-31,Referral,Tablet,USA,Blog,6,538,No,Checkout,Yes
14826,S04827,2025-04-29,Referral,Desktop,India,Services,13,1741,Yes,Products,Yes
14827,S04828,2025-12-13,Social,Tablet,Germany,Services,5,1646,No,Services,No
14828,S04829,2025-07-01,Referral,Desktop,India,Home,14,1170,Yes,Home,Yes
14829,S04830,2025-02-17,Email,Desktop,Germany,Products,14,186,Yes,Blog,No
14830,S04831,2025-04-23,Email,Desktop,Australia,Blog,13,316,No,Contact,Yes
14831,S04832,2025-02-20,Referral,Tablet,USA,Blog,3,1424,Yes,Pricing,No
14832,S04833,2025-01-29,Email,Desktop,Germany,Contact,6,1357,No,Home,Yes
14833,S04834,2025-04-10,Social,Mobile,Germany,Pricing,13,1209,Yes,Blog,Yes
14834,S04835,2025-01-17,Email,Mobile,India,Products,11,748,No,Checkout,Yes
14835,S04836,2025-05-13,Organic,Mobile,UK,Checkout,12,1629,No,Pricing,Yes
14836,S04837,2025-08-31,Referral,Mobile,India,Contact,5,396,No,Products,No
14837,S04838,2025-10-20,Social,Tablet,Germany,Pricing,13,1007,No,Contact,Yes
14838,S04839,2025-04-03,Email,Desktop,UK,Services,2,634,No,Blog,No
14839,S04840,2025-05-31,Direct,Mobile,Germany,Checkout,10,684,No,Checkout,Yes
14840,S04841,2025-07-01,Referral,Mobile,Canada,Services,12,1439,Yes,Pricing,Yes
14841,S04842,2025-02-27,Referral,Tablet,Germany,Checkout,1,34,Yes,Home,No
14842,S04843,2025-04-15,Social,Desktop,Canada,Pricing,11,925,No,Contact,Yes
14843,S04844,2025-10-27,Direct,Mobile,UK,Contact,13,663,Yes,Checkout,Yes
14844,S04845,2025-04-19,Email,Mobile,USA,Blog,7,1467,No,Contact,Yes
14845,S04846,2025-09-07,Organic,Tablet,Germany,Checkout,9,1251,Yes,Home,Yes
14846,S04847,2025-01-07,Referral,Tablet,India,Products,2,921,No,Contact,No
14847,S04848,2025-08-18,Referral,Mobile,Germany,Contact,11,701,Yes,Home,Yes
14848,S04849,2025-10-17,Social,Tablet,UK,Home,14,564,No,Products,Yes
14849,S04850,2025-11-23,Direct,Desktop,Germany,Services,11,1455,Yes,Checkout,Yes
14850,S04851,2025-10-05,Direct,Tablet,USA,Blog,15,1676,Yes,Contact,Yes
14851,S04852,2025-08-30,Social,Desktop,Germany,Blog,9,1668,Yes,Contact,Yes
14852,S04853,2025-03-12,Referral,Desktop,Canada,Services,4,108,No,Contact,No
14853,S04854,2025-02-12,Social,Tablet,Australia,Products,8,206,Yes,Checkout,No
14854,S04855,2025-08-28,Organic,Tablet,Australia,Checkout,9,1782,No,Home,Yes
14855,S04856,2025-01-02,Referral,Tablet,Australia,Home,15,1487,Yes,Blog,Yes
14856,S04857,2025-06-03,Referral,Desktop,UK,Blog,2,165,Yes,Home,No
14857,S04858,2025-09-16,Direct,Mobile,Australia,Blog,10,1763,No,Checkout,Yes
14858,S04859,2025-06-04,Referral,Mobile,Germany,Checkout,5,363,No,Contact,No
14859,S04860,2025-09-12,Referral,Desktop,Australia,Contact,3,503,No,Blog,No
14860,S04861,2025-08-29,Email,Tablet,India,Contact,1,125,Yes,Products,No
14861,S04862,2025-03-30,Social,Mobile,USA,Home,6,506,Yes,Pricing,Yes
14862,S04863,2025-03-26,Referral,Desktop,Australia,Pricing,3,1556,Yes,Pricing,No
14863,S04864,2025-07-27,Referral,Tablet,India,Products,7,1373,No,Services,Yes
14864,S04865,2025-04-15,Email,Mobile,Australia,Contact,15,1482,No,Blog,Yes
14865,S04866,2025-06-07,Referral,Tablet,Australia,Products,2,849,Yes,Checkout,No
14866,S04867,2025-01-08,Direct,Tablet,Germany,Blog,12,12,Yes,Checkout,No
14867,S04868,2025-10-31,Organic,Desktop,India,Checkout,13,1544,Yes,Blog,Yes
14868,S04869,2025-02-01,Email,Tablet,Australia,Checkout,9,1600,No,Contact,Yes
14869,S04870,2025-08-11,Email,Mobile,USA,Home,12,1574,No,Checkout,Yes
14870,S04871,2025-12-28,Organic,Tablet,Australia,Products,14,1637,No,Pricing,Yes
14871,S04872,2025-03-21,Referral,Desktop,Germany,Services,5,1226,No,Checkout,No
14872,S04873,2025-04-01,Email,Desktop,UK,Home,7,1411,No,Checkout,Yes
14873,S04874,2025-05-18,Social,Desktop,UK,Blog,5,1388,Yes,Blog,No
14874,S04875,2025-07-04,Social,Mobile,Australia,Pricing,8,819,Yes,Pricing,Yes
14875,S04876,2025-10-28,Social,Desktop,Canada,Pricing,2,924,No,Home,No
14876,S04877,2025-01-21,Direct,Desktop,UK,Checkout,14,1661,Yes,Checkout,Yes
14877,S04878,2025-04-06,Referral,Mobile,Canada,Pricing,3,134,Yes,Home,No
14878,S04879,2025-07-19,Social,Desktop,USA,Services,4,266,No,Products,No
14879,S04880,2025-11-10,Organic,Desktop,UK,Checkout,4,30,Yes,Contact,No
14880,S04881,2025-06-21,Organic,Desktop,Australia,Services,7,475,Yes,Contact,Yes
14881,S04882,2025-08-27,Referral,Tablet,Canada,Services,3,566,Yes,Products,No
14882,S04883,2025-10-13,Direct,Desktop,Germany,Pricing,6,1460,Yes,Home,Yes
14883,S04884,2025-07-03,Direct,Desktop,Germany,Checkout,12,1645,No,Pricing,Yes
14884,S04885,2025-04-10,Direct,Desktop,Canada,Products,15,437,Yes,Services,Yes
14885,S04886,2025-09-30,Social,Tablet,Canada,Products,3,316,Yes,Blog,No
14886,S04887,2025-04-23,Referral,Tablet,USA,Products,3,1620,No,Checkout,No
14887,S04888,2025-02-22,Organic,Mobile,USA,Contact,10,435,No,Checkout,Yes
14888,S04889,2025-12-24,Organic,Mobile,Australia,Contact,13,1511,No,Products,Yes
14889,S04890,2025-05-09,Organic,Mobile,Germany,Blog,11,435,Yes,Services,Yes
14890,S04891,2025-04-30,Direct,Tablet,India,Contact,4,401,Yes,Pricing,No
14891,S04892,2025-07-24,Organic,Mobile,UK,Contact,5,761,No,Pricing,No
14892,S04893,2025-05-18,Referral,Mobile,Canada,Home,11,35,No,Checkout,No
14893,S04894,2025-12-13,Organic,Desktop,Canada,Pricing,15,1417,No,Pricing,Yes
14894,S04895,2025-11-18,Referral,Desktop,UK,Checkout,1,1346,Yes,Contact,No
14895,S04896,2025-06-04,Direct,Mobile,UK,Blog,6,639,Yes,Blog,Yes
14896,S04897,2025-03-22,Referral,Desktop,India,Services,10,1379,Yes,Contact,Yes
14897,S04898,2025-08-19,Direct,Tablet,Australia,Blog,3,1298,No,Pricing,No
14898,S04899,2025-03-09,Email,Tablet,USA,Contact,4,548,Yes,Products,No
14899,S04900,2025-11-11,Email,Desktop,Germany,Contact,10,945,Yes,Contact,Yes
14900,S04901,2025-12-22,Social,Mobile,USA,Products,4,174,Yes,Pricing,No
14901,S04902,2025-10-25,Referral,Desktop,UK,Checkout,9,776,Yes,Contact,Yes
14902,S04903,2025-01-16,Direct,Desktop,India,Blog,11,1499,No,Blog,Yes
14903,S04904,2025-11-29,Email,Desktop,Germany,Contact,15,1518,Yes,Blog,Yes
14904,S04905,2025-04-25,Social,Desktop,Canada,Blog,11,947,Yes,Checkout,Yes
14905,S04906,2025-10-18,Email,Tablet,Australia,Blog,5,1707,Yes,Products,No
14906,S04907,2025-07-03,Email,Mobile,Germany,Home,9,1205,Yes,Pricing,Yes
14907,S04908,2025-06-08,Direct,Desktop,Canada,Products,6,389,Yes,Home,Yes
14908,S04909,2025-10-17,Referral,Mobile,Germany,Blog,6,731,No,Products,Yes
14909,S04910,2025-08-01,Direct,Tablet,Australia,Services,10,1395,No,Pricing,Yes
14910,S04911,2025-04-13,Email,Tablet,UK,Services,5,24,No,Blog,No
14911,S04912,2025-12-06,Social,Mobile,India,Blog,6,901,Yes,Pricing,Yes
14912,S04913,2025-01-17,Organic,Mobile,Germany,Checkout,8,454,Yes,Home,Yes
14913,S04914,2025-08-28,Direct,Desktop,Germany,Blog,11,309,Yes,Contact,Yes
14914,S04915,2025-06-29,Referral,Tablet,Canada,Products,12,353,Yes,Products,Yes
14915,S04916,2025-05-26,Email,Desktop,UK,Pricing,12,428,Yes,Pricing,Yes
14916,S04917,2025-12-08,Referral,Mobile,India,Pricing,2,882,Yes,Home,No
14917,S04918,2025-06-04,Email,Tablet,Canada,Blog,10,31,Yes,Contact,No
14918,S04919,2025-03-20,Referral,Desktop,UK,Checkout,8,435,No,Checkout,Yes
14919,S04920,2025-10-20,Direct,Tablet,Canada,Pricing,13,1152,No,Pricing,Yes
14920,S04921,2025-05-24,Organic,Desktop,Canada,Checkout,6,1300,Yes,Checkout,Yes
14921,S04922,2025-12-10,Organic,Tablet,USA,Blog,14,1272,Yes,Blog,Yes
14922,S04923,2025-12-29,Social,Tablet,Australia,Home,5,1589,Yes,Services,No
14923,S04924,2025-09-09,Direct,Tablet,UK,Blog,6,1548,No,Pricing,Yes
14924,S04925,2025-05-11,Referral,Mobile,Germany,Products,14,624,No,Checkout,Yes
14925,S04926,2025-12-31,Social,Mobile,Australia,Pricing,9,126,Yes,Contact,No
14926,S04927,2025-08-12,Social,Mobile,Australia,Products,6,806,No,Pricing,Yes
14927,S04928,2025-08-19,Referral,Mobile,Australia,Pricing,13,630,Yes,Blog,Yes
14928,S04929,2025-05-16,Social,Mobile,Australia,Checkout,5,512,No,Pricing,No
14929,S04930,2025-04-20,Email,Mobile,Canada,Products,6,1277,No,Home,Yes
14930,S04931,2025-01-24,Email,Tablet,Germany,Pricing,3,500,No,Services,No
14931,S04932,2025-11-08,Direct,Desktop,USA,Services,7,1652,Yes,Services,Yes
14932,S04933,2025-07-27,Email,Desktop,USA,Home,5,1092,Yes,Checkout,No
14933,S04934,2025-07-02,Referral,Mobile,USA,Pricing,2,1414,No,Home,No
14934,S04935,2025-10-07,Organic,Mobile,UK,Checkout,1,1077,Yes,Services,No
14935,S04936,2025-05-29,Referral,Desktop,India,Services,7,1283,Yes,Products,Yes
14936,S04937,2025-05-13,Referral,Desktop,Canada,Blog,8,834,Yes,Contact,Yes
14937,S04938,2025-08-07,Organic,Mobile,USA,Home,12,177,No,Home,No
14938,S04939,2025-10-22,Referral,Tablet,UK,Services,13,496,No,Contact,Yes
14939,S04940,2025-12-26,Organic,Tablet,Australia,Contact,9,1466,Yes,Home,Yes
14940,S04941,2025-06-04,Organic,Desktop,Australia,Pricing,13,1706,Yes,Products,Yes
14941,S04942,2025-03-09,Email,Desktop,Germany,Contact,4,773,No,Home,No
14942,S04943,2025-04-25,Email,Desktop,UK,Contact,2,1678,Yes,Checkout,No
14943,S04944,2025-03-27,Email,Desktop,Canada,Products,14,63,Yes,Home,No
14944,S04945,2025-02-05,Direct,Desktop,UK,Checkout,15,73,No,Home,No
14945,S04946,2025-07-11,Email,Mobile,Canada,Contact,9,199,Yes,Pricing,No
14946,S04947,2025-10-18,Email,Mobile,USA,Blog,5,1254,No,Home,No
14947,S04948,2025-06-22,Organic,Tablet,India,Contact,15,739,Yes,Checkout,Yes
14948,S04949,2025-07-30,Email,Desktop,India,Pricing,15,1190,No,Checkout,Yes
14949,S04950,2025-02-09,Referral,Mobile,Australia,Home,11,1018,No,Pricing,Yes
14950,S04951,2025-04-15,Direct,Tablet,Germany,Checkout,3,1233,No,Home,No
14951,S04952,2025-02-21,Email,Desktop,India,Products,8,1447,Yes,Products,Yes
14952,S04953,2025-02-08,Direct,Desktop,Australia,Services,14,297,Yes,Products,No
14953,S04954,2025-05-16,Organic,Tablet,India,Checkout,1,1162,Yes,Products,No
14954,S04955,2025-12-13,Organic,Desktop,Canada,Services,8,1797,No,Blog,Yes
14955,S04956,2025-08-18,Social,Tablet,India,Blog,3,1477,No,Home,No
14956,S04957,2025-04-03,Referral,Tablet,USA,Contact,2,1424,Yes,Contact,No
14957,S04958,2025-07-18,Email,Desktop,India,Blog,4,131,No,Blog,No
14958,S04959,2025-03-28,Organic,Mobile,Australia,Blog,11,201,Yes,Checkout,No
14959,S04960,2025-10-05,Organic,Mobile,Germany,Contact,11,139,Yes,Checkout,No
14960,S04961,2025-11-27,Direct,Tablet,Australia,Checkout,11,1465,Yes,Products,Yes
14961,S04962,2025-06-16,Social,Tablet,Germany,Pricing,1,382,Yes,Checkout,No
14962,S04963,2025-03-11,Organic,Desktop,USA,Products,8,1199,Yes,Checkout,Yes
14963,S04964,2025-12-06,Social,Tablet,Canada,Pricing,5,1681,Yes,Checkout,No
14964,S04965,2025-12-27,Referral,Tablet,India,Pricing,1,1203,Yes,Checkout,No
14965,S04966,2025-10-08,Organic,Desktop,UK,Home,7,1771,No,Products,Yes
14966,S04967,2025-03-14,Organic,Mobile,Canada,Home,2,143,Yes,Blog,No
14967,S04968,2025-02-22,Email,Mobile,UK,Services,13,571,No,Checkout,Yes
14968,S04969,2025-12-26,Organic,Tablet,Australia,Blog,1,1118,Yes,Home,No
14969,S04970,2025-10-10,Direct,Desktop,Canada,Pricing,5,88,No,Services,No
14970,S04971,2025-06-30,Organic,Desktop,India,Pricing,5,1169,No,Checkout,No
14971,S04972,2025-01-18,Referral,Mobile,Germany,Blog,15,1037,No,Services,Yes
14972,S04973,2025-11-01,Email,Mobile,Germany,Pricing,7,895,No,Pricing,Yes
14973,S04974,2025-09-07,Social,Mobile,Australia,Services,11,93,Yes,Services,No
14974,S04975,2025-11-13,Organic,Desktop,Australia,Services,3,1372,No,Checkout,No
14975,S04976,2025-08-09,Direct,Desktop,USA,Contact,11,917,No,Blog,Yes
14976,S04977,2025-07-19,Email,Mobile,Australia,Checkout,7,1551,No,Products,Yes
14977,S04978,2025-07-20,Social,Desktop,USA,Pricing,1,206,Yes,Contact,No
14978,S04979,2025-08-29,Social,Tablet,Germany,Blog,7,262,No,Pricing,No
14979,S04980,2025-03-10,Referral,Mobile,Australia,Checkout,15,39,No,Blog,No
14980,S04981,2025-07-19,Referral,Mobile,Germany,Pricing,2,257,No,Blog,No
14981,S04982,2025-04-08,Social,Tablet,Australia,Products,1,1582,Yes,Services,No
14982,S04983,2025-10-08,Email,Tablet,Germany,Blog,13,829,No,Contact,Yes
14983,S04984,2025-07-22,Social,Desktop,USA,Checkout,1,265,Yes,Blog,No
14984,S04985,2025-12-17,Social,Mobile,USA,Home,12,1015,No,Checkout,Yes
14985,S04986,2025-03-09,Direct,Mobile,Germany,Products,15,1028,No,Products,Yes
14986,S04987,2025-04-14,Social,Mobile,UK,Checkout,5,377,No,Checkout,No
14987,S04988,2025-09-24,Social,Tablet,Australia,Checkout,1,11,Yes,Pricing,No
14988,S04989,2025-07-19,Organic,Desktop,USA,Home,5,1239,No,Checkout,No
14989,S04990,2025-03-18,Organic,Tablet,UK,Contact,1,705,Yes,Products,No
14990,S04991,2025-02-14,Direct,Tablet,India,Pricing,6,417,No,Services,Yes
14991,S04992,2025-01-09,Social,Tablet,Australia,Products,15,857,No,Contact,Yes
14992,S04993,2025-03-18,Direct,Tablet,Germany,Contact,3,506,Yes,Home,No
14993,S04994,2025-03-17,Email,Desktop,UK,Contact,10,184,Yes,Contact,No
14994,S04995,2025-05-22,Organic,Desktop,India,Checkout,2,1633,No,Pricing,No
14995,S04996,2025-12-22,Direct,Tablet,Germany,Blog,4,553,No,Pricing,No
14996,S04997,2025-03-19,Social,Mobile,USA,Home,13,1124,Yes,Blog,Yes
14997,S04998,2025-03-17,Direct,Mobile,USA,Blog,15,1097,Yes,Pricing,Yes
14998,S04999,2025-01-08,Organic,Tablet,Australia,Blog,2,1347,Yes,Checkout,No
14999,S05000,2025-07-29,Social,Desktop,Australia,Checkout,5,343,No,Checkout,No
